transaction_id,customer_id,transaction_date,transaction_hour,merchant_category,transaction_amount,is_foreign,distance_from_home_km,account_age_days,is_fraud
TXN200000,CUST10175,2026-08-11,6,Grocery,35.47,0,1.5,748,0
TXN200001,CUST11220,2026-07-30,12,Dining,65.02,0,11.2,90,0
TXN200002,CUST10537,2026-09-20,8,Dining,69.67,0,3.5,383,0
TXN200003,CUST11603,2026-09-05,11,Online Retail,68.32,0,6.6,668,0
TXN200004,CUST10211,2026-09-06,5,Jewelry,1112.28,0,6.7,1233,0
TXN200005,CUST10919,2026-08-22,16,ATM Withdrawal,155.13,0,20.0,490,0
TXN200006,CUST11639,2026-09-02,16,Grocery,99.99,0,9.8,1094,0
TXN200007,CUST11372,2026-07-16,9,Dining,45.35,0,4.7,313,0
TXN200008,CUST10345,2026-07-19,5,Dining,41.75,0,13.0,338,0
TXN200009,CUST10366,2026-09-14,18,Online Retail,240.56,0,13.0,222,0
TXN200010,CUST10904,2026-07-09,16,ATM Withdrawal,323.31,0,9.3,671,0
TXN200011,CUST12022,2026-08-05,16,Online Retail,33.15,0,1.3,1058,0
TXN200012,CUST11092,2026-07-11,17,Fuel,50.31,0,9.9,309,0
TXN200013,CUST11456,2026-07-18,15,Fuel,93.0,1,7.0,42,0
TXN200014,CUST11919,2026-08-29,12,Dining,101.29,0,4.3,89,0
TXN200015,CUST10391,2026-07-16,20,Grocery,28.39,0,2.9,437,0
TXN200016,CUST11099,2026-08-16,6,ATM Withdrawal,175.12,0,12.2,256,0
TXN200017,CUST12298,2026-09-02,23,Grocery,168.63,0,1.9,46,0
TXN200018,CUST11349,2026-08-23,13,Travel,405.31,0,2.4,829,0
TXN200019,CUST11176,2026-07-03,13,ATM Withdrawal,286.78,0,3.9,87,0
TXN200020,CUST10183,2026-09-10,7,Grocery,59.55,0,4.1,1203,0
TXN200021,CUST10763,2026-08-11,13,Dining,88.88,0,9.4,214,0
TXN200022,CUST10290,2026-08-21,10,ATM Withdrawal,141.31,0,7.1,58,0
TXN200023,CUST10312,2026-07-14,14,Electronics,241.82,0,2.4,487,0
TXN200024,CUST12249,2026-07-31,21,Electronics,352.14,0,2.5,981,0
TXN200025,CUST11486,2026-07-16,19,Grocery,42.29,0,13.7,115,0
TXN200026,CUST10772,2026-07-01,13,Grocery,48.79,0,12.7,148,0
TXN200027,CUST11161,2026-07-22,12,Jewelry,1283.28,0,8.2,186,1
TXN200028,CUST11219,2026-08-10,10,Dining,28.25,0,13.7,975,0
TXN200029,CUST10944,2026-07-15,20,Electronics,170.18,0,4.9,63,0
TXN200030,CUST10257,2026-07-06,7,Grocery,62.88,0,2.1,68,0
TXN200031,CUST11728,2026-09-18,13,Online Retail,152.74,0,4.5,90,0
TXN200032,CUST12448,2026-08-25,1,Online Retail,57.97,0,15.4,168,0
TXN200033,CUST11951,2026-07-15,5,ATM Withdrawal,94.37,0,2.3,143,0
TXN200034,CUST11373,2026-08-16,16,Electronics,1055.51,0,2.0,333,0
TXN200035,CUST10764,2026-08-10,12,Travel,194.26,0,14.1,488,0
TXN200036,CUST11607,2026-07-05,13,Grocery,26.63,0,2.4,584,0
TXN200037,CUST12327,2026-07-09,13,Grocery,57.59,0,1.4,288,0
TXN200038,CUST11472,2026-08-21,21,Electronics,150.17,1,4.1,256,0
TXN200039,CUST11341,2026-08-19,7,Grocery,24.28,0,8.5,565,0
TXN200040,CUST11415,2026-08-06,23,ATM Withdrawal,174.36,0,12.2,34,0
TXN200041,CUST11175,2026-08-21,11,Dining,157.96,0,3.0,788,0
TXN200042,CUST10092,2026-09-05,16,Online Retail,110.28,0,2.6,242,0
TXN200043,CUST10759,2026-08-22,16,Dining,106.92,0,17.5,369,0
TXN200044,CUST11248,2026-07-14,23,Grocery,80.1,0,0.9,1070,0
TXN200045,CUST11685,2026-08-16,11,Dining,93.97,0,11.3,678,0
TXN200046,CUST12404,2026-07-09,13,Dining,31.35,0,0.3,230,0
TXN200047,CUST10931,2026-08-23,10,Fuel,51.7,0,12.8,176,0
TXN200048,CUST11243,2026-08-27,17,Fuel,24.9,0,4.3,487,0
TXN200049,CUST10481,2026-07-14,17,Fuel,41.18,0,33.4,784,0
TXN200050,CUST11043,2026-07-14,6,Grocery,66.27,0,13.1,302,0
TXN200051,CUST10787,2026-07-06,2,Electronics,323.19,0,6.8,308,0
TXN200052,CUST10033,2026-09-14,10,Travel,872.25,0,6.4,1277,0
TXN200053,CUST11310,2026-08-20,16,Dining,54.34,0,1.7,573,0
TXN200054,CUST11865,2026-07-14,8,ATM Withdrawal,341.08,1,6.1,895,0
TXN200055,CUST10989,2026-08-20,6,Grocery,94.19,0,8.0,17,0
TXN200056,CUST12001,2026-07-12,12,Online Retail,59.83,0,7.1,35,0
TXN200057,CUST11919,2026-08-14,10,Travel,531.0,0,4.8,366,0
TXN200058,CUST11439,2026-07-21,17,Online Retail,125.31,0,3.4,464,0
TXN200059,CUST11154,2026-07-20,14,Electronics,241.32,0,9.8,125,1
TXN200060,CUST11107,2026-08-07,13,Dining,26.76,0,26.8,351,0
TXN200061,CUST10402,2026-07-20,9,Dining,104.14,1,8.7,37,0
TXN200062,CUST12069,2026-09-26,10,ATM Withdrawal,259.39,0,8.1,1009,0
TXN200063,CUST11655,2026-09-14,15,Grocery,47.31,0,14.1,166,0
TXN200064,CUST12251,2026-08-27,17,Online Retail,115.06,0,2.2,291,0
TXN200065,CUST11978,2026-09-07,19,Grocery,34.74,0,3.4,394,0
TXN200066,CUST10047,2026-07-15,15,Jewelry,516.88,0,38.5,259,0
TXN200067,CUST10784,2026-07-03,18,Dining,45.41,0,11.5,472,0
TXN200068,CUST10349,2026-09-18,4,Fuel,56.56,0,15.6,9,0
TXN200069,CUST12155,2026-07-13,15,Electronics,501.53,0,2.9,52,0
TXN200070,CUST10393,2026-08-10,12,ATM Withdrawal,293.5,0,1.9,92,0
TXN200071,CUST10844,2026-08-20,10,ATM Withdrawal,87.21,0,7.8,1436,0
TXN200072,CUST11859,2026-08-07,21,Electronics,293.83,0,22.5,437,0
TXN200073,CUST10622,2026-09-08,15,Online Retail,66.67,0,5.1,145,0
TXN200074,CUST10654,2026-09-11,10,Travel,265.99,0,2.7,286,0
TXN200075,CUST10636,2026-09-08,20,Jewelry,1391.78,0,9.5,237,0
TXN200076,CUST10276,2026-08-31,12,Grocery,32.58,0,6.3,114,0
TXN200077,CUST10309,2026-09-11,8,Online Retail,267.09,0,24.2,64,0
TXN200078,CUST12044,2026-07-15,16,Grocery,34.11,0,22.6,116,0
TXN200079,CUST11935,2026-07-13,16,Travel,1565.23,0,5.1,15,0
TXN200080,CUST10827,2026-07-21,9,Online Retail,67.35,0,32.3,31,0
TXN200081,CUST12083,2026-07-28,20,Grocery,25.97,0,1.3,649,0
TXN200082,CUST11840,2026-09-23,22,Electronics,327.09,0,0.8,274,0
TXN200083,CUST12308,2026-09-23,19,Jewelry,650.68,0,3.9,58,0
TXN200084,CUST11835,2026-09-16,10,Fuel,72.74,0,3.6,35,0
TXN200085,CUST11498,2026-08-29,20,Travel,117.99,0,0.9,711,0
TXN200086,CUST11786,2026-09-26,20,Grocery,118.71,0,5.9,125,0
TXN200087,CUST10973,2026-09-25,14,Electronics,446.95,0,0.6,136,0
TXN200088,CUST12482,2026-07-18,19,Grocery,79.0,0,18.3,849,0
TXN200089,CUST10039,2026-09-25,10,Dining,35.2,0,3.5,280,0
TXN200090,CUST11155,2026-09-01,13,Online Retail,306.15,0,0.0,773,0
TXN200091,CUST11932,2026-08-25,14,Electronics,120.0,1,7.4,634,0
TXN200092,CUST10460,2026-07-30,12,Grocery,56.7,0,1.4,353,0
TXN200093,CUST10566,2026-06-29,10,Dining,186.43,0,11.7,90,0
TXN200094,CUST10678,2026-07-14,4,Jewelry,839.83,0,1.7,32,0
TXN200095,CUST10373,2026-07-13,19,Electronics,447.95,1,8.8,698,0
TXN200096,CUST10044,2026-09-10,5,Online Retail,212.36,0,3.0,929,0
TXN200097,CUST10647,2026-07-26,14,Grocery,64.75,0,15.5,109,0
TXN200098,CUST12026,2026-09-07,19,Online Retail,145.14,0,29.8,59,0
TXN200099,CUST10495,2026-09-06,11,Dining,22.0,0,9.3,234,0
TXN200100,CUST10197,2026-07-26,18,Dining,17.34,0,5.5,104,0
TXN200101,CUST12148,2026-08-26,23,Dining,57.87,0,1.1,297,0
TXN200102,CUST11001,2026-07-26,17,Dining,71.91,0,0.4,455,0
TXN200103,CUST10169,2026-08-20,20,Grocery,76.77,0,9.1,1375,0
TXN200104,CUST10029,2026-09-23,18,Grocery,42.99,0,8.4,472,0
TXN200105,CUST12330,2026-07-27,19,Grocery,34.55,0,0.9,348,0
TXN200106,CUST11856,2026-08-11,13,Grocery,84.41,1,21.9,165,0
TXN200107,CUST12238,2026-09-22,18,Fuel,79.53,0,3.7,359,0
TXN200108,CUST10726,2026-08-23,13,ATM Withdrawal,165.76,0,7.4,372,0
TXN200109,CUST11762,2026-08-29,5,Electronics,405.77,0,12.2,38,0
TXN200110,CUST10646,2026-07-29,23,Grocery,34.34,0,8.1,153,0
TXN200111,CUST11954,2026-09-10,16,Online Retail,93.35,0,5.6,25,0
TXN200112,CUST10443,2026-08-23,15,Electronics,577.22,1,3.1,74,0
TXN200113,CUST10106,2026-08-29,12,Fuel,41.07,0,5.8,350,0
TXN200114,CUST11908,2026-07-24,15,ATM Withdrawal,207.94,0,1.0,886,0
TXN200115,CUST11373,2026-08-23,0,Dining,92.07,0,2.3,528,0
TXN200116,CUST10486,2026-09-13,8,Dining,50.05,0,0.3,109,0
TXN200117,CUST11258,2026-08-07,17,Online Retail,215.86,0,2.3,430,0
TXN200118,CUST10049,2026-08-25,10,Dining,233.69,0,12.5,370,0
TXN200119,CUST11462,2026-09-21,10,ATM Withdrawal,83.36,1,4.6,1542,0
TXN200120,CUST11356,2026-08-21,12,Travel,635.63,0,5.2,151,0
TXN200121,CUST11641,2026-07-02,7,ATM Withdrawal,127.76,1,3.5,347,0
TXN200122,CUST11000,2026-09-17,7,Online Retail,115.7,0,5.9,7,0
TXN200123,CUST10988,2026-07-26,17,Fuel,14.28,0,10.1,173,0
TXN200124,CUST10182,2026-09-23,21,Dining,70.12,1,6.3,141,0
TXN200125,CUST11711,2026-07-02,14,Fuel,58.67,0,1.8,129,0
TXN200126,CUST12469,2026-07-03,13,ATM Withdrawal,144.55,0,8.9,98,0
TXN200127,CUST11685,2026-07-02,10,Grocery,99.7,1,25.5,1005,0
TXN200128,CUST10233,2026-07-29,13,Fuel,39.36,0,1.2,86,0
TXN200129,CUST12379,2026-07-05,23,Online Retail,67.99,0,8.8,444,0
TXN200130,CUST12273,2026-09-13,13,Grocery,16.72,0,4.0,221,0
TXN200131,CUST10469,2026-07-14,18,Online Retail,248.56,0,5.2,179,0
TXN200132,CUST10085,2026-07-22,10,ATM Withdrawal,207.98,0,1.1,456,0
TXN200133,CUST11694,2026-07-09,20,Fuel,43.29,0,0.9,322,0
TXN200134,CUST11848,2026-09-22,14,Jewelry,752.44,0,9.0,396,0
TXN200135,CUST11843,2026-07-20,15,Grocery,18.94,0,17.4,572,0
TXN200136,CUST12295,2026-07-02,14,Grocery,35.38,0,6.9,313,0
TXN200137,CUST11207,2026-08-31,9,Dining,78.79,0,32.3,99,0
TXN200138,CUST11100,2026-09-24,8,Dining,88.37,0,0.2,1240,0
TXN200139,CUST10932,2026-07-25,17,Online Retail,224.52,0,20.6,271,0
TXN200140,CUST11735,2026-07-17,18,Fuel,49.1,0,10.9,1070,0
TXN200141,CUST12133,2026-09-08,15,Grocery,62.94,0,0.9,139,0
TXN200142,CUST11722,2026-09-05,9,Grocery,30.62,0,18.2,218,0
TXN200143,CUST11833,2026-09-02,15,Travel,590.01,0,2.6,67,0
TXN200144,CUST11254,2026-07-07,20,Electronics,268.7,0,13.3,589,0
TXN200145,CUST10911,2026-09-17,17,Jewelry,992.17,0,4.4,183,0
TXN200146,CUST10850,2026-07-03,7,Online Retail,151.83,0,3.5,242,0
TXN200147,CUST10575,2026-08-31,13,ATM Withdrawal,151.78,0,1.9,229,0
TXN200148,CUST11948,2026-08-29,13,Fuel,63.95,0,1.8,45,0
TXN200149,CUST12448,2026-07-13,16,Electronics,214.68,0,8.7,1085,0
TXN200150,CUST10288,2026-07-11,16,Grocery,13.97,0,0.6,29,0
TXN200151,CUST10161,2026-07-22,8,Dining,88.92,0,7.1,457,0
TXN200152,CUST10045,2026-07-13,11,Grocery,19.02,0,2.9,309,0
TXN200153,CUST11960,2026-08-25,7,Dining,48.49,0,19.7,508,0
TXN200154,CUST11652,2026-09-03,10,Jewelry,531.49,0,13.2,29,0
TXN200155,CUST10475,2026-08-05,16,Jewelry,424.47,0,1.2,254,0
TXN200156,CUST12446,2026-09-08,11,Online Retail,70.06,0,2.7,975,0
TXN200157,CUST12093,2026-07-05,13,Grocery,46.36,0,5.3,421,0
TXN200158,CUST10873,2026-07-02,10,Grocery,28.12,0,0.4,218,0
TXN200159,CUST10290,2026-07-03,13,Dining,91.6,0,12.9,7,0
TXN200160,CUST12231,2026-06-29,6,Electronics,442.38,0,3.1,227,0
TXN200161,CUST12278,2026-07-13,16,Dining,32.63,0,6.5,280,0
TXN200162,CUST10914,2026-07-23,12,Dining,67.12,0,1.3,304,0
TXN200163,CUST10265,2026-09-03,16,Grocery,103.5,0,15.3,189,0
TXN200164,CUST11993,2026-08-23,14,Online Retail,95.11,0,26.3,429,0
TXN200165,CUST10269,2026-09-23,9,Travel,801.74,0,12.6,985,0
TXN200166,CUST12049,2026-08-24,19,Online Retail,56.97,0,17.3,1326,0
TXN200167,CUST11311,2026-08-07,20,Online Retail,140.74,0,6.8,360,0
TXN200168,CUST10910,2026-08-15,15,Dining,270.9,0,2.6,111,0
TXN200169,CUST12256,2026-07-07,15,Grocery,25.44,0,2.1,87,0
TXN200170,CUST10560,2026-09-18,15,Fuel,73.64,1,1.4,80,0
TXN200171,CUST11006,2026-07-12,11,Travel,649.44,0,11.6,398,1
TXN200172,CUST11185,2026-09-06,11,Grocery,168.41,0,18.3,1510,0
TXN200173,CUST12005,2026-09-02,18,Dining,53.79,0,1.6,286,0
TXN200174,CUST12303,2026-09-19,12,Grocery,43.31,0,3.3,522,0
TXN200175,CUST11850,2026-09-06,13,Grocery,43.07,0,11.3,180,0
TXN200176,CUST12046,2026-08-31,8,Electronics,640.86,0,11.1,355,0
TXN200177,CUST11460,2026-07-05,23,Jewelry,1494.09,0,10.5,1258,0
TXN200178,CUST10156,2026-09-05,17,Grocery,128.88,0,1.7,12,0
TXN200179,CUST12476,2026-07-30,11,Fuel,70.66,1,10.9,721,0
TXN200180,CUST11790,2026-07-14,23,Dining,27.67,0,13.9,18,0
TXN200181,CUST11372,2026-08-21,11,Dining,82.28,0,8.2,2086,0
TXN200182,CUST12191,2026-08-29,17,Online Retail,252.07,0,12.0,105,0
TXN200183,CUST11664,2026-06-30,6,Grocery,116.55,0,7.9,19,0
TXN200184,CUST11255,2026-07-07,15,Electronics,349.39,0,5.1,586,0
TXN200185,CUST12488,2026-07-03,20,Online Retail,28.49,0,0.7,162,0
TXN200186,CUST10994,2026-09-07,5,Grocery,128.79,0,4.9,508,0
TXN200187,CUST10176,2026-09-03,12,Grocery,39.43,0,8.9,216,0
TXN200188,CUST11451,2026-09-09,3,Dining,63.05,0,31.5,258,0
TXN200189,CUST10917,2026-09-24,13,Grocery,31.88,1,18.2,502,0
TXN200190,CUST12192,2026-07-03,7,Travel,564.4,0,6.0,342,0
TXN200191,CUST12025,2026-07-06,13,Grocery,18.83,0,1.6,306,0
TXN200192,CUST10011,2026-07-21,11,Grocery,12.49,0,7.4,5,0
TXN200193,CUST10808,2026-07-28,17,Electronics,366.63,0,0.7,141,0
TXN200194,CUST11572,2026-08-09,5,Dining,179.54,0,2.9,335,0
TXN200195,CUST10069,2026-09-11,16,Fuel,79.38,0,10.8,1072,0
TXN200196,CUST11948,2026-08-31,9,Dining,49.7,1,3.5,269,0
TXN200197,CUST12097,2026-07-20,17,Dining,21.37,0,5.0,836,0
TXN200198,CUST10366,2026-09-02,9,Online Retail,106.56,0,6.4,84,0
TXN200199,CUST12484,2026-09-08,19,Grocery,105.93,0,0.9,450,0
TXN200200,CUST12032,2026-07-13,18,Grocery,76.35,0,0.6,873,0
TXN200201,CUST10647,2026-09-17,20,Dining,26.58,0,5.9,118,0
TXN200202,CUST12140,2026-08-30,11,Travel,419.08,0,7.6,251,0
TXN200203,CUST11519,2026-08-11,18,Travel,233.98,0,5.9,1897,0
TXN200204,CUST11850,2026-08-26,6,Electronics,226.8,1,10.4,118,1
TXN200205,CUST10559,2026-08-13,14,Fuel,28.27,0,7.9,12,0
TXN200206,CUST11662,2026-08-01,17,Dining,90.07,0,1.3,107,0
TXN200207,CUST10958,2026-09-13,15,Electronics,724.59,0,10.2,98,0
TXN200208,CUST10461,2026-08-23,19,Online Retail,133.48,0,9.7,726,0
TXN200209,CUST11129,2026-09-01,8,Dining,57.21,0,11.6,906,0
TXN200210,CUST11101,2026-07-03,16,Fuel,37.47,0,4.2,318,0
TXN200211,CUST11091,2026-07-25,11,Electronics,408.47,0,2.1,1358,0
TXN200212,CUST11927,2026-09-20,5,Dining,33.9,0,1.4,719,0
TXN200213,CUST11440,2026-08-07,13,Travel,614.32,0,20.0,1146,0
TXN200214,CUST10331,2026-09-19,7,Grocery,81.63,0,20.8,175,0
TXN200215,CUST10230,2026-09-07,13,Grocery,30.78,0,8.5,1046,0
TXN200216,CUST10607,2026-09-25,5,Grocery,25.31,0,6.4,937,0
TXN200217,CUST10763,2026-09-01,8,Fuel,98.33,0,3.6,61,0
TXN200218,CUST12126,2026-09-17,14,Dining,58.06,0,14.1,50,0
TXN200219,CUST12475,2026-07-08,15,Online Retail,88.52,0,6.8,148,0
TXN200220,CUST11612,2026-07-22,7,Grocery,44.64,0,19.1,163,0
TXN200221,CUST11658,2026-09-19,14,Grocery,53.84,0,0.6,8,0
TXN200222,CUST12016,2026-08-15,6,Grocery,41.34,0,20.1,183,0
TXN200223,CUST12428,2026-09-19,15,Grocery,42.74,0,3.8,812,0
TXN200224,CUST10520,2026-09-20,14,Dining,106.02,0,5.4,575,0
TXN200225,CUST11716,2026-08-04,14,ATM Withdrawal,170.68,0,0.0,163,0
TXN200226,CUST11630,2026-09-09,9,Fuel,19.54,0,27.0,665,0
TXN200227,CUST11743,2026-09-09,15,Online Retail,182.55,0,2.2,117,0
TXN200228,CUST12454,2026-08-20,13,Electronics,1419.47,0,0.6,415,0
TXN200229,CUST10184,2026-08-10,7,Electronics,134.99,0,3.4,400,0
TXN200230,CUST12229,2026-08-15,13,Online Retail,96.69,1,19.1,232,0
TXN200231,CUST11570,2026-07-31,11,Electronics,364.33,0,13.1,132,0
TXN200232,CUST11804,2026-07-18,18,Fuel,37.13,1,7.8,229,0
TXN200233,CUST10260,2026-09-17,8,Jewelry,342.07,0,0.9,1571,0
TXN200234,CUST10044,2026-07-12,14,Grocery,45.23,1,9.6,514,0
TXN200235,CUST11335,2026-07-25,18,Electronics,822.46,0,0.9,223,0
TXN200236,CUST11300,2026-07-23,12,Jewelry,696.91,0,1.3,136,0
TXN200237,CUST10811,2026-09-24,10,Jewelry,2831.18,0,6.0,203,0
TXN200238,CUST12481,2026-08-09,8,Grocery,52.28,0,9.9,80,0
TXN200239,CUST12322,2026-08-12,5,Grocery,18.13,0,1.5,165,0
TXN200240,CUST12232,2026-09-10,16,ATM Withdrawal,290.73,0,6.8,37,0
TXN200241,CUST11970,2026-09-08,23,Online Retail,104.6,0,3.9,155,0
TXN200242,CUST12169,2026-09-12,15,Online Retail,121.75,0,2.6,143,0
TXN200243,CUST10018,2026-07-22,12,Fuel,31.15,0,3.0,215,0
TXN200244,CUST10247,2026-07-01,14,Grocery,96.98,0,4.2,260,0
TXN200245,CUST10005,2026-07-14,6,ATM Withdrawal,360.21,0,6.5,439,0
TXN200246,CUST11669,2026-09-16,9,Fuel,39.68,1,6.7,160,0
TXN200247,CUST11862,2026-07-07,17,Dining,79.13,0,0.1,100,0
TXN200248,CUST11424,2026-07-17,14,Dining,61.21,0,1.0,923,0
TXN200249,CUST10938,2026-08-29,17,Fuel,21.07,0,2.2,43,0
TXN200250,CUST11270,2026-09-13,8,Dining,158.2,0,1.9,451,0
TXN200251,CUST10942,2026-07-13,20,Dining,51.04,0,6.1,91,0
TXN200252,CUST10238,2026-07-25,11,Online Retail,133.98,0,1.7,107,0
TXN200253,CUST12150,2026-09-01,14,Online Retail,146.56,0,3.8,168,0
TXN200254,CUST11741,2026-07-18,10,Grocery,27.99,0,0.0,166,0
TXN200255,CUST11474,2026-07-07,18,Online Retail,136.2,0,12.4,1111,0
TXN200256,CUST10908,2026-09-13,14,Dining,64.0,0,2.2,238,0
TXN200257,CUST11112,2026-09-04,12,Grocery,35.03,0,3.1,337,0
TXN200258,CUST10091,2026-09-08,8,Dining,54.81,1,12.0,525,0
TXN200259,CUST11019,2026-07-04,9,Dining,104.03,0,13.0,5,0
TXN200260,CUST12487,2026-09-11,12,Grocery,68.05,1,11.4,1011,0
TXN200261,CUST10494,2026-08-03,23,Fuel,44.3,0,0.7,81,0
TXN200262,CUST11404,2026-08-15,8,Electronics,285.39,0,10.9,293,0
TXN200263,CUST10645,2026-08-13,19,Dining,60.17,0,10.7,195,0
TXN200264,CUST10104,2026-07-23,6,Grocery,50.59,0,8.3,681,0
TXN200265,CUST10605,2026-07-26,23,Online Retail,35.26,0,0.7,185,0
TXN200266,CUST12121,2026-09-24,9,Online Retail,204.95,0,6.0,793,0
TXN200267,CUST10695,2026-07-10,17,Electronics,1054.39,0,13.0,167,0
TXN200268,CUST12343,2026-08-06,9,Electronics,154.66,0,0.3,462,0
TXN200269,CUST11230,2026-09-04,11,Electronics,185.01,0,37.6,96,0
TXN200270,CUST10966,2026-07-08,12,Online Retail,108.63,0,1.6,232,0
TXN200271,CUST11214,2026-07-17,8,Online Retail,82.17,0,7.1,251,0
TXN200272,CUST11410,2026-06-29,8,Grocery,49.73,0,2.1,825,0
TXN200273,CUST10342,2026-09-03,9,Electronics,415.54,0,6.8,902,0
TXN200274,CUST11265,2026-08-07,15,Fuel,27.49,0,9.1,152,0
TXN200275,CUST10814,2026-08-31,8,Grocery,79.48,0,7.6,131,0
TXN200276,CUST11289,2026-09-26,18,Jewelry,1154.82,0,1.0,224,1
TXN200277,CUST10916,2026-07-24,12,ATM Withdrawal,232.05,0,21.2,680,0
TXN200278,CUST11891,2026-08-19,3,Online Retail,108.02,0,4.9,29,0
TXN200279,CUST11941,2026-08-17,21,Fuel,129.84,0,24.3,1313,0
TXN200280,CUST10896,2026-07-02,15,Grocery,87.02,0,7.1,663,0
TXN200281,CUST10212,2026-09-20,13,Grocery,53.02,0,4.1,643,0
TXN200282,CUST10545,2026-08-10,3,Grocery,29.36,0,4.1,318,0
TXN200283,CUST11557,2026-07-23,8,Dining,263.87,0,3.6,180,0
TXN200284,CUST11858,2026-07-01,5,Dining,46.97,0,2.4,1943,0
TXN200285,CUST12315,2026-08-12,7,Dining,59.65,0,7.3,743,0
TXN200286,CUST12351,2026-08-24,13,Travel,2280.95,0,0.7,664,0
TXN200287,CUST11789,2026-07-27,15,Fuel,76.89,0,21.3,76,0
TXN200288,CUST10821,2026-08-25,20,Dining,143.32,0,6.4,1035,0
TXN200289,CUST10405,2026-09-10,13,Jewelry,191.46,0,6.9,80,0
TXN200290,CUST12174,2026-09-25,12,Grocery,61.85,0,5.0,47,0
TXN200291,CUST11299,2026-08-02,12,Grocery,21.32,0,17.1,557,0
TXN200292,CUST10434,2026-08-02,17,Grocery,21.05,0,3.2,940,0
TXN200293,CUST12275,2026-08-11,20,Electronics,368.24,0,3.2,31,0
TXN200294,CUST11569,2026-08-06,7,Grocery,87.41,0,1.0,91,0
TXN200295,CUST10719,2026-07-26,7,Grocery,43.44,0,3.2,413,0
TXN200296,CUST11994,2026-08-10,6,Grocery,33.13,0,4.7,702,0
TXN200297,CUST11810,2026-08-26,13,Online Retail,54.6,0,11.9,1047,0
TXN200298,CUST12491,2026-09-11,21,Electronics,410.12,0,5.5,396,0
TXN200299,CUST12010,2026-07-11,15,Travel,535.85,0,0.2,143,0
TXN200300,CUST12151,2026-08-26,17,Grocery,66.6,0,10.3,217,0
TXN200301,CUST10909,2026-08-06,10,ATM Withdrawal,199.78,0,1.3,28,0
TXN200302,CUST11176,2026-07-29,15,ATM Withdrawal,369.43,0,18.6,762,0
TXN200303,CUST11713,2026-07-17,11,Grocery,33.7,0,3.0,421,0
TXN200304,CUST12243,2026-07-08,15,Grocery,59.21,0,7.8,111,0
TXN200305,CUST11148,2026-08-12,12,ATM Withdrawal,361.82,0,6.3,101,0
TXN200306,CUST10608,2026-09-04,14,Grocery,28.5,0,7.7,836,0
TXN200307,CUST10730,2026-09-02,20,Fuel,55.81,0,2.0,1030,0
TXN200308,CUST10337,2026-08-05,8,Online Retail,194.47,0,10.2,184,0
TXN200309,CUST11739,2026-07-20,15,Grocery,28.2,0,5.7,688,0
TXN200310,CUST12177,2026-08-01,12,Electronics,1235.26,0,11.9,2188,0
TXN200311,CUST11829,2026-07-21,7,Grocery,42.32,0,5.8,5,0
TXN200312,CUST10805,2026-09-26,18,Grocery,24.56,0,9.8,1131,0
TXN200313,CUST10950,2026-07-06,19,Fuel,31.36,0,7.8,1488,0
TXN200314,CUST10496,2026-07-28,15,Grocery,78.75,0,11.7,522,0
TXN200315,CUST10969,2026-07-31,13,Travel,967.0,0,7.2,927,0
TXN200316,CUST10723,2026-08-15,14,Online Retail,74.61,1,26.0,973,0
TXN200317,CUST12184,2026-08-26,17,Online Retail,121.27,0,0.0,108,0
TXN200318,CUST11786,2026-08-03,21,Dining,35.81,0,4.7,8,0
TXN200319,CUST11407,2026-09-06,11,Online Retail,51.16,0,2.9,331,0
TXN200320,CUST10944,2026-08-06,18,Online Retail,133.73,0,10.7,345,0
TXN200321,CUST11482,2026-09-22,15,Grocery,72.02,0,3.3,422,0
TXN200322,CUST10254,2026-09-05,9,Electronics,989.23,0,0.5,101,0
TXN200323,CUST10834,2026-09-22,15,Online Retail,67.3,0,5.3,69,0
TXN200324,CUST10937,2026-08-01,12,Online Retail,130.86,0,6.6,262,0
TXN200325,CUST11717,2026-09-19,16,Jewelry,964.94,0,8.3,68,0
TXN200326,CUST12127,2026-09-23,12,Travel,875.44,0,2.1,289,0
TXN200327,CUST11012,2026-08-16,10,Dining,36.14,0,6.9,38,0
TXN200328,CUST12477,2026-07-31,10,Dining,102.31,0,52.7,115,0
TXN200329,CUST11638,2026-09-04,12,Online Retail,73.77,0,7.4,169,0
TXN200330,CUST12377,2026-08-08,17,Travel,621.96,0,9.2,315,0
TXN200331,CUST11065,2026-07-04,15,Fuel,59.91,0,13.0,35,0
TXN200332,CUST10292,2026-09-23,14,Grocery,36.12,1,18.9,496,0
TXN200333,CUST10424,2026-07-31,10,Grocery,77.65,0,0.8,977,0
TXN200334,CUST11378,2026-07-21,9,Online Retail,48.52,0,13.2,1155,0
TXN200335,CUST11878,2026-07-10,17,Grocery,61.78,0,0.4,222,0
TXN200336,CUST10709,2026-09-08,13,ATM Withdrawal,215.46,0,8.7,422,0
TXN200337,CUST12107,2026-08-26,12,Grocery,47.14,0,9.1,295,0
TXN200338,CUST11359,2026-08-19,8,Dining,22.76,0,12.2,232,0
TXN200339,CUST12213,2026-08-26,22,Travel,660.2,0,18.2,1719,0
TXN200340,CUST11110,2026-08-26,13,Dining,30.54,0,6.8,290,0
TXN200341,CUST12062,2026-09-15,12,Grocery,47.9,0,3.3,1439,0
TXN200342,CUST10996,2026-08-25,19,Online Retail,135.79,0,5.4,42,0
TXN200343,CUST12226,2026-08-27,11,Electronics,206.42,1,5.2,575,0
TXN200344,CUST12412,2026-08-03,15,Electronics,170.55,0,8.7,411,0
TXN200345,CUST12341,2026-09-08,18,Jewelry,394.93,0,11.4,172,0
TXN200346,CUST10343,2026-09-04,14,Electronics,534.89,0,13.1,1190,0
TXN200347,CUST11605,2026-08-26,16,Grocery,13.34,0,11.0,30,0
TXN200348,CUST11752,2026-07-07,14,Grocery,61.36,0,3.6,196,0
TXN200349,CUST11562,2026-07-18,11,Online Retail,216.27,0,3.7,150,0
TXN200350,CUST11525,2026-09-18,16,Online Retail,127.76,0,8.9,565,0
TXN200351,CUST11314,2026-07-20,18,Online Retail,164.75,0,1.2,422,0
TXN200352,CUST11833,2026-08-30,18,Online Retail,69.77,1,1.4,1003,0
TXN200353,CUST11826,2026-09-08,11,Grocery,28.83,0,8.3,62,0
TXN200354,CUST12034,2026-07-31,19,Online Retail,87.79,0,10.2,16,0
TXN200355,CUST12183,2026-08-25,8,Travel,1362.01,0,19.6,323,0
TXN200356,CUST10234,2026-07-31,9,ATM Withdrawal,170.15,0,9.5,914,0
TXN200357,CUST10624,2026-08-04,6,Travel,797.05,0,1.2,5,0
TXN200358,CUST12306,2026-07-17,13,Fuel,66.49,0,8.8,223,0
TXN200359,CUST10952,2026-07-22,13,ATM Withdrawal,84.81,0,6.2,5,0
TXN200360,CUST11866,2026-07-30,8,Fuel,36.7,0,12.0,60,0
TXN200361,CUST11885,2026-09-20,11,Dining,89.78,0,3.3,193,0
TXN200362,CUST10625,2026-09-20,12,Electronics,363.5,0,37.0,24,0
TXN200363,CUST12007,2026-08-20,19,Fuel,52.41,1,4.3,208,0
TXN200364,CUST11556,2026-07-13,15,Dining,40.26,0,0.6,117,0
TXN200365,CUST11660,2026-08-13,11,Travel,1454.09,0,9.0,1068,0
TXN200366,CUST11501,2026-09-04,7,Dining,87.35,0,9.0,549,0
TXN200367,CUST11567,2026-08-03,7,Dining,95.28,0,2.8,188,0
TXN200368,CUST11585,2026-08-28,23,Electronics,122.09,0,9.7,152,0
TXN200369,CUST10234,2026-09-22,14,Electronics,283.45,0,38.9,139,0
TXN200370,CUST10114,2026-08-31,18,Jewelry,1204.68,0,3.1,322,0
TXN200371,CUST11856,2026-08-28,16,Fuel,66.94,1,1.9,647,0
TXN200372,CUST12210,2026-09-14,17,Dining,24.22,0,12.6,19,0
TXN200373,CUST10084,2026-08-05,13,Fuel,66.05,0,9.7,666,0
TXN200374,CUST11103,2026-07-06,9,Online Retail,60.21,0,5.4,35,0
TXN200375,CUST10401,2026-09-19,8,Grocery,83.42,0,22.6,320,0
TXN200376,CUST12048,2026-09-10,18,Grocery,10.67,0,4.6,81,0
TXN200377,CUST12274,2026-07-29,5,Grocery,45.19,0,8.5,1079,0
TXN200378,CUST11143,2026-09-19,8,Fuel,73.9,0,5.7,11,0
TXN200379,CUST11142,2026-07-03,17,Grocery,31.22,0,1.2,136,0
TXN200380,CUST12204,2026-09-02,11,Travel,813.02,0,5.3,221,0
TXN200381,CUST12473,2026-08-21,16,Online Retail,354.2,0,2.2,141,0
TXN200382,CUST10853,2026-09-09,13,Dining,52.33,1,7.2,289,0
TXN200383,CUST10998,2026-08-04,17,Dining,27.47,1,1.5,249,0
TXN200384,CUST11468,2026-07-10,14,ATM Withdrawal,95.5,0,5.4,93,0
TXN200385,CUST12262,2026-08-09,7,Dining,151.83,0,1.8,296,0
TXN200386,CUST11500,2026-08-17,20,Travel,631.36,0,2.5,491,0
TXN200387,CUST12291,2026-09-06,10,Jewelry,756.53,0,2.7,108,0
TXN200388,CUST11400,2026-08-31,16,ATM Withdrawal,112.49,0,6.1,632,0
TXN200389,CUST11035,2026-09-21,14,Electronics,761.19,0,14.3,191,0
TXN200390,CUST11909,2026-08-25,15,Dining,32.82,0,14.6,356,0
TXN200391,CUST12454,2026-08-11,2,Dining,25.59,0,17.0,1481,0
TXN200392,CUST10924,2026-08-26,12,Dining,53.78,0,2.9,391,0
TXN200393,CUST11956,2026-09-01,23,Fuel,93.35,0,7.1,529,0
TXN200394,CUST10834,2026-07-15,19,Electronics,396.3,0,3.6,78,0
TXN200395,CUST10093,2026-08-17,10,Fuel,24.28,0,0.2,5,0
TXN200396,CUST10310,2026-09-17,21,Electronics,185.34,0,4.9,56,0
TXN200397,CUST10682,2026-08-25,19,Online Retail,128.81,0,14.3,433,0
TXN200398,CUST10090,2026-08-10,16,Grocery,94.27,0,1.9,278,0
TXN200399,CUST10145,2026-07-02,13,Fuel,48.68,0,6.0,373,0
TXN200400,CUST10144,2026-08-08,16,Electronics,688.39,0,0.7,392,0
TXN200401,CUST11607,2026-07-14,13,Online Retail,61.3,0,0.8,24,0
TXN200402,CUST11654,2026-07-15,20,Grocery,34.73,0,2.1,662,0
TXN200403,CUST11080,2026-08-07,14,Travel,959.95,0,13.1,16,0
TXN200404,CUST10245,2026-08-15,16,Grocery,31.08,0,2.5,633,0
TXN200405,CUST10174,2026-09-08,10,Grocery,37.83,1,2.6,1003,0
TXN200406,CUST11091,2026-08-17,23,Dining,116.83,0,3.9,5,0
TXN200407,CUST10796,2026-07-03,20,Fuel,44.19,0,3.8,5,0
TXN200408,CUST11708,2026-08-04,11,Travel,923.61,0,3.4,1023,0
TXN200409,CUST12340,2026-07-02,23,Grocery,20.32,0,31.7,485,0
TXN200410,CUST11055,2026-07-21,12,Fuel,51.4,0,5.2,334,0
TXN200411,CUST10634,2026-08-30,6,Electronics,327.13,1,1.4,656,0
TXN200412,CUST10917,2026-08-02,8,Dining,51.28,0,0.5,420,0
TXN200413,CUST11211,2026-08-23,15,Online Retail,99.19,0,2.8,903,0
TXN200414,CUST12303,2026-09-17,15,Grocery,29.34,0,1.5,786,0
TXN200415,CUST12368,2026-08-16,12,Dining,30.31,1,11.0,353,0
TXN200416,CUST10555,2026-09-10,14,Dining,117.62,0,1.1,1063,0
TXN200417,CUST12181,2026-07-31,9,Online Retail,154.65,0,16.4,74,0
TXN200418,CUST11237,2026-08-22,13,Dining,38.28,0,2.6,260,0
TXN200419,CUST11716,2026-08-10,13,Fuel,54.78,0,28.1,266,0
TXN200420,CUST12137,2026-07-24,13,Online Retail,37.61,0,5.5,74,0
TXN200421,CUST11014,2026-08-22,8,Fuel,97.26,0,7.4,283,0
TXN200422,CUST10614,2026-07-24,9,Dining,82.99,0,0.4,351,0
TXN200423,CUST12155,2026-07-24,12,Jewelry,542.77,1,0.5,126,0
TXN200424,CUST11400,2026-09-15,7,Fuel,35.06,0,3.5,1443,0
TXN200425,CUST10165,2026-07-04,11,Online Retail,201.57,0,10.5,115,0
TXN200426,CUST11817,2026-07-31,19,Grocery,67.92,0,0.2,191,0
TXN200427,CUST10413,2026-07-23,20,Dining,24.47,0,0.1,21,0
TXN200428,CUST11174,2026-07-17,11,Dining,94.38,1,2.4,41,0
TXN200429,CUST12080,2026-09-20,14,Online Retail,247.25,0,3.1,347,0
TXN200430,CUST10831,2026-08-13,20,Dining,50.06,0,0.8,120,0
TXN200431,CUST11494,2026-09-11,18,ATM Withdrawal,154.61,0,3.0,833,0
TXN200432,CUST11762,2026-08-04,14,Grocery,30.87,0,9.6,113,0
TXN200433,CUST12058,2026-09-22,12,Jewelry,506.17,0,21.0,74,0
TXN200434,CUST11574,2026-08-20,23,Jewelry,529.18,0,4.5,243,0
TXN200435,CUST11383,2026-08-21,17,Online Retail,176.9,0,4.4,749,0
TXN200436,CUST11988,2026-09-20,7,Grocery,82.02,0,8.1,64,0
TXN200437,CUST11943,2026-07-26,5,Online Retail,151.79,0,5.7,532,0
TXN200438,CUST10082,2026-09-15,17,Dining,59.32,0,2.9,78,0
TXN200439,CUST11993,2026-07-09,12,Dining,82.23,0,21.9,191,0
TXN200440,CUST11798,2026-08-11,21,Fuel,116.53,0,16.2,244,0
TXN200441,CUST10014,2026-07-04,5,Online Retail,193.1,0,17.0,1617,0
TXN200442,CUST11710,2026-07-17,7,Grocery,129.94,1,8.0,34,0
TXN200443,CUST10322,2026-07-16,14,ATM Withdrawal,140.85,0,15.2,703,0
TXN200444,CUST11311,2026-07-14,8,Grocery,26.81,0,15.6,81,0
TXN200445,CUST11500,2026-09-01,20,Online Retail,197.98,0,4.1,1142,0
TXN200446,CUST10154,2026-08-17,17,Dining,33.62,0,0.9,582,0
TXN200447,CUST11810,2026-09-18,20,ATM Withdrawal,197.5,1,2.0,225,0
TXN200448,CUST10535,2026-08-25,0,Grocery,74.97,0,1.1,895,0
TXN200449,CUST11837,2026-07-22,5,Electronics,424.03,0,7.8,145,0
TXN200450,CUST11984,2026-09-03,18,Grocery,64.15,0,13.4,193,0
TXN200451,CUST11639,2026-09-17,7,Grocery,63.72,0,43.4,637,0
TXN200452,CUST10826,2026-07-22,19,Online Retail,196.16,0,2.2,432,0
TXN200453,CUST11828,2026-09-02,8,Grocery,58.34,0,4.2,5,0
TXN200454,CUST10554,2026-07-07,23,ATM Withdrawal,190.99,0,2.9,413,0
TXN200455,CUST11071,2026-07-09,12,Online Retail,202.3,0,11.2,780,0
TXN200456,CUST11451,2026-08-28,13,Grocery,116.05,0,1.5,428,0
TXN200457,CUST11620,2026-06-30,18,Dining,50.92,0,4.0,322,0
TXN200458,CUST11367,2026-07-18,16,Fuel,38.29,0,11.8,121,0
TXN200459,CUST11843,2026-09-20,13,ATM Withdrawal,370.71,0,10.4,161,0
TXN200460,CUST12429,2026-08-27,23,Online Retail,116.89,0,1.2,166,0
TXN200461,CUST12339,2026-08-08,11,Dining,36.23,0,5.3,373,0
TXN200462,CUST11230,2026-08-02,7,Grocery,60.17,1,7.2,251,0
TXN200463,CUST12198,2026-07-02,19,Dining,36.06,0,5.7,31,0
TXN200464,CUST10628,2026-07-12,15,ATM Withdrawal,148.6,0,6.3,306,0
TXN200465,CUST11725,2026-09-23,11,Grocery,67.58,0,6.5,1748,0
TXN200466,CUST10793,2026-07-10,11,Grocery,16.15,0,7.3,12,0
TXN200467,CUST10542,2026-08-13,15,Dining,57.8,0,12.2,85,0
TXN200468,CUST11130,2026-09-16,19,Fuel,111.57,0,5.6,127,0
TXN200469,CUST12029,2026-07-02,18,Online Retail,87.17,0,10.4,53,0
TXN200470,CUST11894,2026-08-29,5,Online Retail,229.14,0,6.7,111,0
TXN200471,CUST10761,2026-08-31,13,Electronics,632.81,0,4.0,327,0
TXN200472,CUST10248,2026-08-07,12,Grocery,16.42,0,5.4,243,0
TXN200473,CUST10443,2026-09-07,17,Grocery,37.44,0,6.7,278,0
TXN200474,CUST10155,2026-08-31,8,Grocery,47.48,0,5.5,1305,0
TXN200475,CUST10818,2026-07-30,13,ATM Withdrawal,403.87,0,6.6,181,0
TXN200476,CUST10402,2026-08-13,16,Grocery,35.72,0,3.1,158,0
TXN200477,CUST11899,2026-09-16,13,ATM Withdrawal,224.84,0,9.9,102,0
TXN200478,CUST10529,2026-09-03,15,Dining,26.73,0,4.7,1217,0
TXN200479,CUST10052,2026-08-30,23,Dining,42.58,0,8.1,44,0
TXN200480,CUST11540,2026-08-11,19,Fuel,27.2,0,3.0,552,0
TXN200481,CUST11245,2026-09-15,6,Dining,34.75,0,4.0,396,0
TXN200482,CUST10613,2026-07-16,20,Dining,33.94,0,49.5,324,0
TXN200483,CUST10766,2026-08-30,19,Grocery,113.12,0,7.7,81,0
TXN200484,CUST10223,2026-09-01,8,Online Retail,132.39,0,6.8,45,0
TXN200485,CUST11594,2026-07-05,13,Grocery,75.93,0,8.4,27,0
TXN200486,CUST10926,2026-08-17,12,Dining,64.21,0,4.9,82,0
TXN200487,CUST11272,2026-07-21,18,Grocery,41.09,0,1.1,366,0
TXN200488,CUST10120,2026-08-19,10,Dining,146.02,1,7.8,1184,0
TXN200489,CUST12127,2026-09-08,13,ATM Withdrawal,166.13,0,14.2,328,0
TXN200490,CUST11468,2026-09-10,18,Grocery,34.19,0,2.4,478,0
TXN200491,CUST12148,2026-09-07,11,Online Retail,59.21,0,5.0,584,0
TXN200492,CUST10044,2026-06-29,11,ATM Withdrawal,259.22,0,5.4,330,0
TXN200493,CUST11677,2026-09-15,19,Grocery,46.71,0,5.4,315,0
TXN200494,CUST12042,2026-08-21,11,Grocery,39.71,0,4.1,344,0
TXN200495,CUST10480,2026-06-29,23,Grocery,49.76,0,2.3,56,0
TXN200496,CUST10331,2026-08-19,12,Online Retail,114.71,0,2.6,585,0
TXN200497,CUST10235,2026-08-15,4,Online Retail,88.26,0,2.6,1366,0
TXN200498,CUST11217,2026-09-25,19,Fuel,40.55,0,0.9,210,0
TXN200499,CUST12400,2026-09-22,14,Online Retail,440.09,0,2.4,131,0
TXN200500,CUST10743,2026-09-07,16,Travel,584.42,0,20.8,428,0
TXN200501,CUST10390,2026-08-29,18,Grocery,90.23,0,0.3,63,0
TXN200502,CUST12435,2026-09-07,23,Dining,40.7,0,1.7,250,0
TXN200503,CUST10567,2026-08-27,20,ATM Withdrawal,160.34,0,5.5,324,0
TXN200504,CUST10990,2026-07-14,10,Electronics,301.08,0,0.5,82,0
TXN200505,CUST10794,2026-09-21,19,Fuel,33.31,1,7.5,989,0
TXN200506,CUST10822,2026-08-26,15,Electronics,404.71,0,6.5,83,0
TXN200507,CUST10499,2026-09-14,8,Electronics,313.67,1,0.1,660,0
TXN200508,CUST11983,2026-08-13,11,Grocery,26.39,0,0.2,511,0
TXN200509,CUST11986,2026-07-24,23,Jewelry,422.94,0,15.5,622,0
TXN200510,CUST11685,2026-07-03,10,Grocery,87.02,0,16.6,127,0
TXN200511,CUST10236,2026-08-02,18,Fuel,54.26,0,1.6,118,0
TXN200512,CUST11738,2026-08-27,13,Fuel,149.5,0,0.2,12,0
TXN200513,CUST10689,2026-08-17,16,Grocery,22.41,0,2.0,100,0
TXN200514,CUST11746,2026-09-17,8,Grocery,29.86,0,1.0,217,0
TXN200515,CUST12349,2026-09-05,12,Travel,430.58,0,22.4,186,0
TXN200516,CUST10968,2026-07-21,5,Jewelry,833.57,0,6.9,42,0
TXN200517,CUST11613,2026-07-02,23,Online Retail,269.76,0,12.4,1163,0
TXN200518,CUST12117,2026-08-29,15,Travel,184.47,0,1.6,725,0
TXN200519,CUST10406,2026-08-10,7,ATM Withdrawal,90.25,0,0.6,425,0
TXN200520,CUST10552,2026-07-22,12,Online Retail,35.54,0,9.0,60,0
TXN200521,CUST10941,2026-07-23,17,Online Retail,123.63,0,21.6,446,0
TXN200522,CUST12080,2026-07-22,12,Grocery,59.0,1,2.2,2420,0
TXN200523,CUST11204,2026-08-17,7,Grocery,29.26,0,9.3,606,0
TXN200524,CUST10371,2026-07-18,6,Electronics,1008.12,0,7.8,108,0
TXN200525,CUST10900,2026-08-07,16,Grocery,12.54,0,2.0,315,0
TXN200526,CUST10076,2026-08-15,17,Jewelry,1110.18,0,4.6,432,0
TXN200527,CUST11026,2026-08-26,1,Travel,852.79,0,3.9,92,1
TXN200528,CUST11839,2026-07-05,10,Online Retail,57.11,0,0.6,222,0
TXN200529,CUST11814,2026-09-12,10,Dining,56.58,0,17.5,1331,0
TXN200530,CUST12377,2026-09-10,13,Dining,280.99,0,6.9,33,0
TXN200531,CUST10990,2026-09-20,17,Grocery,42.53,0,6.7,290,0
TXN200532,CUST11878,2026-07-21,19,Electronics,610.67,0,9.8,406,0
TXN200533,CUST10119,2026-07-04,11,Fuel,106.71,0,6.1,446,0
TXN200534,CUST10437,2026-07-24,8,Fuel,196.2,0,0.4,502,0
TXN200535,CUST11076,2026-09-14,9,Electronics,315.24,0,2.2,138,0
TXN200536,CUST11160,2026-07-07,20,Grocery,20.04,0,21.0,294,0
TXN200537,CUST11867,2026-09-08,13,Electronics,771.83,0,23.0,224,0
TXN200538,CUST11655,2026-09-02,18,Online Retail,109.2,1,6.1,680,0
TXN200539,CUST12343,2026-07-30,16,Fuel,38.99,0,20.5,917,0
TXN200540,CUST10323,2026-07-15,23,Online Retail,181.81,0,18.1,237,0
TXN200541,CUST10627,2026-08-01,6,Fuel,52.76,0,3.8,708,0
TXN200542,CUST10839,2026-08-12,11,Dining,52.74,0,3.2,66,0
TXN200543,CUST10624,2026-08-06,11,Grocery,39.06,0,1.8,359,0
TXN200544,CUST10775,2026-09-22,20,Grocery,54.12,0,4.2,512,0
TXN200545,CUST11357,2026-07-13,12,Fuel,32.14,0,0.6,230,0
TXN200546,CUST10764,2026-08-08,17,Travel,807.43,0,9.3,472,0
TXN200547,CUST11383,2026-08-23,2,Grocery,52.11,0,12.1,548,0
TXN200548,CUST11668,2026-09-21,12,Fuel,88.21,0,20.5,638,0
TXN200549,CUST11053,2026-07-18,18,Online Retail,192.98,0,2.8,1311,0
TXN200550,CUST11253,2026-09-12,18,Travel,210.02,0,10.0,34,0
TXN200551,CUST12381,2026-08-16,11,Grocery,13.73,0,1.7,718,0
TXN200552,CUST12239,2026-08-16,9,Dining,50.33,0,4.4,58,0
TXN200553,CUST11891,2026-09-01,11,Grocery,65.7,0,12.6,138,0
TXN200554,CUST11131,2026-08-23,13,Dining,112.26,0,2.2,78,0
TXN200555,CUST10239,2026-09-06,22,ATM Withdrawal,151.0,0,25.8,452,0
TXN200556,CUST10218,2026-07-24,11,Online Retail,107.54,0,4.8,404,0
TXN200557,CUST11757,2026-07-18,16,Electronics,128.78,0,5.2,26,0
TXN200558,CUST10149,2026-09-26,20,Electronics,242.9,0,1.4,235,0
TXN200559,CUST11452,2026-08-14,12,Fuel,41.64,1,4.8,355,0
TXN200560,CUST11400,2026-09-11,8,Online Retail,83.88,0,16.7,48,0
TXN200561,CUST11482,2026-09-20,11,Dining,37.93,0,3.4,408,0
TXN200562,CUST12459,2026-07-28,14,Electronics,819.99,0,4.5,580,0
TXN200563,CUST11472,2026-07-10,15,ATM Withdrawal,336.02,0,0.9,568,0
TXN200564,CUST12133,2026-09-05,12,Online Retail,101.21,0,8.4,434,0
TXN200565,CUST10793,2026-07-29,18,Online Retail,70.66,0,0.4,215,0
TXN200566,CUST10963,2026-08-11,7,Online Retail,144.04,0,15.7,159,0
TXN200567,CUST10005,2026-09-01,11,Travel,285.96,0,4.2,160,0
TXN200568,CUST11709,2026-08-30,13,Fuel,56.3,0,0.8,679,0
TXN200569,CUST10273,2026-08-02,13,Electronics,291.74,0,19.2,179,0
TXN200570,CUST11866,2026-07-02,9,Travel,696.7,0,1.8,918,0
TXN200571,CUST11687,2026-07-27,14,Fuel,65.06,0,7.3,316,0
TXN200572,CUST10706,2026-08-26,13,Fuel,120.07,0,5.7,133,0
TXN200573,CUST10982,2026-06-29,11,Online Retail,66.28,0,10.8,425,0
TXN200574,CUST10844,2026-09-05,14,Dining,26.57,0,1.8,385,0
TXN200575,CUST11735,2026-07-02,16,Grocery,73.79,0,15.2,105,0
TXN200576,CUST11637,2026-07-05,17,Travel,287.19,0,6.6,1153,0
TXN200577,CUST11607,2026-07-10,12,Online Retail,74.22,0,6.7,188,0
TXN200578,CUST12299,2026-08-17,16,Travel,226.95,0,9.1,527,0
TXN200579,CUST12482,2026-08-26,23,Dining,30.63,0,1.3,575,0
TXN200580,CUST11212,2026-07-18,18,Dining,100.22,1,12.2,428,1
TXN200581,CUST12339,2026-08-10,21,Electronics,185.54,0,2.9,916,0
TXN200582,CUST10724,2026-08-07,11,ATM Withdrawal,379.93,0,11.7,494,0
TXN200583,CUST11843,2026-08-22,19,Online Retail,106.6,0,9.2,274,0
TXN200584,CUST11285,2026-08-04,18,ATM Withdrawal,476.68,0,3.7,59,1
TXN200585,CUST10591,2026-07-02,9,Travel,288.44,0,0.1,842,0
TXN200586,CUST12344,2026-07-03,13,Fuel,251.37,0,0.1,678,0
TXN200587,CUST10520,2026-07-01,12,Dining,113.55,0,1.4,430,0
TXN200588,CUST12113,2026-07-10,12,Dining,162.01,0,3.4,330,0
TXN200589,CUST12306,2026-09-07,9,Dining,26.29,0,23.3,516,0
TXN200590,CUST10491,2026-07-15,17,Online Retail,77.84,0,13.0,82,0
TXN200591,CUST10077,2026-07-30,14,Fuel,39.02,0,7.8,713,0
TXN200592,CUST10776,2026-08-02,18,Online Retail,110.2,0,1.1,254,0
TXN200593,CUST10064,2026-08-21,5,Grocery,20.68,0,2.3,86,0
TXN200594,CUST10010,2026-09-14,17,Fuel,149.39,0,5.7,5,0
TXN200595,CUST10873,2026-07-07,10,Grocery,137.04,0,5.1,5,0
TXN200596,CUST12465,2026-09-06,19,Online Retail,248.89,0,7.7,603,0
TXN200597,CUST10031,2026-09-15,14,Online Retail,351.12,1,7.3,1155,0
TXN200598,CUST10907,2026-09-21,13,Dining,64.15,0,5.3,58,0
TXN200599,CUST10996,2026-07-20,8,Grocery,56.61,0,11.5,338,0
TXN200600,CUST12313,2026-08-22,13,Jewelry,1159.29,0,2.6,413,0
TXN200601,CUST10066,2026-08-30,3,Grocery,17.34,0,9.6,526,0
TXN200602,CUST12251,2026-09-08,12,Dining,135.65,0,5.8,638,0
TXN200603,CUST12038,2026-08-09,13,Grocery,63.79,0,8.9,1326,0
TXN200604,CUST11145,2026-07-06,11,Fuel,28.22,0,4.7,173,0
TXN200605,CUST10482,2026-09-09,14,Electronics,1207.0,0,14.3,831,0
TXN200606,CUST10703,2026-07-09,13,ATM Withdrawal,56.74,0,8.4,327,0
TXN200607,CUST11105,2026-09-13,17,Grocery,30.39,0,0.9,308,0
TXN200608,CUST10133,2026-09-15,14,Jewelry,1001.16,0,21.6,399,0
TXN200609,CUST12491,2026-09-05,21,Fuel,50.89,0,3.9,217,0
TXN200610,CUST11702,2026-07-07,11,Grocery,42.95,0,1.3,767,0
TXN200611,CUST11887,2026-09-17,16,Grocery,18.69,0,5.8,476,0
TXN200612,CUST10050,2026-08-02,17,Grocery,27.86,0,8.0,388,0
TXN200613,CUST11424,2026-08-20,14,Online Retail,97.13,0,4.1,135,0
TXN200614,CUST10880,2026-09-16,15,Online Retail,162.23,0,14.8,22,0
TXN200615,CUST12172,2026-08-14,21,Online Retail,136.66,0,4.8,131,0
TXN200616,CUST12172,2026-07-01,16,Dining,27.71,0,2.2,86,0
TXN200617,CUST12070,2026-08-15,14,Jewelry,889.78,0,1.6,54,0
TXN200618,CUST10388,2026-08-18,17,Fuel,35.56,0,0.5,28,0
TXN200619,CUST11895,2026-07-02,8,Travel,356.19,0,2.6,1058,0
TXN200620,CUST11713,2026-06-30,13,Grocery,20.9,0,22.6,344,0
TXN200621,CUST10906,2026-09-18,10,Grocery,45.78,1,15.2,6,0
TXN200622,CUST11449,2026-08-19,17,Online Retail,66.7,0,7.9,168,0
TXN200623,CUST10480,2026-08-12,11,Electronics,94.76,0,5.3,697,0
TXN200624,CUST11399,2026-07-01,17,Grocery,43.36,0,11.0,251,0
TXN200625,CUST11323,2026-07-02,13,Travel,679.43,0,1.2,385,0
TXN200626,CUST11466,2026-07-06,16,Online Retail,140.42,0,8.3,1609,0
TXN200627,CUST10940,2026-08-11,18,Online Retail,55.92,0,1.6,351,0
TXN200628,CUST11465,2026-07-19,5,Jewelry,340.49,0,5.4,40,0
TXN200629,CUST11024,2026-07-31,19,Online Retail,55.86,0,9.6,128,0
TXN200630,CUST11548,2026-08-28,8,Dining,33.08,0,6.3,290,0
TXN200631,CUST11069,2026-09-06,15,ATM Withdrawal,170.0,0,8.6,250,0
TXN200632,CUST10277,2026-08-26,18,ATM Withdrawal,210.93,0,3.9,141,0
TXN200633,CUST10784,2026-09-09,17,Electronics,623.38,0,12.4,140,0
TXN200634,CUST10174,2026-07-30,23,Electronics,650.51,0,12.2,269,0
TXN200635,CUST11499,2026-08-03,10,Online Retail,47.43,0,5.8,134,0
TXN200636,CUST10466,2026-09-01,15,Grocery,38.24,0,20.6,195,0
TXN200637,CUST11295,2026-09-13,12,Online Retail,54.74,0,13.3,63,0
TXN200638,CUST11386,2026-08-15,7,Grocery,46.2,0,1.6,444,0
TXN200639,CUST12012,2026-08-02,15,Dining,29.09,0,5.7,421,0
TXN200640,CUST11427,2026-08-01,3,Grocery,15.96,0,4.3,354,0
TXN200641,CUST11738,2026-08-15,17,Grocery,15.97,0,6.1,902,0
TXN200642,CUST11013,2026-07-10,9,Electronics,503.72,0,3.0,178,0
TXN200643,CUST11964,2026-09-17,19,Travel,203.06,0,21.5,1107,0
TXN200644,CUST10601,2026-07-19,8,Grocery,23.97,0,19.3,161,0
TXN200645,CUST11856,2026-07-08,15,Online Retail,106.57,0,18.0,1223,0
TXN200646,CUST10551,2026-07-22,17,Online Retail,140.43,0,5.2,107,0
TXN200647,CUST11712,2026-08-27,23,Electronics,794.32,0,11.1,21,0
TXN200648,CUST11658,2026-09-20,14,Online Retail,104.73,0,2.6,394,0
TXN200649,CUST11934,2026-08-16,4,ATM Withdrawal,109.31,0,23.8,202,0
TXN200650,CUST11563,2026-09-07,20,Electronics,388.33,0,5.4,105,0
TXN200651,CUST10435,2026-08-29,23,Fuel,28.75,0,15.3,161,0
TXN200652,CUST10753,2026-08-21,8,Electronics,514.82,0,7.7,641,0
TXN200653,CUST12257,2026-07-21,18,Fuel,96.4,0,12.3,253,0
TXN200654,CUST10696,2026-07-18,12,Grocery,83.98,0,4.5,32,0
TXN200655,CUST10641,2026-09-10,7,Online Retail,56.06,0,10.3,321,0
TXN200656,CUST10242,2026-08-30,18,Grocery,41.39,0,3.7,520,0
TXN200657,CUST10329,2026-08-15,17,Grocery,42.21,0,2.2,245,0
TXN200658,CUST11239,2026-09-26,22,ATM Withdrawal,259.03,0,6.9,174,0
TXN200659,CUST12349,2026-07-18,12,Jewelry,1013.78,0,19.2,151,0
TXN200660,CUST11950,2026-07-29,8,Jewelry,785.69,0,4.5,305,0
TXN200661,CUST10080,2026-08-05,11,Grocery,43.27,0,1.3,126,0
TXN200662,CUST11093,2026-09-25,3,Dining,52.74,0,1.4,627,0
TXN200663,CUST11716,2026-09-22,13,Online Retail,61.34,1,4.3,61,0
TXN200664,CUST10679,2026-08-13,11,Dining,76.47,0,4.3,99,0
TXN200665,CUST11773,2026-09-12,16,Fuel,27.67,0,2.3,789,0
TXN200666,CUST11473,2026-08-31,19,Jewelry,940.98,0,12.7,253,0
TXN200667,CUST12266,2026-09-05,17,Electronics,321.93,0,3.1,1034,0
TXN200668,CUST12400,2026-07-21,17,Fuel,33.47,0,7.6,972,0
TXN200669,CUST10815,2026-09-03,19,Grocery,48.19,0,2.8,235,0
TXN200670,CUST11663,2026-08-28,23,Online Retail,264.35,0,1.5,140,0
TXN200671,CUST11319,2026-07-08,17,Jewelry,1247.3,0,25.2,309,0
TXN200672,CUST10310,2026-09-21,8,Travel,263.6,0,0.4,299,0
TXN200673,CUST11624,2026-09-19,12,Online Retail,236.95,0,13.3,232,0
TXN200674,CUST10922,2026-07-14,15,Dining,42.78,0,2.8,89,0
TXN200675,CUST11952,2026-07-10,10,Grocery,59.85,1,3.4,104,0
TXN200676,CUST11446,2026-08-04,4,Grocery,43.07,0,0.8,674,0
TXN200677,CUST10850,2026-09-01,6,Grocery,59.35,0,3.1,382,0
TXN200678,CUST10112,2026-09-24,16,Dining,100.66,0,23.5,872,0
TXN200679,CUST12250,2026-09-23,15,Online Retail,154.15,0,4.1,170,0
TXN200680,CUST10560,2026-09-17,11,Grocery,67.28,1,2.0,186,0
TXN200681,CUST11026,2026-07-21,20,Grocery,38.37,0,2.0,203,0
TXN200682,CUST10999,2026-09-05,4,Jewelry,1295.04,0,2.2,297,0
TXN200683,CUST10159,2026-09-10,15,ATM Withdrawal,154.61,0,2.5,186,0
TXN200684,CUST12481,2026-08-02,16,Fuel,33.49,0,10.4,217,0
TXN200685,CUST11551,2026-09-13,20,Electronics,439.51,0,10.8,17,0
TXN200686,CUST10685,2026-07-21,19,Dining,77.76,0,20.3,170,0
TXN200687,CUST10902,2026-08-29,13,Dining,30.45,0,8.7,377,0
TXN200688,CUST11529,2026-09-24,6,Grocery,28.84,0,1.0,278,0
TXN200689,CUST11620,2026-09-18,7,Online Retail,30.17,0,18.2,379,0
TXN200690,CUST11928,2026-07-14,16,Travel,460.52,0,8.4,322,0
TXN200691,CUST11479,2026-07-30,13,Grocery,26.59,0,10.5,201,0
TXN200692,CUST11865,2026-09-02,13,Grocery,60.82,0,15.5,268,0
TXN200693,CUST11883,2026-08-07,21,Online Retail,138.62,0,1.8,461,0
TXN200694,CUST11951,2026-09-22,10,Online Retail,42.18,0,5.1,584,0
TXN200695,CUST12362,2026-07-06,17,Online Retail,346.47,0,25.2,156,0
TXN200696,CUST10422,2026-09-10,8,Online Retail,93.55,0,15.1,202,0
TXN200697,CUST11201,2026-08-30,19,Online Retail,155.08,0,2.9,311,0
TXN200698,CUST12432,2026-08-06,23,Grocery,42.39,0,3.4,2766,0
TXN200699,CUST10799,2026-09-25,23,Dining,73.52,0,23.0,913,0
TXN200700,CUST10791,2026-08-01,20,Fuel,118.56,0,0.3,880,0
TXN200701,CUST11031,2026-09-01,16,Grocery,31.5,0,1.8,88,0
TXN200702,CUST11280,2026-07-15,14,Electronics,127.4,1,1.9,234,0
TXN200703,CUST11339,2026-08-25,14,Travel,402.96,0,17.1,110,0
TXN200704,CUST11182,2026-08-01,16,Online Retail,202.7,0,1.5,241,0
TXN200705,CUST10483,2026-07-02,23,Electronics,246.44,0,16.6,50,0
TXN200706,CUST12298,2026-07-22,7,Grocery,37.12,0,7.2,476,0
TXN200707,CUST10944,2026-08-05,12,Dining,48.52,0,2.2,399,0
TXN200708,CUST10404,2026-09-19,7,Online Retail,147.05,0,6.2,145,0
TXN200709,CUST12240,2026-07-16,13,Grocery,47.32,0,22.1,18,0
TXN200710,CUST11768,2026-08-31,11,Electronics,460.14,0,7.9,180,0
TXN200711,CUST10198,2026-07-31,14,Online Retail,70.99,0,12.9,51,0
TXN200712,CUST12210,2026-09-01,8,Electronics,169.68,0,3.6,264,0
TXN200713,CUST11904,2026-07-20,12,Electronics,204.44,0,5.5,570,0
TXN200714,CUST11713,2026-08-29,11,ATM Withdrawal,359.16,0,6.8,174,0
TXN200715,CUST12413,2026-07-24,7,Electronics,211.54,0,1.6,5,0
TXN200716,CUST11270,2026-09-13,14,Dining,55.58,0,4.5,189,0
TXN200717,CUST11052,2026-07-10,21,Grocery,25.33,0,8.3,114,0
TXN200718,CUST11924,2026-07-17,6,Electronics,420.27,0,10.5,1021,0
TXN200719,CUST11017,2026-08-04,1,Travel,134.88,0,0.3,140,0
TXN200720,CUST10303,2026-08-07,15,Online Retail,155.73,0,6.9,18,0
TXN200721,CUST10148,2026-08-31,12,Jewelry,761.23,0,1.3,818,0
TXN200722,CUST10982,2026-07-30,13,Grocery,31.52,0,2.6,487,0
TXN200723,CUST11362,2026-07-05,14,ATM Withdrawal,417.24,0,1.5,132,0
TXN200724,CUST11503,2026-07-11,9,Grocery,50.85,0,4.7,913,0
TXN200725,CUST12135,2026-09-09,10,Online Retail,50.57,0,6.3,34,0
TXN200726,CUST11169,2026-09-05,14,Online Retail,369.32,0,1.0,75,0
TXN200727,CUST10135,2026-09-14,6,Fuel,46.13,0,7.7,671,0
TXN200728,CUST12365,2026-07-03,9,Online Retail,129.09,0,0.3,25,0
TXN200729,CUST12375,2026-07-12,11,Dining,61.64,0,3.5,550,0
TXN200730,CUST11266,2026-07-03,15,Travel,767.82,0,2.7,584,0
TXN200731,CUST12083,2026-09-14,21,Grocery,21.74,0,1.3,332,0
TXN200732,CUST11392,2026-08-14,12,Dining,16.97,0,30.2,208,0
TXN200733,CUST12496,2026-08-14,10,Online Retail,98.92,0,10.2,57,0
TXN200734,CUST12453,2026-09-19,16,Dining,123.26,0,1.0,334,0
TXN200735,CUST11885,2026-07-04,7,Grocery,39.64,0,1.2,1261,0
TXN200736,CUST11182,2026-07-05,9,Fuel,31.84,0,34.1,183,0
TXN200737,CUST11097,2026-08-01,11,Grocery,20.13,0,3.1,75,0
TXN200738,CUST10697,2026-07-08,13,Jewelry,892.0,0,16.6,313,0
TXN200739,CUST11581,2026-07-31,13,Electronics,383.09,0,4.7,734,0
TXN200740,CUST11976,2026-07-03,4,Fuel,374.59,0,17.9,76,0
TXN200741,CUST10880,2026-07-21,14,Online Retail,153.94,1,1.0,94,1
TXN200742,CUST10137,2026-07-29,15,Online Retail,170.58,0,3.4,105,0
TXN200743,CUST10641,2026-08-30,10,Online Retail,106.27,0,3.9,140,0
TXN200744,CUST12064,2026-08-07,20,Online Retail,84.65,1,16.1,229,0
TXN200745,CUST10655,2026-09-14,11,Grocery,59.37,0,4.9,644,0
TXN200746,CUST10494,2026-07-26,13,Online Retail,142.75,0,4.0,232,0
TXN200747,CUST11059,2026-09-12,13,Dining,56.52,0,6.6,857,0
TXN200748,CUST11043,2026-07-30,15,Dining,53.61,0,16.2,440,0
TXN200749,CUST11093,2026-08-25,9,Electronics,664.79,1,1.7,1055,0
TXN200750,CUST11504,2026-08-17,14,Grocery,52.94,0,1.0,460,0
TXN200751,CUST11768,2026-09-24,10,Grocery,55.9,0,4.8,361,0
TXN200752,CUST11055,2026-08-09,8,Fuel,90.19,0,33.4,976,0
TXN200753,CUST11750,2026-09-24,19,Grocery,27.43,1,4.0,657,0
TXN200754,CUST10960,2026-09-24,7,Fuel,111.55,0,7.9,86,0
TXN200755,CUST11045,2026-07-21,11,Grocery,69.79,0,0.5,299,0
TXN200756,CUST11791,2026-09-19,5,Dining,79.59,0,4.2,466,0
TXN200757,CUST12049,2026-09-14,10,Fuel,150.59,0,1.4,329,0
TXN200758,CUST11618,2026-08-12,9,Electronics,185.45,0,25.3,52,0
TXN200759,CUST10163,2026-09-20,21,Online Retail,228.49,0,6.8,40,0
TXN200760,CUST10138,2026-08-25,10,ATM Withdrawal,501.78,0,27.2,206,0
TXN200761,CUST11762,2026-08-21,7,Electronics,450.96,0,15.2,1134,0
TXN200762,CUST10634,2026-08-06,2,Grocery,67.8,0,1.9,125,0
TXN200763,CUST11290,2026-07-08,12,Grocery,93.68,0,11.0,295,0
TXN200764,CUST10825,2026-09-20,11,Grocery,46.25,0,9.8,495,0
TXN200765,CUST10878,2026-08-22,14,Electronics,191.11,1,16.9,76,0
TXN200766,CUST11934,2026-07-24,10,ATM Withdrawal,55.37,0,0.7,366,0
TXN200767,CUST10519,2026-09-24,10,ATM Withdrawal,77.14,0,11.0,351,0
TXN200768,CUST10319,2026-08-09,9,Travel,313.0,0,15.8,23,0
TXN200769,CUST12269,2026-08-18,2,Fuel,75.32,0,4.0,185,0
TXN200770,CUST10926,2026-07-24,23,Fuel,75.63,0,4.2,121,0
TXN200771,CUST10106,2026-08-01,12,Grocery,18.99,0,7.9,128,0
TXN200772,CUST11880,2026-08-30,15,Fuel,13.4,0,4.0,106,0
TXN200773,CUST11241,2026-07-15,16,Dining,18.7,0,8.5,185,0
TXN200774,CUST10543,2026-09-13,21,Grocery,12.48,0,1.0,46,0
TXN200775,CUST11833,2026-07-06,13,Grocery,46.21,0,3.0,5,0
TXN200776,CUST10874,2026-06-30,0,Dining,31.34,0,7.1,188,0
TXN200777,CUST10088,2026-08-16,20,ATM Withdrawal,279.65,0,0.9,344,0
TXN200778,CUST10335,2026-07-08,12,Grocery,68.63,0,2.1,397,0
TXN200779,CUST11546,2026-08-28,9,Dining,120.28,0,15.9,467,0
TXN200780,CUST12282,2026-08-25,17,Grocery,38.25,0,15.8,477,0
TXN200781,CUST12352,2026-09-11,5,Electronics,168.45,0,4.7,39,0
TXN200782,CUST10475,2026-07-13,12,Online Retail,58.49,0,9.7,590,0
TXN200783,CUST11836,2026-07-22,13,Fuel,14.25,0,3.2,224,0
TXN200784,CUST10049,2026-09-09,16,Electronics,1862.41,0,2.0,1081,0
TXN200785,CUST11053,2026-07-08,10,Grocery,54.16,0,0.2,676,0
TXN200786,CUST11823,2026-08-31,7,Online Retail,250.07,0,7.5,543,0
TXN200787,CUST11278,2026-09-26,8,Jewelry,1126.38,0,15.1,561,0
TXN200788,CUST11003,2026-08-20,14,Dining,62.75,0,10.3,506,0
TXN200789,CUST11648,2026-08-03,7,Online Retail,160.98,0,2.2,130,0
TXN200790,CUST11480,2026-07-19,14,Fuel,38.81,0,16.5,692,0
TXN200791,CUST11623,2026-07-30,19,Dining,194.39,0,0.3,134,0
TXN200792,CUST11316,2026-08-25,12,Dining,125.77,0,25.7,245,0
TXN200793,CUST10436,2026-07-29,10,Grocery,24.41,0,1.2,553,0
TXN200794,CUST11424,2026-07-03,7,Grocery,56.92,0,18.6,400,0
TXN200795,CUST11834,2026-08-09,21,Electronics,496.64,0,1.9,5,0
TXN200796,CUST11996,2026-08-11,23,Travel,362.44,0,3.6,212,0
TXN200797,CUST11004,2026-08-02,18,Dining,43.07,0,3.3,52,0
TXN200798,CUST10851,2026-07-20,23,Grocery,79.14,0,3.8,206,0
TXN200799,CUST11356,2026-09-09,8,Dining,68.35,0,1.9,411,0
TXN200800,CUST10230,2026-09-13,13,Grocery,44.28,0,2.1,5,0
TXN200801,CUST11484,2026-09-14,10,Electronics,388.36,0,3.1,239,0
TXN200802,CUST11461,2026-09-09,20,Fuel,49.63,0,3.6,180,0
TXN200803,CUST10418,2026-09-22,5,Online Retail,221.5,0,7.1,500,0
TXN200804,CUST10709,2026-08-29,16,Jewelry,1357.17,0,9.5,72,0
TXN200805,CUST12128,2026-07-04,6,Electronics,1063.83,0,28.8,121,0
TXN200806,CUST11860,2026-09-16,11,Online Retail,181.6,0,1.7,49,0
TXN200807,CUST12477,2026-08-25,14,Grocery,81.62,0,5.2,340,0
TXN200808,CUST11843,2026-09-09,12,Electronics,300.93,0,3.6,104,0
TXN200809,CUST12472,2026-07-19,13,Travel,866.24,1,21.3,180,0
TXN200810,CUST10708,2026-08-28,15,Grocery,89.03,0,10.8,194,0
TXN200811,CUST11249,2026-07-19,19,Electronics,513.87,0,7.5,1359,0
TXN200812,CUST10703,2026-07-05,12,Grocery,25.24,0,8.9,132,0
TXN200813,CUST10771,2026-08-01,16,Grocery,47.41,0,6.3,305,0
TXN200814,CUST10646,2026-07-19,12,Fuel,172.89,0,8.5,300,0
TXN200815,CUST10086,2026-09-12,21,Electronics,565.39,0,0.5,900,0
TXN200816,CUST11501,2026-07-08,13,Electronics,319.78,0,6.1,369,0
TXN200817,CUST11735,2026-08-30,13,Electronics,196.78,0,9.9,361,0
TXN200818,CUST10589,2026-07-31,13,Jewelry,1135.26,0,13.3,320,0
TXN200819,CUST11973,2026-09-19,15,Fuel,97.35,0,0.7,23,0
TXN200820,CUST12150,2026-08-06,18,Dining,50.47,0,7.2,272,0
TXN200821,CUST12105,2026-09-24,15,Online Retail,114.3,0,0.9,16,0
TXN200822,CUST12256,2026-07-09,14,Travel,223.03,1,8.4,167,0
TXN200823,CUST11060,2026-07-28,9,Electronics,910.49,0,2.9,1185,0
TXN200824,CUST10211,2026-09-02,14,Electronics,465.07,0,11.3,572,0
TXN200825,CUST11736,2026-07-24,21,Online Retail,70.33,0,20.4,233,0
TXN200826,CUST11855,2026-09-08,14,Online Retail,156.62,0,5.9,38,0
TXN200827,CUST10866,2026-07-13,20,ATM Withdrawal,151.14,0,2.9,858,0
TXN200828,CUST11532,2026-07-22,11,Fuel,30.58,0,7.7,278,0
TXN200829,CUST11359,2026-07-19,19,Dining,119.87,0,1.0,112,0
TXN200830,CUST12492,2026-07-03,22,Travel,385.18,0,3.7,1347,0
TXN200831,CUST11640,2026-09-11,13,Travel,477.08,0,6.9,98,0
TXN200832,CUST12179,2026-08-05,7,Travel,208.03,0,14.4,124,0
TXN200833,CUST10509,2026-09-19,14,Grocery,37.37,0,3.0,97,0
TXN200834,CUST10665,2026-07-27,13,Electronics,548.6,0,0.2,557,0
TXN200835,CUST10673,2026-07-04,4,Fuel,37.64,0,4.6,36,0
TXN200836,CUST12153,2026-07-30,12,Electronics,342.78,0,4.7,451,0
TXN200837,CUST10107,2026-09-08,10,Jewelry,850.94,0,0.2,143,1
TXN200838,CUST11878,2026-08-01,20,Dining,304.72,0,8.9,77,0
TXN200839,CUST11049,2026-08-03,13,Electronics,416.07,0,1.5,70,0
TXN200840,CUST12292,2026-07-16,19,Fuel,10.7,0,5.2,1537,0
TXN200841,CUST10809,2026-08-10,11,Dining,115.73,0,11.7,35,0
TXN200842,CUST11259,2026-07-09,14,Online Retail,91.37,0,8.7,322,0
TXN200843,CUST10391,2026-07-28,2,Electronics,427.41,0,4.7,59,1
TXN200844,CUST11247,2026-07-21,9,Fuel,50.5,0,4.4,192,0
TXN200845,CUST10061,2026-08-09,17,Electronics,410.99,0,4.7,116,0
TXN200846,CUST12122,2026-09-16,7,Online Retail,22.62,0,15.4,596,0
TXN200847,CUST11999,2026-07-21,23,Dining,53.79,0,5.9,493,0
TXN200848,CUST10570,2026-08-03,6,Electronics,261.48,0,15.6,66,0
TXN200849,CUST11775,2026-07-16,16,Electronics,781.84,0,0.5,30,0
TXN200850,CUST11567,2026-09-02,11,Dining,49.75,0,1.3,183,0
TXN200851,CUST10894,2026-08-28,9,Travel,1178.71,0,2.3,206,1
TXN200852,CUST11689,2026-09-10,6,Electronics,141.76,0,19.6,288,0
TXN200853,CUST10598,2026-09-26,8,Dining,45.35,0,8.4,397,0
TXN200854,CUST12390,2026-08-23,8,Online Retail,124.27,0,15.1,22,0
TXN200855,CUST10607,2026-09-21,17,Grocery,33.55,1,0.0,224,0
TXN200856,CUST11630,2026-09-03,13,Online Retail,176.89,0,5.1,41,0
TXN200857,CUST11719,2026-07-13,9,Electronics,263.1,0,7.2,155,0
TXN200858,CUST11692,2026-08-07,12,Online Retail,81.61,0,6.0,370,0
TXN200859,CUST10548,2026-08-16,7,Online Retail,79.82,0,0.4,2956,0
TXN200860,CUST10271,2026-09-14,11,Dining,39.1,0,4.7,118,0
TXN200861,CUST12256,2026-07-25,15,Grocery,19.1,0,6.8,222,0
TXN200862,CUST11794,2026-09-05,7,Travel,315.17,0,11.5,6,0
TXN200863,CUST12414,2026-09-07,10,Travel,265.95,0,7.3,239,0
TXN200864,CUST12197,2026-09-07,9,Online Retail,339.75,1,4.0,89,0
TXN200865,CUST10316,2026-07-02,12,Fuel,27.64,0,11.8,118,0
TXN200866,CUST10049,2026-07-15,23,Electronics,339.08,0,28.1,481,0
TXN200867,CUST11300,2026-09-24,18,Dining,116.88,0,6.4,79,0
TXN200868,CUST10322,2026-09-08,18,Travel,1060.73,0,11.3,70,0
TXN200869,CUST10047,2026-08-24,9,Grocery,36.18,0,12.9,206,0
TXN200870,CUST10520,2026-08-09,12,Travel,1215.9,0,4.0,10,0
TXN200871,CUST10583,2026-09-18,15,Online Retail,290.09,0,3.4,516,0
TXN200872,CUST10534,2026-08-01,10,Travel,327.07,0,15.5,168,0
TXN200873,CUST11190,2026-09-05,16,Electronics,402.28,0,21.7,1378,0
TXN200874,CUST10781,2026-09-02,18,Online Retail,132.51,0,5.2,710,0
TXN200875,CUST12456,2026-08-24,3,Grocery,139.02,0,5.9,198,0
TXN200876,CUST10006,2026-08-22,17,Electronics,318.92,0,29.4,414,0
TXN200877,CUST10306,2026-09-21,12,Grocery,24.45,0,4.0,715,0
TXN200878,CUST10038,2026-08-15,15,Fuel,14.26,0,1.1,414,0
TXN200879,CUST11912,2026-09-14,6,Dining,169.49,0,2.3,354,0
TXN200880,CUST10815,2026-09-26,15,Electronics,243.53,0,7.6,721,0
TXN200881,CUST10494,2026-08-08,17,Dining,137.76,0,12.3,5,0
TXN200882,CUST12104,2026-09-05,6,Electronics,602.45,1,7.0,555,0
TXN200883,CUST11066,2026-07-08,15,Online Retail,45.64,0,0.9,34,0
TXN200884,CUST12243,2026-07-05,9,ATM Withdrawal,135.19,0,7.5,217,0
TXN200885,CUST10331,2026-09-12,11,Fuel,129.01,0,9.7,48,0
TXN200886,CUST11118,2026-08-13,7,Electronics,218.95,0,0.4,346,0
TXN200887,CUST12468,2026-08-05,9,Grocery,73.89,0,15.1,57,0
TXN200888,CUST11215,2026-09-26,15,Fuel,84.7,0,6.1,301,0
TXN200889,CUST10272,2026-06-29,9,ATM Withdrawal,101.08,0,14.6,42,0
TXN200890,CUST11917,2026-08-31,13,Grocery,131.49,0,16.1,89,0
TXN200891,CUST12122,2026-07-26,12,Online Retail,268.52,0,34.5,163,0
TXN200892,CUST11800,2026-06-30,11,Grocery,32.87,0,0.2,148,0
TXN200893,CUST11517,2026-09-12,11,Dining,235.44,0,3.8,307,0
TXN200894,CUST10168,2026-08-24,20,Electronics,161.26,0,4.1,297,0
TXN200895,CUST10642,2026-07-24,14,Grocery,39.24,0,2.2,618,0
TXN200896,CUST12219,2026-09-10,23,Electronics,181.0,0,46.4,178,0
TXN200897,CUST12117,2026-07-18,23,Dining,55.89,0,43.9,74,0
TXN200898,CUST11094,2026-09-07,9,Fuel,101.88,0,24.4,1353,0
TXN200899,CUST12120,2026-09-18,12,Electronics,313.68,0,0.4,106,0
TXN200900,CUST12430,2026-07-07,15,Fuel,28.4,0,17.8,142,0
TXN200901,CUST10659,2026-09-02,14,Fuel,83.44,1,3.5,49,0
TXN200902,CUST12279,2026-08-01,13,Fuel,31.21,0,0.3,391,0
TXN200903,CUST11944,2026-08-19,7,Online Retail,175.43,0,19.3,813,0
TXN200904,CUST10171,2026-09-20,16,Dining,49.05,0,3.2,149,0
TXN200905,CUST10956,2026-09-24,8,Fuel,107.38,0,6.5,185,0
TXN200906,CUST12133,2026-08-12,13,Grocery,42.75,0,3.5,1855,0
TXN200907,CUST10379,2026-08-27,13,Grocery,119.45,0,6.4,159,0
TXN200908,CUST11185,2026-09-03,6,Online Retail,210.69,0,10.7,1125,0
TXN200909,CUST10733,2026-08-10,18,Online Retail,34.88,0,0.4,286,0
TXN200910,CUST10650,2026-07-26,23,Grocery,63.68,0,0.7,334,0
TXN200911,CUST10954,2026-07-02,12,Electronics,249.17,0,3.1,129,0
TXN200912,CUST12260,2026-08-30,13,Grocery,19.76,0,48.5,978,0
TXN200913,CUST10790,2026-07-17,15,Dining,39.56,0,8.1,550,0
TXN200914,CUST10870,2026-08-28,16,Dining,47.61,0,18.4,301,0
TXN200915,CUST11117,2026-09-12,11,Fuel,41.43,0,3.5,449,0
TXN200916,CUST12133,2026-07-05,11,Dining,36.4,0,5.1,43,0
TXN200917,CUST10457,2026-07-14,10,Electronics,112.85,0,1.7,41,0
TXN200918,CUST10322,2026-09-13,17,Travel,280.3,0,3.5,292,0
TXN200919,CUST10599,2026-09-02,19,Grocery,28.58,0,13.7,712,0
TXN200920,CUST12110,2026-08-31,11,Grocery,19.17,0,5.7,218,0
TXN200921,CUST10886,2026-08-02,13,Online Retail,88.91,0,12.7,573,0
TXN200922,CUST10867,2026-09-03,17,Grocery,16.01,0,2.4,2022,0
TXN200923,CUST12322,2026-09-21,20,Grocery,50.98,0,3.0,314,0
TXN200924,CUST12127,2026-08-19,5,Jewelry,7935.18,0,10.0,284,1
TXN200925,CUST10508,2026-07-13,16,Dining,88.97,0,6.1,1491,0
TXN200926,CUST10618,2026-08-05,12,ATM Withdrawal,115.41,0,2.3,49,0
TXN200927,CUST10399,2026-09-21,4,Dining,63.72,0,10.1,936,0
TXN200928,CUST11419,2026-08-01,21,Fuel,27.25,0,9.6,342,0
TXN200929,CUST11737,2026-07-03,7,Dining,113.4,0,7.0,129,0
TXN200930,CUST11571,2026-08-16,22,Grocery,62.87,0,12.3,539,0
TXN200931,CUST10656,2026-07-30,20,Dining,141.05,0,1.3,341,0
TXN200932,CUST12353,2026-09-13,12,Dining,72.82,0,17.5,673,0
TXN200933,CUST11184,2026-09-17,16,Grocery,25.44,0,5.2,99,0
TXN200934,CUST11676,2026-08-18,17,Fuel,53.72,0,4.4,313,0
TXN200935,CUST11486,2026-07-10,15,Grocery,23.18,0,3.6,555,0
TXN200936,CUST12205,2026-08-22,13,Grocery,53.38,0,7.8,134,0
TXN200937,CUST10016,2026-08-20,21,Fuel,46.96,0,0.9,159,0
TXN200938,CUST12477,2026-09-15,17,Grocery,68.58,0,5.6,477,0
TXN200939,CUST11907,2026-08-25,12,Grocery,17.3,0,17.3,43,0
TXN200940,CUST11369,2026-09-07,8,Grocery,20.04,0,2.7,424,0
TXN200941,CUST11186,2026-08-15,18,Dining,76.09,0,9.2,100,0
TXN200942,CUST11738,2026-07-28,18,Grocery,21.88,0,0.9,394,0
TXN200943,CUST11145,2026-08-07,13,Electronics,469.3,0,3.9,84,0
TXN200944,CUST10693,2026-09-02,20,Grocery,29.9,0,13.4,108,0
TXN200945,CUST11046,2026-09-25,19,Travel,560.74,0,1.5,570,0
TXN200946,CUST10508,2026-09-22,22,Electronics,174.63,0,12.6,222,0
TXN200947,CUST10091,2026-07-29,12,Grocery,17.28,0,0.4,589,0
TXN200948,CUST11027,2026-08-26,12,Fuel,61.75,0,16.5,273,0
TXN200949,CUST10205,2026-07-13,8,Electronics,82.15,0,7.7,191,0
TXN200950,CUST12009,2026-09-01,4,Electronics,590.78,0,15.0,66,0
TXN200951,CUST11833,2026-08-31,19,Online Retail,97.91,0,2.2,620,0
TXN200952,CUST11480,2026-07-12,10,Grocery,45.52,0,55.2,559,0
TXN200953,CUST11492,2026-08-24,3,Fuel,49.94,0,3.6,376,0
TXN200954,CUST11182,2026-08-25,13,Grocery,45.58,0,5.8,893,0
TXN200955,CUST11639,2026-07-15,14,Dining,28.57,0,2.9,537,0
TXN200956,CUST12324,2026-08-29,11,Jewelry,556.97,0,10.7,289,0
TXN200957,CUST11360,2026-08-30,15,Electronics,544.64,0,8.7,851,0
TXN200958,CUST11760,2026-07-02,20,Online Retail,146.27,0,0.5,218,0
TXN200959,CUST12393,2026-09-08,12,Electronics,145.36,0,3.8,976,0
TXN200960,CUST12243,2026-07-24,12,Dining,26.01,0,8.6,54,0
TXN200961,CUST10133,2026-07-28,18,Grocery,27.4,0,5.8,11,0
TXN200962,CUST11207,2026-09-25,18,Online Retail,110.46,0,12.3,361,0
TXN200963,CUST10225,2026-09-06,11,Online Retail,240.75,0,6.1,65,0
TXN200964,CUST10221,2026-07-24,14,Online Retail,57.04,0,0.8,1237,0
TXN200965,CUST10781,2026-09-25,16,Dining,50.02,0,5.5,1152,0
TXN200966,CUST12287,2026-08-21,23,ATM Withdrawal,160.56,0,9.4,217,0
TXN200967,CUST11518,2026-09-21,13,Electronics,336.03,0,2.5,25,0
TXN200968,CUST12352,2026-06-30,15,Online Retail,181.72,0,22.0,1622,0
TXN200969,CUST12087,2026-08-18,18,Online Retail,188.16,0,2.8,209,0
TXN200970,CUST11328,2026-09-04,19,Dining,41.78,0,2.2,274,0
TXN200971,CUST12150,2026-08-24,14,Grocery,69.05,0,4.6,165,0
TXN200972,CUST11565,2026-07-18,23,Fuel,107.78,0,4.1,144,0
TXN200973,CUST10680,2026-07-28,12,Dining,105.11,0,2.0,135,0
TXN200974,CUST11656,2026-09-24,14,Online Retail,81.95,0,14.1,152,0
TXN200975,CUST11931,2026-09-06,8,ATM Withdrawal,146.53,0,12.0,452,0
TXN200976,CUST10597,2026-09-15,7,Grocery,71.0,0,0.3,178,0
TXN200977,CUST12089,2026-09-14,13,Fuel,46.45,0,11.4,548,0
TXN200978,CUST11633,2026-08-23,17,Online Retail,210.66,0,1.5,494,0
TXN200979,CUST12433,2026-07-06,22,Fuel,58.7,0,4.9,657,0
TXN200980,CUST12316,2026-07-16,8,Grocery,46.71,0,9.3,43,0
TXN200981,CUST11967,2026-08-20,11,Online Retail,92.84,0,20.2,990,0
TXN200982,CUST11147,2026-07-03,18,Grocery,6.15,0,1.0,705,0
TXN200983,CUST12442,2026-07-27,18,Online Retail,62.44,0,22.1,155,0
TXN200984,CUST11590,2026-08-04,14,Fuel,149.38,0,0.8,59,0
TXN200985,CUST11773,2026-07-13,15,Grocery,16.83,0,3.4,900,0
TXN200986,CUST10153,2026-07-17,16,Dining,100.79,0,3.6,280,0
TXN200987,CUST10209,2026-09-03,11,Fuel,23.84,0,31.7,229,0
TXN200988,CUST12096,2026-08-03,21,Dining,36.19,0,20.5,1024,0
TXN200989,CUST10221,2026-08-14,15,Dining,119.34,0,18.9,199,0
TXN200990,CUST11403,2026-08-09,11,Grocery,34.61,0,23.6,782,0
TXN200991,CUST10608,2026-08-14,18,Dining,37.52,1,38.8,1006,0
TXN200992,CUST11020,2026-08-11,17,Dining,83.44,0,11.4,549,0
TXN200993,CUST11606,2026-07-06,8,Grocery,65.31,0,0.7,49,0
TXN200994,CUST11913,2026-09-13,10,Electronics,315.24,0,0.1,944,0
TXN200995,CUST11148,2026-09-12,15,Online Retail,88.62,0,4.2,153,0
TXN200996,CUST10208,2026-09-26,19,Dining,107.33,0,9.1,125,0
TXN200997,CUST12232,2026-09-10,17,Electronics,246.57,0,1.1,407,0
TXN200998,CUST11357,2026-07-23,11,Grocery,10.8,0,6.7,270,0
TXN200999,CUST12078,2026-07-02,14,Electronics,761.22,0,17.6,498,0
TXN201000,CUST10209,2026-09-09,22,Online Retail,105.95,0,6.6,1666,0
TXN201001,CUST11889,2026-08-07,5,Electronics,433.66,0,11.7,3000,0
TXN201002,CUST10627,2026-09-11,23,Jewelry,1542.43,0,0.0,248,1
TXN201003,CUST11472,2026-06-29,7,Electronics,337.0,0,6.7,409,0
TXN201004,CUST12131,2026-08-23,15,Grocery,95.03,0,1.0,642,0
TXN201005,CUST10261,2026-08-22,13,Dining,39.81,0,1.3,285,0
TXN201006,CUST12088,2026-08-28,1,ATM Withdrawal,277.35,0,5.6,784,0
TXN201007,CUST11985,2026-08-02,23,ATM Withdrawal,65.28,0,3.7,198,0
TXN201008,CUST11850,2026-08-14,15,Electronics,276.84,0,8.9,525,0
TXN201009,CUST10557,2026-07-21,23,Grocery,166.7,1,0.4,28,0
TXN201010,CUST12101,2026-08-27,7,Travel,1411.56,0,16.4,1219,1
TXN201011,CUST11105,2026-07-13,10,Electronics,334.15,0,16.4,146,0
TXN201012,CUST10777,2026-07-03,13,ATM Withdrawal,81.24,0,9.7,238,0
TXN201013,CUST10793,2026-08-09,10,ATM Withdrawal,365.72,0,10.6,429,0
TXN201014,CUST12337,2026-08-24,16,Fuel,129.48,0,15.4,125,0
TXN201015,CUST10633,2026-08-05,19,Online Retail,245.14,0,5.0,8,0
TXN201016,CUST10256,2026-09-07,10,Fuel,93.32,1,27.4,66,0
TXN201017,CUST11500,2026-08-07,8,Fuel,55.48,1,2.9,703,0
TXN201018,CUST11160,2026-08-13,12,ATM Withdrawal,63.25,0,19.4,411,0
TXN201019,CUST11149,2026-07-24,18,Fuel,131.54,0,2.3,1540,0
TXN201020,CUST12438,2026-09-07,16,Dining,97.93,0,0.4,1198,0
TXN201021,CUST11392,2026-06-30,16,Electronics,662.91,0,4.8,371,0
TXN201022,CUST11628,2026-09-04,9,Fuel,37.04,0,6.9,240,0
TXN201023,CUST11760,2026-08-17,15,Jewelry,803.76,0,25.3,341,0
TXN201024,CUST10647,2026-09-10,10,Grocery,28.63,1,16.3,1115,0
TXN201025,CUST12180,2026-07-27,11,ATM Withdrawal,355.06,0,2.3,167,0
TXN201026,CUST11605,2026-09-09,17,Grocery,39.93,0,6.0,172,0
TXN201027,CUST10559,2026-09-10,5,Dining,109.11,0,1.3,423,0
TXN201028,CUST10741,2026-08-15,13,Online Retail,451.13,0,9.7,310,0
TXN201029,CUST11342,2026-08-18,9,ATM Withdrawal,137.54,0,37.4,392,0
TXN201030,CUST11329,2026-09-20,14,Electronics,1062.84,0,19.8,321,0
TXN201031,CUST10865,2026-07-10,9,Travel,223.45,0,25.7,388,0
TXN201032,CUST10901,2026-09-19,4,Electronics,335.73,0,10.5,20,0
TXN201033,CUST10472,2026-08-01,11,Grocery,37.85,0,15.4,348,0
TXN201034,CUST10061,2026-09-21,16,Online Retail,179.56,0,19.9,686,0
TXN201035,CUST11575,2026-07-22,11,Electronics,269.7,1,5.6,764,1
TXN201036,CUST12384,2026-07-17,16,Fuel,48.95,0,18.9,299,0
TXN201037,CUST11592,2026-08-27,22,Grocery,83.16,0,0.9,89,0
TXN201038,CUST10332,2026-07-14,6,Grocery,22.74,0,20.7,867,0
TXN201039,CUST10982,2026-08-07,13,Online Retail,124.95,0,32.2,107,0
TXN201040,CUST12115,2026-08-24,16,Online Retail,99.23,0,7.5,152,0
TXN201041,CUST11156,2026-07-06,19,Online Retail,73.56,0,1.8,123,0
TXN201042,CUST11998,2026-06-30,18,Online Retail,72.9,0,21.9,1332,0
TXN201043,CUST10756,2026-07-28,16,Travel,2076.54,0,8.2,648,0
TXN201044,CUST11030,2026-09-26,10,ATM Withdrawal,223.59,0,6.2,559,0
TXN201045,CUST11839,2026-09-26,7,Travel,404.58,0,0.3,48,0
TXN201046,CUST10869,2026-09-22,10,Electronics,236.11,0,10.4,162,0
TXN201047,CUST12100,2026-07-05,6,Electronics,550.88,0,1.1,230,0
TXN201048,CUST12465,2026-08-02,15,Fuel,35.25,0,16.1,728,0
TXN201049,CUST11710,2026-07-17,16,Dining,53.95,0,4.2,6,0
TXN201050,CUST11867,2026-07-06,15,Electronics,138.99,0,0.6,414,0
TXN201051,CUST11534,2026-09-26,17,Electronics,185.48,0,8.9,133,0
TXN201052,CUST10122,2026-07-31,15,Electronics,638.09,0,0.8,182,0
TXN201053,CUST10509,2026-09-22,8,Grocery,66.14,0,2.3,1005,0
TXN201054,CUST11679,2026-09-09,13,Online Retail,223.65,0,6.4,78,0
TXN201055,CUST11645,2026-09-04,18,Dining,106.56,0,25.8,497,0
TXN201056,CUST11259,2026-09-26,16,ATM Withdrawal,537.99,0,1.8,96,0
TXN201057,CUST10975,2026-09-05,13,Travel,409.63,0,6.5,59,0
TXN201058,CUST10591,2026-09-04,14,Grocery,26.67,0,17.1,292,0
TXN201059,CUST11345,2026-09-16,17,Dining,101.27,0,19.0,772,0
TXN201060,CUST11505,2026-07-31,15,Online Retail,108.97,0,0.1,214,0
TXN201061,CUST11529,2026-09-21,7,Grocery,55.99,1,18.8,57,0
TXN201062,CUST12205,2026-09-08,19,Online Retail,106.77,0,12.2,656,0
TXN201063,CUST10922,2026-09-16,10,Dining,30.91,0,0.9,145,0
TXN201064,CUST12331,2026-08-30,20,Electronics,271.77,0,4.0,573,1
TXN201065,CUST11967,2026-07-28,18,Jewelry,603.05,0,21.0,788,0
TXN201066,CUST11486,2026-07-20,8,Electronics,732.15,0,7.5,647,0
TXN201067,CUST11155,2026-07-25,15,Electronics,683.39,0,12.4,128,0
TXN201068,CUST12203,2026-08-24,20,Online Retail,437.12,0,15.2,127,0
TXN201069,CUST10246,2026-07-19,17,Online Retail,180.38,1,13.5,349,0
TXN201070,CUST12235,2026-09-22,19,Travel,529.6,0,5.0,1222,0
TXN201071,CUST11896,2026-09-15,13,Fuel,63.21,0,2.3,156,0
TXN201072,CUST10972,2026-08-18,9,Dining,28.18,0,0.1,54,0
TXN201073,CUST10080,2026-08-10,23,ATM Withdrawal,155.75,0,0.8,16,0
TXN201074,CUST10967,2026-09-20,18,Dining,215.96,0,16.0,833,0
TXN201075,CUST12032,2026-07-24,9,Travel,998.16,0,5.8,682,0
TXN201076,CUST12375,2026-08-03,8,Grocery,95.02,1,6.1,819,0
TXN201077,CUST12125,2026-07-18,20,Online Retail,117.23,0,15.4,411,0
TXN201078,CUST10843,2026-09-11,13,Online Retail,149.74,0,8.0,328,0
TXN201079,CUST10250,2026-07-16,10,Electronics,106.85,0,3.6,965,0
TXN201080,CUST10812,2026-09-24,14,Jewelry,1221.18,0,12.8,67,0
TXN201081,CUST12313,2026-08-10,15,Electronics,253.13,0,5.2,19,0
TXN201082,CUST11666,2026-07-01,3,Electronics,117.87,0,1.1,201,0
TXN201083,CUST11889,2026-09-10,5,Online Retail,219.74,1,5.2,241,0
TXN201084,CUST11604,2026-08-27,7,Grocery,35.72,0,0.5,198,0
TXN201085,CUST11282,2026-09-03,12,Fuel,109.89,0,2.5,64,0
TXN201086,CUST10478,2026-07-31,17,Fuel,64.43,0,0.8,455,0
TXN201087,CUST12008,2026-08-01,23,Electronics,493.79,0,0.5,304,0
TXN201088,CUST10322,2026-08-19,12,Grocery,124.55,0,0.7,115,0
TXN201089,CUST11992,2026-07-05,7,Jewelry,990.89,0,9.6,407,0
TXN201090,CUST10706,2026-07-06,9,Fuel,60.88,0,17.3,79,0
TXN201091,CUST10152,2026-08-22,14,Online Retail,87.0,0,0.8,573,0
TXN201092,CUST10216,2026-09-09,12,Electronics,777.66,0,26.7,169,0
TXN201093,CUST10817,2026-09-03,23,Grocery,15.62,0,4.4,65,0
TXN201094,CUST10686,2026-07-16,16,Electronics,284.27,0,2.2,201,0
TXN201095,CUST10692,2026-08-21,8,Electronics,241.13,0,17.6,883,0
TXN201096,CUST10122,2026-07-29,18,Grocery,44.19,0,8.2,483,0
TXN201097,CUST11738,2026-09-12,5,Fuel,50.02,0,0.7,17,0
TXN201098,CUST12247,2026-09-10,18,Electronics,346.26,0,4.8,225,0
TXN201099,CUST10126,2026-08-16,15,Fuel,53.88,0,6.5,1117,0
TXN201100,CUST12249,2026-08-24,16,Grocery,41.38,0,4.4,305,0
TXN201101,CUST10293,2026-09-08,6,Travel,711.62,0,5.8,13,0
TXN201102,CUST11835,2026-09-12,15,Grocery,68.27,0,0.6,271,0
TXN201103,CUST12229,2026-07-09,15,Jewelry,1362.89,0,2.6,536,0
TXN201104,CUST11199,2026-08-23,16,Fuel,65.2,0,2.0,457,0
TXN201105,CUST11672,2026-08-22,10,Travel,438.97,0,12.8,414,0
TXN201106,CUST10671,2026-08-09,16,Dining,116.55,0,39.4,740,0
TXN201107,CUST11307,2026-06-29,16,Online Retail,62.12,0,18.7,49,0
TXN201108,CUST10728,2026-07-22,6,Online Retail,83.29,0,15.7,316,0
TXN201109,CUST12115,2026-07-06,8,Online Retail,238.54,0,1.6,614,0
TXN201110,CUST11590,2026-09-10,12,Dining,82.52,0,16.1,417,0
TXN201111,CUST10022,2026-08-13,16,Dining,42.22,0,11.7,789,0
TXN201112,CUST10925,2026-07-30,12,Dining,129.99,0,0.3,187,0
TXN201113,CUST10297,2026-09-09,17,Travel,649.3,0,5.4,100,0
TXN201114,CUST10675,2026-08-22,13,Dining,27.38,0,4.4,488,0
TXN201115,CUST10409,2026-08-14,16,Dining,128.55,0,3.6,240,0
TXN201116,CUST11350,2026-08-11,5,Fuel,24.18,0,13.3,141,0
TXN201117,CUST11861,2026-08-14,14,Online Retail,60.74,1,9.6,133,0
TXN201118,CUST11981,2026-09-12,22,Online Retail,161.66,0,1.4,629,0
TXN201119,CUST11879,2026-08-28,8,Fuel,114.84,0,1.0,657,0
TXN201120,CUST11824,2026-09-18,13,Fuel,69.19,0,0.1,59,0
TXN201121,CUST11194,2026-09-20,15,Dining,56.57,0,3.8,272,0
TXN201122,CUST11616,2026-08-13,12,Online Retail,171.86,0,4.8,286,0
TXN201123,CUST10581,2026-07-21,8,ATM Withdrawal,124.67,0,0.4,259,0
TXN201124,CUST10175,2026-08-08,23,Grocery,106.42,0,0.8,646,0
TXN201125,CUST11407,2026-08-24,15,Travel,438.77,0,2.9,63,0
TXN201126,CUST10980,2026-08-01,14,ATM Withdrawal,226.2,0,8.4,27,0
TXN201127,CUST10304,2026-08-02,19,Grocery,34.55,0,1.2,48,0
TXN201128,CUST11362,2026-08-01,14,Dining,13.79,0,0.8,1340,0
TXN201129,CUST10334,2026-08-03,9,Fuel,80.4,0,6.6,2041,0
TXN201130,CUST12042,2026-09-15,7,Online Retail,52.02,0,8.7,90,0
TXN201131,CUST10123,2026-08-27,20,Dining,141.59,0,31.5,156,0
TXN201132,CUST10617,2026-09-24,16,Grocery,70.41,0,4.2,617,0
TXN201133,CUST12207,2026-09-10,8,Grocery,57.91,0,5.9,186,0
TXN201134,CUST11456,2026-08-18,14,Dining,251.94,0,27.0,364,0
TXN201135,CUST12412,2026-07-27,7,Fuel,21.18,0,2.2,302,0
TXN201136,CUST12286,2026-09-19,15,Grocery,42.46,0,25.1,158,0
TXN201137,CUST11056,2026-08-14,21,Grocery,54.48,0,3.8,60,0
TXN201138,CUST10605,2026-07-31,12,Grocery,93.34,0,1.1,924,0
TXN201139,CUST10714,2026-08-25,16,Dining,67.44,1,11.2,263,0
TXN201140,CUST11972,2026-07-05,16,Online Retail,103.68,0,6.7,554,1
TXN201141,CUST11819,2026-07-10,8,Dining,27.81,1,26.2,18,1
TXN201142,CUST11687,2026-08-30,16,Electronics,144.51,0,2.3,117,0
TXN201143,CUST10888,2026-09-05,19,Jewelry,435.25,0,15.0,1476,0
TXN201144,CUST11361,2026-07-18,17,Electronics,334.85,0,15.1,171,0
TXN201145,CUST10085,2026-07-02,11,Electronics,350.51,0,3.5,487,0
TXN201146,CUST12214,2026-07-09,18,Jewelry,212.04,0,1.7,30,1
TXN201147,CUST11546,2026-09-12,13,ATM Withdrawal,399.45,0,20.4,248,0
TXN201148,CUST11411,2026-08-15,16,Travel,650.38,0,10.5,525,0
TXN201149,CUST10825,2026-09-13,20,Travel,371.21,0,12.6,109,0
TXN201150,CUST10055,2026-07-31,12,Electronics,427.69,0,8.0,1443,0
TXN201151,CUST11346,2026-07-01,7,Grocery,18.04,0,0.0,235,0
TXN201152,CUST11152,2026-09-19,9,Grocery,37.9,0,0.2,454,0
TXN201153,CUST11329,2026-07-29,18,Grocery,66.74,0,8.4,577,0
TXN201154,CUST10677,2026-07-18,7,Dining,74.95,0,4.2,332,0
TXN201155,CUST11636,2026-09-15,9,Grocery,12.8,0,4.0,388,0
TXN201156,CUST10725,2026-09-24,9,Grocery,38.39,0,7.0,775,0
TXN201157,CUST10599,2026-08-11,5,Fuel,92.12,0,9.1,29,0
TXN201158,CUST11797,2026-09-13,17,Electronics,356.65,0,26.9,22,0
TXN201159,CUST11811,2026-09-22,13,Dining,102.92,0,13.9,404,0
TXN201160,CUST10258,2026-08-26,15,Online Retail,303.43,0,20.4,930,0
TXN201161,CUST10282,2026-08-30,10,Dining,52.81,0,26.2,365,0
TXN201162,CUST12045,2026-09-13,14,Electronics,406.91,0,1.9,678,0
TXN201163,CUST10261,2026-08-07,20,Online Retail,86.87,0,11.1,906,0
TXN201164,CUST12187,2026-09-24,7,Electronics,287.76,0,0.8,5,0
TXN201165,CUST10061,2026-08-23,6,Online Retail,193.37,0,10.0,124,0
TXN201166,CUST11071,2026-08-09,17,Electronics,191.22,0,7.0,55,0
TXN201167,CUST11556,2026-07-30,11,Travel,760.51,0,2.0,367,0
TXN201168,CUST11411,2026-07-01,14,Dining,28.52,0,18.0,54,0
TXN201169,CUST10696,2026-08-24,9,Electronics,186.22,0,17.4,179,0
TXN201170,CUST10573,2026-08-02,16,Jewelry,993.37,0,1.5,331,1
TXN201171,CUST10663,2026-08-01,20,Online Retail,100.32,0,11.5,400,0
TXN201172,CUST11117,2026-07-26,8,Electronics,153.48,1,19.0,245,0
TXN201173,CUST11071,2026-07-20,16,Dining,50.2,1,0.0,65,0
TXN201174,CUST11931,2026-09-25,18,Dining,39.71,0,15.1,468,0
TXN201175,CUST10126,2026-08-31,20,Travel,377.42,0,5.8,827,0
TXN201176,CUST10581,2026-09-12,9,Fuel,65.76,0,2.7,206,0
TXN201177,CUST11866,2026-08-31,6,Dining,74.92,0,1.0,269,0
TXN201178,CUST11309,2026-08-23,17,Grocery,28.35,0,6.4,177,0
TXN201179,CUST11331,2026-09-09,6,Dining,50.03,0,13.6,511,0
TXN201180,CUST11266,2026-09-05,13,Online Retail,128.21,0,2.8,9,0
TXN201181,CUST11194,2026-09-03,13,Fuel,64.38,0,1.6,132,0
TXN201182,CUST11508,2026-08-10,9,Dining,66.92,0,3.0,464,0
TXN201183,CUST11393,2026-07-05,20,Electronics,627.05,0,0.3,496,0
TXN201184,CUST10510,2026-09-10,19,Grocery,34.89,0,3.6,131,0
TXN201185,CUST10948,2026-07-11,16,Online Retail,66.26,0,17.6,1403,0
TXN201186,CUST10182,2026-09-09,19,Travel,291.7,0,21.1,134,0
TXN201187,CUST10120,2026-09-15,14,Fuel,56.82,0,6.2,31,0
TXN201188,CUST11482,2026-07-07,14,Grocery,54.34,0,1.3,29,0
TXN201189,CUST10022,2026-07-17,16,Grocery,38.02,0,3.6,529,0
TXN201190,CUST10784,2026-08-22,15,Online Retail,67.51,0,18.2,17,0
TXN201191,CUST11744,2026-07-23,11,Online Retail,110.87,0,19.6,152,0
TXN201192,CUST12018,2026-09-13,11,Dining,64.77,0,1.3,353,0
TXN201193,CUST11488,2026-09-20,23,Fuel,113.06,0,1.7,435,0
TXN201194,CUST11612,2026-07-23,18,ATM Withdrawal,361.6,0,1.5,150,0
TXN201195,CUST12499,2026-08-22,5,Grocery,84.53,0,10.5,152,0
TXN201196,CUST12303,2026-08-26,17,Electronics,245.97,0,2.9,811,0
TXN201197,CUST11330,2026-08-14,18,Travel,579.48,0,12.9,481,0
TXN201198,CUST10538,2026-09-12,20,Jewelry,2153.28,0,30.3,181,1
TXN201199,CUST12493,2026-08-11,14,Grocery,113.27,0,5.2,269,0
TXN201200,CUST12292,2026-08-18,8,Dining,74.08,0,5.3,194,0
TXN201201,CUST11497,2026-07-31,6,Grocery,17.69,0,2.4,395,0
TXN201202,CUST11507,2026-08-27,15,Grocery,87.92,0,2.9,18,0
TXN201203,CUST11928,2026-08-16,13,Dining,61.7,0,1.0,303,0
TXN201204,CUST12241,2026-09-19,17,Fuel,234.24,0,3.2,101,0
TXN201205,CUST11577,2026-09-09,13,Electronics,546.84,0,34.6,166,0
TXN201206,CUST11756,2026-07-06,17,Grocery,23.88,0,10.9,504,0
TXN201207,CUST12300,2026-08-19,13,Electronics,299.53,1,3.3,107,1
TXN201208,CUST11976,2026-08-04,15,Online Retail,116.01,0,0.5,286,0
TXN201209,CUST11200,2026-09-21,12,Jewelry,996.38,0,7.9,488,0
TXN201210,CUST12139,2026-08-25,12,Online Retail,50.72,0,16.7,97,0
TXN201211,CUST10953,2026-07-13,10,Dining,27.69,1,1.8,20,0
TXN201212,CUST10177,2026-07-25,7,Dining,26.91,0,1.5,849,0
TXN201213,CUST12023,2026-09-18,15,Grocery,45.9,0,1.9,519,0
TXN201214,CUST10218,2026-08-27,14,Electronics,220.77,0,6.9,141,0
TXN201215,CUST11161,2026-07-23,16,Online Retail,204.92,1,6.2,734,0
TXN201216,CUST10797,2026-08-10,3,ATM Withdrawal,84.92,0,1.4,212,0
TXN201217,CUST10403,2026-08-16,15,Dining,48.94,0,5.1,893,0
TXN201218,CUST10068,2026-09-24,9,Dining,75.85,0,1.5,239,0
TXN201219,CUST12396,2026-09-26,8,ATM Withdrawal,402.24,0,11.4,271,0
TXN201220,CUST10937,2026-09-10,9,Electronics,372.21,0,1.4,99,0
TXN201221,CUST10975,2026-08-10,13,Electronics,266.94,0,23.0,266,0
TXN201222,CUST10783,2026-08-11,4,Grocery,56.45,0,3.7,632,0
TXN201223,CUST11646,2026-08-29,17,Dining,39.29,0,21.0,795,0
TXN201224,CUST10285,2026-07-03,12,Grocery,22.77,0,3.0,272,0
TXN201225,CUST10001,2026-09-24,13,Electronics,445.96,0,12.9,70,0
TXN201226,CUST12490,2026-07-13,14,Dining,69.15,0,7.8,54,0
TXN201227,CUST11838,2026-09-09,13,Electronics,226.27,0,37.8,108,0
TXN201228,CUST10352,2026-07-15,15,Fuel,108.81,0,7.8,545,0
TXN201229,CUST10497,2026-07-13,11,Travel,440.78,0,3.3,839,0
TXN201230,CUST10963,2026-08-14,12,Dining,136.51,0,4.9,1395,0
TXN201231,CUST11269,2026-08-11,5,Dining,55.66,0,6.2,57,0
TXN201232,CUST11792,2026-09-04,3,Grocery,14.06,0,7.6,138,0
TXN201233,CUST11231,2026-08-09,16,Online Retail,485.92,0,6.6,224,0
TXN201234,CUST11304,2026-07-04,13,Grocery,19.06,0,25.1,109,0
TXN201235,CUST11150,2026-08-26,14,Online Retail,105.37,0,1.3,386,0
TXN201236,CUST11751,2026-08-09,12,Travel,334.91,0,20.8,239,0
TXN201237,CUST11570,2026-09-04,10,Grocery,42.98,0,14.0,20,0
TXN201238,CUST11588,2026-09-04,17,Electronics,1005.06,0,0.3,530,0
TXN201239,CUST10323,2026-08-28,13,Grocery,16.48,0,7.8,799,0
TXN201240,CUST11388,2026-08-12,7,Dining,11.51,0,1.0,734,0
TXN201241,CUST10269,2026-06-29,16,Online Retail,51.44,0,4.3,91,0
TXN201242,CUST11824,2026-07-01,22,Dining,83.19,0,2.7,517,0
TXN201243,CUST10015,2026-07-16,10,Electronics,271.51,0,0.4,297,0
TXN201244,CUST12283,2026-07-12,16,Online Retail,240.31,0,10.7,50,0
TXN201245,CUST12497,2026-07-13,15,Electronics,306.5,0,17.2,660,0
TXN201246,CUST10385,2026-08-16,12,Grocery,103.38,0,3.9,237,0
TXN201247,CUST11750,2026-07-09,18,Dining,86.46,0,23.3,88,0
TXN201248,CUST10829,2026-07-31,10,Online Retail,92.4,0,4.3,184,0
TXN201249,CUST11237,2026-09-05,20,Electronics,388.75,0,8.3,220,0
TXN201250,CUST10489,2026-09-18,4,ATM Withdrawal,92.59,0,20.0,1131,0
TXN201251,CUST10228,2026-08-29,15,Electronics,161.3,0,10.4,939,0
TXN201252,CUST12056,2026-09-26,18,Online Retail,180.75,0,7.8,546,0
TXN201253,CUST12140,2026-08-16,13,Travel,890.65,0,15.1,126,0
TXN201254,CUST11097,2026-08-02,15,Grocery,73.88,0,47.4,914,0
TXN201255,CUST12394,2026-07-13,7,ATM Withdrawal,599.97,0,1.1,5,0
TXN201256,CUST10683,2026-09-11,19,Fuel,39.3,0,1.2,247,0
TXN201257,CUST11839,2026-07-06,16,Travel,726.08,0,9.0,889,0
TXN201258,CUST10023,2026-09-10,18,Electronics,145.39,0,6.1,164,0
TXN201259,CUST11975,2026-09-14,18,Electronics,185.15,0,13.7,85,0
TXN201260,CUST10238,2026-09-11,5,Online Retail,83.92,0,2.0,345,0
TXN201261,CUST11400,2026-08-10,14,Dining,104.85,1,36.8,116,0
TXN201262,CUST10059,2026-07-23,8,Online Retail,26.61,0,21.6,106,0
TXN201263,CUST10923,2026-09-04,20,Travel,1765.18,0,8.9,685,0
TXN201264,CUST10906,2026-08-13,19,Electronics,205.54,0,11.6,98,0
TXN201265,CUST10159,2026-07-06,15,Electronics,313.86,0,3.3,46,0
TXN201266,CUST10952,2026-09-18,0,Fuel,77.67,0,5.3,399,0
TXN201267,CUST10872,2026-07-19,20,Dining,45.75,0,1.1,50,0
TXN201268,CUST11063,2026-07-08,18,Electronics,395.52,0,8.6,171,0
TXN201269,CUST10566,2026-07-07,4,Dining,35.65,0,13.4,103,0
TXN201270,CUST12485,2026-07-26,3,Grocery,146.82,0,7.5,145,0
TXN201271,CUST11562,2026-09-25,23,ATM Withdrawal,219.5,0,18.9,617,0
TXN201272,CUST10302,2026-07-30,4,Dining,106.78,0,0.2,759,0
TXN201273,CUST10957,2026-08-15,12,Travel,732.67,0,25.0,416,0
TXN201274,CUST10216,2026-09-14,4,Electronics,294.04,0,4.6,21,0
TXN201275,CUST11243,2026-08-02,15,Online Retail,115.41,0,6.4,77,0
TXN201276,CUST10816,2026-08-08,18,ATM Withdrawal,228.6,0,2.7,654,0
TXN201277,CUST11553,2026-08-05,8,Grocery,18.38,0,3.1,501,0
TXN201278,CUST11437,2026-07-31,18,Grocery,104.9,0,7.4,838,0
TXN201279,CUST11250,2026-09-07,5,Dining,77.49,0,1.4,360,0
TXN201280,CUST10303,2026-08-22,4,Fuel,26.75,0,0.4,69,0
TXN201281,CUST10710,2026-08-29,12,Online Retail,64.17,0,3.1,266,0
TXN201282,CUST10837,2026-08-25,20,Travel,434.08,0,17.2,27,0
TXN201283,CUST10585,2026-08-08,13,Electronics,452.18,0,21.2,135,0
TXN201284,CUST11290,2026-08-04,11,Dining,82.12,0,14.0,325,0
TXN201285,CUST12302,2026-09-11,14,Online Retail,80.25,0,24.5,118,0
TXN201286,CUST10675,2026-08-17,20,Dining,54.78,0,23.9,122,0
TXN201287,CUST12180,2026-09-10,17,Travel,1274.5,0,21.5,396,0
TXN201288,CUST12187,2026-09-13,9,Travel,508.51,0,3.2,183,0
TXN201289,CUST11074,2026-08-04,22,Dining,11.95,1,0.6,70,0
TXN201290,CUST11072,2026-08-02,9,Online Retail,73.08,0,5.1,1191,0
TXN201291,CUST10274,2026-07-29,19,Dining,113.79,0,23.2,688,0
TXN201292,CUST11673,2026-09-09,14,Grocery,14.19,0,4.2,619,0
TXN201293,CUST11156,2026-07-27,10,Electronics,242.28,0,3.2,175,0
TXN201294,CUST10027,2026-09-08,19,Grocery,29.12,0,2.4,483,0
TXN201295,CUST12237,2026-07-09,13,Electronics,368.7,0,3.2,38,0
TXN201296,CUST11968,2026-09-14,12,ATM Withdrawal,54.36,0,0.6,201,0
TXN201297,CUST10528,2026-08-12,19,Electronics,430.19,0,0.5,80,0
TXN201298,CUST12363,2026-07-10,11,Dining,37.45,1,5.7,65,0
TXN201299,CUST11909,2026-08-01,15,Electronics,1136.31,0,16.5,470,0
TXN201300,CUST11822,2026-07-11,23,Dining,29.94,0,5.9,288,0
TXN201301,CUST10965,2026-09-09,12,Fuel,178.23,0,4.4,207,0
TXN201302,CUST10294,2026-07-18,21,ATM Withdrawal,180.6,0,7.8,804,0
TXN201303,CUST11754,2026-07-01,16,Dining,78.24,0,16.5,483,0
TXN201304,CUST11867,2026-07-13,11,Jewelry,826.42,0,8.2,147,0
TXN201305,CUST12042,2026-07-20,16,Grocery,65.51,0,0.1,518,0
TXN201306,CUST11185,2026-09-01,11,Online Retail,146.22,0,12.0,197,0
TXN201307,CUST11722,2026-08-27,11,Grocery,60.97,0,0.0,232,0
TXN201308,CUST11087,2026-07-30,16,Electronics,291.94,0,5.9,156,0
TXN201309,CUST12426,2026-06-30,5,Travel,184.53,0,7.8,1137,0
TXN201310,CUST11972,2026-07-03,8,Dining,53.63,0,17.8,533,0
TXN201311,CUST11649,2026-09-05,17,Fuel,178.57,0,8.3,232,0
TXN201312,CUST11969,2026-08-28,11,Jewelry,554.63,0,2.8,91,0
TXN201313,CUST12038,2026-08-30,23,Online Retail,51.36,0,8.6,42,0
TXN201314,CUST12336,2026-07-24,0,Fuel,118.15,0,0.2,636,0
TXN201315,CUST12291,2026-09-07,12,Electronics,126.51,0,2.7,77,0
TXN201316,CUST10164,2026-08-24,3,Grocery,66.02,0,5.5,650,0
TXN201317,CUST10408,2026-07-16,7,Electronics,465.53,1,9.4,114,1
TXN201318,CUST12457,2026-07-19,21,Electronics,184.47,0,34.7,210,0
TXN201319,CUST10629,2026-07-08,16,Travel,1367.95,0,14.2,552,0
TXN201320,CUST11529,2026-08-31,14,Fuel,32.22,0,3.9,192,0
TXN201321,CUST11142,2026-08-09,14,Electronics,124.19,0,11.5,334,1
TXN201322,CUST10782,2026-09-10,9,Grocery,41.45,0,9.8,70,0
TXN201323,CUST10794,2026-08-14,12,Jewelry,184.05,0,2.4,57,0
TXN201324,CUST10973,2026-09-23,16,Grocery,67.83,0,3.8,1002,0
TXN201325,CUST10885,2026-07-15,7,Dining,110.54,0,14.3,244,0
TXN201326,CUST10348,2026-08-10,12,Fuel,29.66,0,7.0,305,0
TXN201327,CUST11408,2026-09-21,5,Online Retail,46.95,0,0.5,319,0
TXN201328,CUST11535,2026-09-18,0,Electronics,263.26,0,20.8,262,0
TXN201329,CUST11089,2026-09-26,10,Travel,554.71,0,2.7,1014,0
TXN201330,CUST12473,2026-08-31,7,Online Retail,75.08,0,1.4,82,0
TXN201331,CUST10611,2026-09-09,7,Electronics,182.51,0,1.7,1191,0
TXN201332,CUST10601,2026-07-16,12,Fuel,51.7,0,5.1,304,0
TXN201333,CUST10586,2026-08-21,14,Dining,81.54,0,6.5,25,0
TXN201334,CUST11112,2026-08-26,16,Grocery,41.59,0,2.7,56,0
TXN201335,CUST11120,2026-09-26,21,Dining,29.0,0,12.4,158,0
TXN201336,CUST10965,2026-09-12,5,Online Retail,336.6,0,12.0,691,0
TXN201337,CUST12308,2026-09-04,19,Travel,368.39,0,3.6,331,0
TXN201338,CUST11560,2026-08-27,14,Fuel,32.61,0,1.2,443,0
TXN201339,CUST10505,2026-09-01,14,Grocery,22.32,0,14.0,174,0
TXN201340,CUST11139,2026-08-23,18,Grocery,34.86,0,12.7,1521,0
TXN201341,CUST11126,2026-08-13,18,Online Retail,35.54,0,0.1,524,0
TXN201342,CUST11408,2026-07-01,22,Online Retail,54.34,0,2.0,372,0
TXN201343,CUST10025,2026-07-20,5,Grocery,76.18,0,33.5,290,0
TXN201344,CUST10073,2026-07-24,11,Fuel,120.67,1,0.9,634,0
TXN201345,CUST11317,2026-09-13,17,Fuel,38.09,0,3.2,160,0
TXN201346,CUST10794,2026-09-25,13,Electronics,449.65,0,1.5,166,0
TXN201347,CUST12476,2026-07-19,10,Dining,26.13,0,1.3,120,0
TXN201348,CUST12367,2026-08-01,15,Grocery,134.15,0,0.3,5,0
TXN201349,CUST10758,2026-07-04,20,Electronics,334.19,0,4.2,5,0
TXN201350,CUST10575,2026-07-10,18,Jewelry,1247.82,0,3.2,1282,0
TXN201351,CUST10777,2026-07-29,7,Fuel,99.18,0,3.4,464,0
TXN201352,CUST11317,2026-07-09,13,Fuel,79.49,0,51.5,44,0
TXN201353,CUST11296,2026-06-30,16,Dining,73.53,0,5.4,708,0
TXN201354,CUST11301,2026-06-30,18,Travel,2092.37,0,11.8,107,1
TXN201355,CUST10581,2026-07-22,16,ATM Withdrawal,110.99,0,2.3,424,0
TXN201356,CUST10411,2026-07-29,11,Dining,33.88,0,8.7,60,0
TXN201357,CUST11510,2026-08-23,7,Travel,102.32,0,3.0,84,0
TXN201358,CUST12437,2026-09-14,16,Electronics,1020.26,0,0.4,66,0
TXN201359,CUST11037,2026-09-14,8,Fuel,57.72,0,21.5,1195,0
TXN201360,CUST11155,2026-08-12,3,Electronics,400.97,0,3.4,80,1
TXN201361,CUST12186,2026-07-29,13,Dining,28.54,0,16.4,934,0
TXN201362,CUST11766,2026-09-02,8,Grocery,31.93,1,4.0,1050,0
TXN201363,CUST11516,2026-08-08,10,Travel,472.83,0,0.8,232,0
TXN201364,CUST10258,2026-08-20,18,Grocery,61.34,0,3.9,200,0
TXN201365,CUST10092,2026-07-23,12,ATM Withdrawal,222.39,0,4.9,375,0
TXN201366,CUST12192,2026-07-26,12,Electronics,558.95,0,1.3,562,0
TXN201367,CUST11566,2026-08-07,6,ATM Withdrawal,92.45,0,2.2,9,0
TXN201368,CUST11370,2026-07-04,19,Electronics,188.89,0,10.1,107,0
TXN201369,CUST12482,2026-09-24,6,Dining,145.93,0,14.0,931,0
TXN201370,CUST12322,2026-07-25,14,Online Retail,65.62,0,9.0,1097,0
TXN201371,CUST12146,2026-07-12,19,Electronics,160.08,0,6.8,373,0
TXN201372,CUST10215,2026-09-24,18,Dining,33.64,0,0.3,138,0
TXN201373,CUST11687,2026-09-12,15,Dining,49.37,0,0.6,326,0
TXN201374,CUST12051,2026-08-04,17,Jewelry,358.18,0,0.6,336,0
TXN201375,CUST11967,2026-09-14,14,Travel,268.66,0,17.6,864,0
TXN201376,CUST10725,2026-08-10,9,Online Retail,504.87,0,19.6,562,0
TXN201377,CUST10698,2026-07-18,13,Online Retail,169.42,0,3.5,97,0
TXN201378,CUST11969,2026-08-17,7,Jewelry,299.49,0,6.0,180,0
TXN201379,CUST10882,2026-08-07,22,Fuel,70.96,0,20.4,277,0
TXN201380,CUST11681,2026-09-01,18,Grocery,14.45,0,7.6,586,0
TXN201381,CUST11405,2026-07-23,9,Grocery,64.32,0,1.6,318,0
TXN201382,CUST10505,2026-08-26,20,Jewelry,2880.82,0,17.0,36,1
TXN201383,CUST10041,2026-09-09,18,Jewelry,897.44,0,4.3,277,1
TXN201384,CUST10813,2026-08-08,14,Travel,684.73,0,29.5,140,0
TXN201385,CUST10307,2026-09-07,21,Grocery,25.93,0,9.8,646,0
TXN201386,CUST11314,2026-08-11,14,Online Retail,221.14,0,7.1,515,0
TXN201387,CUST11018,2026-09-17,19,Dining,62.51,0,7.8,441,0
TXN201388,CUST12407,2026-09-21,16,Electronics,163.1,0,14.5,87,0
TXN201389,CUST11842,2026-08-04,10,ATM Withdrawal,216.04,0,7.2,287,0
TXN201390,CUST10355,2026-08-16,6,Dining,40.97,0,0.2,441,0
TXN201391,CUST12126,2026-09-23,17,Grocery,34.28,0,5.3,775,0
TXN201392,CUST12372,2026-09-03,13,Grocery,20.13,0,0.4,580,0
TXN201393,CUST10711,2026-09-19,14,Jewelry,1566.02,0,25.1,1228,1
TXN201394,CUST10056,2026-06-29,14,Dining,28.89,0,0.3,726,0
TXN201395,CUST10893,2026-08-16,19,Grocery,37.86,0,8.9,157,0
TXN201396,CUST10384,2026-08-12,14,Dining,94.25,0,2.0,166,0
TXN201397,CUST11433,2026-07-04,11,Online Retail,91.04,0,8.6,282,0
TXN201398,CUST10066,2026-09-11,14,Dining,25.2,0,9.1,12,0
TXN201399,CUST11233,2026-08-23,13,Grocery,32.58,0,2.3,78,0
TXN201400,CUST10988,2026-07-20,11,Dining,57.84,0,0.9,73,0
TXN201401,CUST10604,2026-08-04,12,Online Retail,173.27,0,1.5,605,0
TXN201402,CUST10793,2026-07-09,15,ATM Withdrawal,543.37,0,5.7,449,0
TXN201403,CUST12458,2026-08-18,19,Grocery,42.73,0,1.4,1439,0
TXN201404,CUST10103,2026-07-23,17,Electronics,345.61,0,14.5,522,0
TXN201405,CUST10875,2026-09-08,10,Fuel,27.94,0,0.9,199,0
TXN201406,CUST11846,2026-07-10,11,Electronics,319.13,0,1.8,187,0
TXN201407,CUST11898,2026-09-10,8,Online Retail,62.79,0,6.0,21,1
TXN201408,CUST10818,2026-09-13,18,Online Retail,100.21,0,18.9,135,0
TXN201409,CUST11808,2026-08-28,13,Online Retail,133.58,0,18.3,86,0
TXN201410,CUST12047,2026-07-23,18,Dining,43.19,0,19.4,1195,0
TXN201411,CUST11846,2026-06-29,12,Grocery,18.68,0,0.2,487,0
TXN201412,CUST12176,2026-08-01,13,Dining,55.98,0,1.0,453,0
TXN201413,CUST10856,2026-08-28,15,Grocery,13.32,0,13.6,486,0
TXN201414,CUST10144,2026-08-18,9,Travel,705.14,0,8.8,208,0
TXN201415,CUST11920,2026-09-15,10,Online Retail,60.72,0,2.1,54,0
TXN201416,CUST10574,2026-09-12,13,Fuel,200.46,0,1.4,11,0
TXN201417,CUST12182,2026-08-16,14,Electronics,293.44,0,14.6,195,0
TXN201418,CUST11273,2026-08-04,15,Online Retail,80.34,0,6.4,689,0
TXN201419,CUST11072,2026-07-18,8,Online Retail,150.44,0,3.5,194,0
TXN201420,CUST12494,2026-08-27,8,Dining,38.59,0,17.2,855,0
TXN201421,CUST12149,2026-07-08,17,Travel,296.32,0,11.5,517,0
TXN201422,CUST10042,2026-07-18,9,Travel,703.71,0,11.6,96,0
TXN201423,CUST11595,2026-08-10,14,Fuel,65.06,0,4.9,810,0
TXN201424,CUST11755,2026-07-07,10,ATM Withdrawal,153.65,0,3.2,211,0
TXN201425,CUST10351,2026-07-23,15,Grocery,12.36,0,5.1,96,0
TXN201426,CUST12342,2026-08-11,15,Jewelry,343.08,1,1.4,34,0
TXN201427,CUST12329,2026-07-29,18,Online Retail,90.31,0,29.5,1071,0
TXN201428,CUST11187,2026-09-02,22,Dining,27.88,0,5.4,18,0
TXN201429,CUST12070,2026-09-07,8,Grocery,32.17,0,1.7,1639,0
TXN201430,CUST12435,2026-07-28,20,Grocery,37.99,0,3.8,30,0
TXN201431,CUST11862,2026-08-30,11,Online Retail,123.36,0,3.3,718,0
TXN201432,CUST12374,2026-06-30,14,Dining,48.24,0,0.5,205,0
TXN201433,CUST12486,2026-07-16,14,Travel,546.78,0,26.7,2283,0
TXN201434,CUST12380,2026-08-25,11,Fuel,44.94,0,1.6,1589,0
TXN201435,CUST11980,2026-09-11,21,Electronics,1397.23,0,6.4,711,1
TXN201436,CUST10816,2026-09-19,9,Electronics,853.03,0,12.0,1006,0
TXN201437,CUST10605,2026-07-28,6,Fuel,123.8,0,14.0,136,0
TXN201438,CUST12046,2026-08-23,16,Online Retail,63.42,0,9.8,129,0
TXN201439,CUST10982,2026-09-05,13,ATM Withdrawal,138.22,0,2.1,59,0
TXN201440,CUST11974,2026-09-25,11,ATM Withdrawal,377.68,0,7.2,76,0
TXN201441,CUST11725,2026-07-23,23,Online Retail,179.41,0,1.6,114,0
TXN201442,CUST10202,2026-09-09,11,Jewelry,532.84,0,4.4,67,1
TXN201443,CUST10970,2026-09-02,11,Grocery,48.06,1,4.4,20,0
TXN201444,CUST10593,2026-07-31,7,Jewelry,1918.25,0,0.4,409,0
TXN201445,CUST10996,2026-07-22,15,Grocery,31.35,0,2.0,441,0
TXN201446,CUST12361,2026-09-24,18,Online Retail,89.87,0,3.7,398,0
TXN201447,CUST10829,2026-08-15,16,Dining,45.22,0,0.5,407,0
TXN201448,CUST12418,2026-07-18,23,Dining,43.72,0,5.4,446,0
TXN201449,CUST10954,2026-08-14,9,Fuel,177.55,0,3.2,176,0
TXN201450,CUST11817,2026-09-12,16,Online Retail,76.82,0,3.7,49,0
TXN201451,CUST11421,2026-09-19,12,Grocery,77.31,0,24.2,8,0
TXN201452,CUST10265,2026-07-18,12,Fuel,29.13,0,2.6,2222,0
TXN201453,CUST10201,2026-09-15,11,Travel,380.41,0,12.6,1227,0
TXN201454,CUST11101,2026-08-19,13,Online Retail,51.19,0,1.2,885,0
TXN201455,CUST11246,2026-07-30,10,Dining,54.65,0,16.7,133,0
TXN201456,CUST10657,2026-07-07,14,Dining,39.05,0,2.5,111,0
TXN201457,CUST11290,2026-07-04,12,Travel,514.73,0,1.8,49,0
TXN201458,CUST11813,2026-07-01,16,Grocery,194.34,0,1.4,865,0
TXN201459,CUST11009,2026-09-15,10,ATM Withdrawal,279.06,0,22.1,896,0
TXN201460,CUST10128,2026-07-01,14,Electronics,552.24,1,6.6,237,0
TXN201461,CUST12440,2026-07-04,15,Grocery,43.39,0,3.6,252,0
TXN201462,CUST11827,2026-08-30,8,Dining,82.79,0,6.3,135,0
TXN201463,CUST12337,2026-09-17,20,Grocery,120.22,0,20.8,42,0
TXN201464,CUST11370,2026-08-16,11,Jewelry,418.82,0,6.2,171,0
TXN201465,CUST11129,2026-09-16,13,Online Retail,185.35,0,0.5,1411,0
TXN201466,CUST12408,2026-07-22,13,Fuel,31.45,0,3.3,530,0
TXN201467,CUST10357,2026-07-09,8,Travel,735.95,0,24.7,815,0
TXN201468,CUST12002,2026-07-31,22,Grocery,19.64,0,1.2,10,0
TXN201469,CUST11426,2026-09-18,6,Grocery,35.38,0,15.0,253,0
TXN201470,CUST12067,2026-07-29,11,Grocery,100.21,0,0.9,607,0
TXN201471,CUST10164,2026-07-06,11,Grocery,45.39,0,6.7,241,0
TXN201472,CUST11631,2026-09-13,20,Online Retail,219.03,0,6.3,125,0
TXN201473,CUST10311,2026-08-05,14,Grocery,26.42,0,1.1,61,0
TXN201474,CUST11551,2026-07-11,14,Grocery,89.83,0,7.3,194,0
TXN201475,CUST11378,2026-08-18,17,Dining,15.3,0,0.6,1124,0
TXN201476,CUST11704,2026-07-17,17,Dining,26.59,0,2.5,133,0
TXN201477,CUST10040,2026-09-16,15,Dining,41.62,0,4.4,18,0
TXN201478,CUST11645,2026-09-25,18,Dining,55.25,0,4.9,868,0
TXN201479,CUST11629,2026-09-24,15,Grocery,42.56,0,6.6,359,0
TXN201480,CUST11956,2026-07-12,11,Fuel,15.82,0,5.6,86,0
TXN201481,CUST11886,2026-06-30,10,Grocery,36.67,0,0.8,230,0
TXN201482,CUST12157,2026-09-07,14,Dining,29.31,0,1.1,199,0
TXN201483,CUST11694,2026-08-28,8,Grocery,18.51,0,16.5,303,0
TXN201484,CUST12483,2026-07-08,13,Online Retail,44.59,0,23.3,147,0
TXN201485,CUST10557,2026-08-27,14,Travel,1101.1,0,1.3,744,0
TXN201486,CUST11477,2026-08-13,16,Online Retail,46.79,1,8.9,237,0
TXN201487,CUST12047,2026-09-24,16,Grocery,30.01,0,20.6,18,0
TXN201488,CUST12110,2026-08-26,14,Jewelry,514.24,0,2.9,183,0
TXN201489,CUST11476,2026-07-29,23,Travel,275.51,0,35.9,198,0
TXN201490,CUST10797,2026-07-12,4,ATM Withdrawal,456.91,0,2.0,253,0
TXN201491,CUST11792,2026-09-09,16,Online Retail,38.36,0,1.6,161,0
TXN201492,CUST12030,2026-08-02,1,Electronics,481.8,0,0.4,196,0
TXN201493,CUST10505,2026-07-06,10,Grocery,146.57,0,3.3,249,0
TXN201494,CUST10081,2026-06-30,15,Electronics,213.96,0,5.1,68,0
TXN201495,CUST12241,2026-07-29,23,Travel,140.56,1,15.0,565,0
TXN201496,CUST12472,2026-08-24,10,Electronics,229.26,0,2.1,379,0
TXN201497,CUST11025,2026-09-06,11,ATM Withdrawal,68.76,0,19.6,869,0
TXN201498,CUST11779,2026-09-16,11,Dining,67.74,0,28.0,932,0
TXN201499,CUST11532,2026-09-12,21,Online Retail,265.5,0,4.2,446,0
TXN201500,CUST12275,2026-08-09,13,Dining,120.58,0,3.1,700,0
TXN201501,CUST11300,2026-07-20,23,Dining,78.76,1,6.8,92,0
TXN201502,CUST10223,2026-08-02,16,Grocery,13.13,0,1.6,112,0
TXN201503,CUST11624,2026-07-05,13,Dining,60.28,0,2.8,900,0
TXN201504,CUST11330,2026-07-05,13,Online Retail,100.88,0,1.0,30,0
TXN201505,CUST10967,2026-09-06,18,Travel,480.01,0,22.6,13,1
TXN201506,CUST11641,2026-07-23,4,Online Retail,197.94,0,15.2,362,0
TXN201507,CUST11028,2026-09-08,12,Dining,24.86,0,2.0,383,0
TXN201508,CUST12368,2026-07-21,11,Dining,105.88,0,2.1,291,0
TXN201509,CUST11394,2026-08-19,16,Grocery,72.34,0,9.0,1033,0
TXN201510,CUST10530,2026-08-06,17,Fuel,71.63,0,10.2,861,0
TXN201511,CUST10116,2026-07-24,20,Online Retail,153.55,0,9.2,94,0
TXN201512,CUST10084,2026-08-03,15,Online Retail,37.9,0,5.1,32,0
TXN201513,CUST10167,2026-07-24,12,Online Retail,82.17,0,0.2,19,0
TXN201514,CUST10347,2026-08-26,15,Dining,115.9,0,8.9,754,0
TXN201515,CUST11761,2026-07-19,15,ATM Withdrawal,237.34,0,9.0,320,0
TXN201516,CUST10642,2026-07-22,14,Electronics,531.49,0,14.0,482,0
TXN201517,CUST11566,2026-07-05,10,Online Retail,81.75,0,12.5,1121,0
TXN201518,CUST10830,2026-08-16,20,Fuel,32.56,0,16.9,163,0
TXN201519,CUST10035,2026-09-24,14,ATM Withdrawal,147.85,0,10.6,1401,0
TXN201520,CUST11860,2026-08-21,4,Dining,85.05,0,0.3,289,0
TXN201521,CUST11992,2026-08-22,9,Dining,88.06,0,7.8,651,0
TXN201522,CUST11665,2026-08-31,22,Electronics,198.32,0,11.4,713,0
TXN201523,CUST11907,2026-09-24,10,Travel,531.64,0,18.5,258,0
TXN201524,CUST11502,2026-07-17,20,ATM Withdrawal,688.28,0,1.5,103,0
TXN201525,CUST11348,2026-07-07,15,Online Retail,239.73,0,7.0,200,0
TXN201526,CUST10222,2026-08-23,8,Fuel,47.4,0,8.7,519,0
TXN201527,CUST11863,2026-07-08,12,ATM Withdrawal,203.89,0,10.4,475,0
TXN201528,CUST10747,2026-09-09,18,Fuel,62.07,0,5.9,134,0
TXN201529,CUST10155,2026-07-28,13,Grocery,63.7,0,0.1,640,0
TXN201530,CUST10986,2026-07-28,16,Grocery,25.53,0,2.3,102,0
TXN201531,CUST10113,2026-09-19,17,Grocery,34.41,0,15.0,266,0
TXN201532,CUST12396,2026-07-06,10,Jewelry,1031.34,0,1.4,1459,0
TXN201533,CUST11576,2026-09-07,8,Online Retail,95.83,0,7.2,183,0
TXN201534,CUST11322,2026-08-22,10,Jewelry,1022.57,0,0.4,795,0
TXN201535,CUST11764,2026-07-12,14,Grocery,64.65,0,0.1,129,0
TXN201536,CUST10074,2026-07-22,17,Online Retail,119.07,0,11.3,1492,0
TXN201537,CUST10606,2026-08-24,18,Travel,573.12,0,0.5,5,0
TXN201538,CUST10435,2026-08-18,3,Grocery,56.65,0,15.2,260,0
TXN201539,CUST11247,2026-07-20,17,Travel,310.13,0,0.8,1178,0
TXN201540,CUST11945,2026-08-18,15,Grocery,51.51,0,6.5,694,0
TXN201541,CUST10478,2026-09-25,10,Electronics,579.53,0,1.7,5,0
TXN201542,CUST12268,2026-09-12,19,Grocery,43.98,0,3.4,257,0
TXN201543,CUST10930,2026-09-20,13,Dining,107.79,0,8.0,837,0
TXN201544,CUST12364,2026-07-01,21,Electronics,140.35,0,40.6,620,0
TXN201545,CUST11367,2026-08-09,14,Dining,171.0,0,6.8,334,0
TXN201546,CUST12071,2026-09-26,14,Grocery,26.74,0,2.5,225,0
TXN201547,CUST10322,2026-09-19,23,Online Retail,97.43,0,8.3,357,0
TXN201548,CUST12184,2026-07-17,8,Online Retail,77.43,1,0.2,71,0
TXN201549,CUST11616,2026-09-20,12,Grocery,69.04,0,2.1,207,0
TXN201550,CUST12427,2026-07-07,22,Online Retail,184.54,0,8.3,67,0
TXN201551,CUST10856,2026-08-16,18,Grocery,22.03,0,9.7,1431,0
TXN201552,CUST11957,2026-09-10,7,Grocery,22.45,0,10.2,696,0
TXN201553,CUST12159,2026-07-23,15,Travel,248.11,0,7.7,835,0
TXN201554,CUST10321,2026-07-04,17,ATM Withdrawal,566.01,0,13.8,89,0
TXN201555,CUST12184,2026-08-23,15,Electronics,323.83,0,13.5,323,0
TXN201556,CUST10045,2026-09-10,8,Dining,197.91,0,2.3,43,0
TXN201557,CUST10408,2026-09-25,21,Electronics,352.49,0,10.4,375,0
TXN201558,CUST10394,2026-09-25,5,ATM Withdrawal,774.59,0,6.2,255,0
TXN201559,CUST11133,2026-08-13,8,Electronics,371.34,0,2.8,60,0
TXN201560,CUST10146,2026-08-23,5,Travel,207.64,0,0.8,111,0
TXN201561,CUST12150,2026-08-03,10,Fuel,26.29,0,18.9,13,0
TXN201562,CUST10765,2026-09-10,18,Electronics,914.37,0,6.5,905,0
TXN201563,CUST12131,2026-08-09,15,Electronics,555.28,0,25.7,128,0
TXN201564,CUST12374,2026-09-05,14,Grocery,70.24,0,2.6,600,0
TXN201565,CUST10912,2026-07-28,16,Dining,28.35,0,15.8,151,0
TXN201566,CUST11655,2026-09-25,19,Fuel,87.05,0,7.1,87,0
TXN201567,CUST11288,2026-09-20,18,Travel,662.24,0,6.4,155,0
TXN201568,CUST10593,2026-09-12,6,Jewelry,1561.03,0,9.6,229,0
TXN201569,CUST10834,2026-07-04,14,Electronics,977.67,0,1.6,76,0
TXN201570,CUST12112,2026-09-06,12,Fuel,65.39,0,1.8,279,0
TXN201571,CUST12309,2026-08-14,17,Fuel,71.99,0,12.0,505,0
TXN201572,CUST11273,2026-08-26,17,Dining,22.48,1,16.6,141,1
TXN201573,CUST10585,2026-08-15,8,Electronics,382.29,0,6.8,155,0
TXN201574,CUST11843,2026-08-12,8,Online Retail,149.19,0,0.4,83,0
TXN201575,CUST10911,2026-07-11,23,Fuel,129.43,0,8.6,254,0
TXN201576,CUST10417,2026-08-03,0,ATM Withdrawal,109.14,0,4.8,271,0
TXN201577,CUST10692,2026-09-04,21,Fuel,119.54,0,14.3,351,0
TXN201578,CUST11454,2026-07-10,17,Electronics,247.77,0,1.6,478,0
TXN201579,CUST10304,2026-08-02,21,Grocery,22.17,0,2.4,60,0
TXN201580,CUST10249,2026-09-19,2,Fuel,17.96,0,9.2,145,0
TXN201581,CUST11848,2026-09-13,1,ATM Withdrawal,200.67,0,2.9,111,0
TXN201582,CUST10143,2026-09-07,12,Grocery,40.71,0,1.5,97,0
TXN201583,CUST11938,2026-09-09,10,Electronics,711.56,0,6.9,93,0
TXN201584,CUST12112,2026-09-24,18,Grocery,38.79,0,2.1,38,0
TXN201585,CUST12357,2026-07-01,13,Grocery,103.19,0,13.7,1087,0
TXN201586,CUST10199,2026-09-11,12,Grocery,101.44,0,1.5,5,0
TXN201587,CUST11333,2026-07-21,5,Electronics,600.93,0,2.7,326,0
TXN201588,CUST12255,2026-09-21,16,Grocery,34.78,0,12.4,1178,0
TXN201589,CUST10425,2026-08-12,15,Grocery,87.32,0,7.4,119,0
TXN201590,CUST12359,2026-09-09,13,Grocery,129.87,0,7.7,672,0
TXN201591,CUST11172,2026-09-26,16,Fuel,32.02,0,5.5,197,0
TXN201592,CUST12382,2026-08-17,11,Travel,534.53,0,0.3,88,0
TXN201593,CUST12278,2026-06-29,11,Grocery,9.69,0,1.9,1416,0
TXN201594,CUST11613,2026-08-06,15,Online Retail,46.91,0,3.3,312,0
TXN201595,CUST10477,2026-07-30,7,Dining,92.7,1,32.2,202,0
TXN201596,CUST11882,2026-09-03,17,ATM Withdrawal,124.82,0,4.8,463,0
TXN201597,CUST10683,2026-07-01,7,Online Retail,280.31,0,0.3,150,0
TXN201598,CUST11133,2026-08-20,19,Electronics,298.24,0,1.8,108,0
TXN201599,CUST10067,2026-07-02,9,Dining,28.39,0,4.6,307,0
TXN201600,CUST11735,2026-07-03,1,Dining,96.33,0,1.6,216,0
TXN201601,CUST10781,2026-09-09,18,Dining,49.8,0,5.5,77,0
TXN201602,CUST10380,2026-07-29,10,Online Retail,107.09,0,2.2,191,0
TXN201603,CUST12018,2026-09-07,9,Grocery,59.22,0,2.0,124,0
TXN201604,CUST11221,2026-09-08,9,Jewelry,343.9,0,12.1,207,0
TXN201605,CUST11138,2026-08-24,8,Grocery,30.59,0,2.6,554,0
TXN201606,CUST10679,2026-08-30,12,Online Retail,105.93,0,15.8,43,0
TXN201607,CUST11475,2026-09-02,19,Online Retail,98.78,0,11.0,587,0
TXN201608,CUST10333,2026-09-08,15,Grocery,56.78,0,1.4,1319,0
TXN201609,CUST12279,2026-09-07,10,Jewelry,650.75,0,19.8,461,0
TXN201610,CUST11963,2026-07-21,23,Fuel,35.96,1,41.0,439,0
TXN201611,CUST10493,2026-08-30,16,Dining,201.43,0,5.0,372,0
TXN201612,CUST11318,2026-09-21,12,Fuel,46.32,0,10.7,186,0
TXN201613,CUST10477,2026-09-23,9,Electronics,220.71,0,4.8,317,0
TXN201614,CUST10368,2026-09-15,22,Dining,139.57,0,2.4,517,0
TXN201615,CUST11287,2026-07-08,10,Dining,80.96,0,9.0,186,0
TXN201616,CUST11890,2026-09-20,18,Online Retail,68.5,0,13.1,594,0
TXN201617,CUST12171,2026-09-10,12,Dining,84.36,0,1.9,743,0
TXN201618,CUST11007,2026-07-02,9,Grocery,21.99,0,8.0,127,0
TXN201619,CUST10084,2026-09-14,8,Fuel,45.72,0,2.1,654,0
TXN201620,CUST12233,2026-07-27,16,Fuel,58.56,0,9.5,127,0
TXN201621,CUST12279,2026-07-13,21,Electronics,599.82,0,2.9,102,0
TXN201622,CUST12104,2026-07-07,19,Travel,248.37,0,1.7,1559,0
TXN201623,CUST11248,2026-08-17,20,Grocery,40.24,0,2.2,321,0
TXN201624,CUST12210,2026-07-05,13,ATM Withdrawal,53.56,0,4.1,437,0
TXN201625,CUST10501,2026-07-08,19,Grocery,53.05,0,29.7,651,0
TXN201626,CUST11385,2026-07-19,18,Travel,341.22,1,5.2,875,0
TXN201627,CUST12380,2026-08-22,19,Fuel,153.78,1,1.9,192,0
TXN201628,CUST10160,2026-07-09,7,Fuel,120.73,1,3.7,489,0
TXN201629,CUST12058,2026-08-24,6,Dining,73.15,1,5.6,58,0
TXN201630,CUST10702,2026-08-04,17,Dining,38.96,0,58.5,235,0
TXN201631,CUST11445,2026-09-20,5,Fuel,55.6,0,26.1,5,0
TXN201632,CUST10731,2026-09-07,11,Fuel,54.75,0,0.3,512,0
TXN201633,CUST10353,2026-08-19,16,Dining,111.81,0,2.4,35,0
TXN201634,CUST10205,2026-08-30,17,Dining,123.65,0,9.0,175,0
TXN201635,CUST11929,2026-07-15,19,ATM Withdrawal,154.01,0,4.1,75,0
TXN201636,CUST11509,2026-09-26,19,Jewelry,1293.25,0,1.9,914,0
TXN201637,CUST12329,2026-08-15,14,Grocery,55.0,0,0.3,416,0
TXN201638,CUST11822,2026-07-27,15,Travel,1109.7,0,3.5,1019,0
TXN201639,CUST11975,2026-07-28,21,Dining,26.35,0,0.4,36,0
TXN201640,CUST11340,2026-08-10,7,Grocery,27.19,0,11.4,512,0
TXN201641,CUST11173,2026-06-30,6,Online Retail,91.13,0,7.9,141,0
TXN201642,CUST11818,2026-09-15,12,Grocery,44.96,0,1.6,1130,0
TXN201643,CUST10957,2026-07-26,22,Grocery,33.7,0,10.2,57,1
TXN201644,CUST11707,2026-09-19,21,Dining,35.0,0,5.7,490,0
TXN201645,CUST10976,2026-08-25,20,Electronics,324.25,0,0.8,608,0
TXN201646,CUST10261,2026-08-18,16,Grocery,42.38,0,18.5,596,0
TXN201647,CUST10143,2026-09-04,15,Fuel,56.79,0,11.1,488,0
TXN201648,CUST11100,2026-09-25,5,Online Retail,107.44,0,4.7,108,0
TXN201649,CUST11556,2026-08-04,16,Electronics,411.92,1,2.0,256,0
TXN201650,CUST10870,2026-09-19,13,Jewelry,2024.41,0,18.7,531,1
TXN201651,CUST12095,2026-07-11,14,Electronics,1064.98,0,11.3,133,0
TXN201652,CUST10952,2026-09-21,18,Grocery,59.83,0,0.9,625,0
TXN201653,CUST12236,2026-09-14,23,Fuel,50.93,1,1.1,230,0
TXN201654,CUST12381,2026-08-16,19,Dining,88.47,1,2.0,178,0
TXN201655,CUST10696,2026-08-07,20,Online Retail,51.33,0,3.4,772,0
TXN201656,CUST12037,2026-08-22,17,Dining,53.71,1,11.7,223,0
TXN201657,CUST11336,2026-09-01,20,Grocery,16.69,0,14.2,310,0
TXN201658,CUST11804,2026-08-04,13,Grocery,48.19,0,4.9,457,0
TXN201659,CUST11034,2026-08-24,15,Grocery,41.05,0,12.4,679,0
TXN201660,CUST11011,2026-09-25,15,Fuel,45.97,0,12.9,30,0
TXN201661,CUST10999,2026-08-18,23,Grocery,45.48,0,10.5,197,0
TXN201662,CUST11705,2026-09-05,3,Online Retail,349.93,0,0.7,113,0
TXN201663,CUST10105,2026-08-07,12,Dining,61.7,0,1.8,123,0
TXN201664,CUST10579,2026-08-23,11,Travel,315.76,0,3.2,63,0
TXN201665,CUST12411,2026-07-28,12,Dining,99.37,0,2.6,721,0
TXN201666,CUST12121,2026-08-14,15,Fuel,27.79,0,18.2,117,0
TXN201667,CUST10308,2026-07-29,17,Electronics,652.21,0,7.0,96,0
TXN201668,CUST10792,2026-08-06,8,Jewelry,919.04,0,15.7,301,1
TXN201669,CUST11573,2026-09-11,8,Grocery,50.87,0,13.9,1068,0
TXN201670,CUST10462,2026-09-01,17,Grocery,18.14,0,6.1,13,0
TXN201671,CUST11779,2026-07-29,18,Fuel,65.02,0,6.7,95,0
TXN201672,CUST10610,2026-09-17,23,Fuel,83.66,0,3.6,656,0
TXN201673,CUST12286,2026-07-22,18,Dining,32.15,0,2.6,191,0
TXN201674,CUST11366,2026-09-20,13,Dining,10.26,0,0.5,841,0
TXN201675,CUST10055,2026-08-27,6,Travel,1024.63,1,0.5,63,1
TXN201676,CUST10688,2026-09-13,15,Electronics,661.92,0,8.2,88,1
TXN201677,CUST10623,2026-07-23,12,Online Retail,62.48,0,30.6,666,0
TXN201678,CUST10306,2026-07-19,11,Jewelry,388.89,0,10.1,145,0
TXN201679,CUST12332,2026-08-09,15,Electronics,174.96,0,10.6,14,0
TXN201680,CUST11809,2026-08-25,12,ATM Withdrawal,160.65,0,1.9,132,0
TXN201681,CUST12175,2026-09-11,9,Fuel,102.08,0,1.7,666,0
TXN201682,CUST12399,2026-07-17,11,Travel,522.47,0,3.1,1059,0
TXN201683,CUST11315,2026-07-12,18,Online Retail,54.37,0,9.0,243,0
TXN201684,CUST11651,2026-07-07,16,ATM Withdrawal,1014.98,0,2.2,122,0
TXN201685,CUST12033,2026-08-25,23,Dining,75.14,0,0.2,704,0
TXN201686,CUST10859,2026-08-08,14,ATM Withdrawal,337.55,0,13.2,384,0
TXN201687,CUST10913,2026-06-29,23,Jewelry,651.88,0,1.3,514,1
TXN201688,CUST10955,2026-08-26,12,Dining,117.72,0,7.9,711,0
TXN201689,CUST10521,2026-08-25,14,Grocery,59.44,0,26.3,1125,0
TXN201690,CUST10130,2026-07-14,12,Travel,936.72,0,9.1,80,0
TXN201691,CUST10497,2026-08-14,14,Dining,68.71,0,15.1,1107,0
TXN201692,CUST12332,2026-08-09,10,Grocery,23.76,0,0.0,397,0
TXN201693,CUST11202,2026-09-01,22,Grocery,40.37,1,10.9,979,0
TXN201694,CUST11205,2026-09-01,15,Grocery,23.16,0,0.2,101,0
TXN201695,CUST10936,2026-07-09,13,Grocery,63.48,0,8.7,40,0
TXN201696,CUST11826,2026-09-21,9,ATM Withdrawal,201.58,0,20.8,85,0
TXN201697,CUST11520,2026-07-12,16,Jewelry,282.86,0,4.0,1243,0
TXN201698,CUST10604,2026-08-24,15,Grocery,119.03,0,21.7,339,0
TXN201699,CUST11368,2026-08-08,11,Online Retail,239.91,0,4.1,521,0
TXN201700,CUST10033,2026-08-02,11,Dining,88.84,0,10.7,43,0
TXN201701,CUST10107,2026-08-18,16,Grocery,24.22,0,28.8,38,0
TXN201702,CUST10726,2026-08-29,11,Online Retail,155.11,0,5.7,203,0
TXN201703,CUST12479,2026-07-03,6,Fuel,48.87,0,10.3,15,0
TXN201704,CUST10810,2026-07-31,11,Online Retail,191.7,1,1.9,200,0
TXN201705,CUST10368,2026-09-16,16,Grocery,20.9,0,10.9,71,0
TXN201706,CUST11977,2026-09-17,9,Dining,110.04,0,4.4,241,0
TXN201707,CUST10294,2026-08-07,7,Online Retail,119.69,1,5.2,232,0
TXN201708,CUST12334,2026-07-04,13,Fuel,56.6,0,10.6,392,0
TXN201709,CUST12093,2026-09-25,9,Online Retail,57.04,0,5.6,240,0
TXN201710,CUST11047,2026-09-03,13,Fuel,82.23,0,9.7,1292,0
TXN201711,CUST12277,2026-07-04,19,Grocery,82.46,0,4.3,203,0
TXN201712,CUST12361,2026-08-27,16,Grocery,109.08,1,2.2,439,0
TXN201713,CUST11314,2026-07-13,5,Fuel,33.37,0,46.3,246,0
TXN201714,CUST12403,2026-07-08,14,Fuel,36.96,0,3.2,63,0
TXN201715,CUST11529,2026-08-20,9,Online Retail,223.59,0,0.4,1731,0
TXN201716,CUST12428,2026-09-11,16,Dining,44.52,0,6.2,117,0
TXN201717,CUST11079,2026-07-08,17,Fuel,57.4,0,5.9,723,0
TXN201718,CUST12442,2026-07-10,19,Jewelry,884.83,0,7.6,302,0
TXN201719,CUST11204,2026-09-19,17,Grocery,39.41,0,6.9,7,0
TXN201720,CUST10021,2026-09-21,14,Grocery,64.86,0,10.8,215,0
TXN201721,CUST11433,2026-08-12,17,ATM Withdrawal,182.94,0,45.7,52,0
TXN201722,CUST12024,2026-08-25,6,Online Retail,64.38,0,3.6,110,0
TXN201723,CUST12487,2026-08-07,9,Electronics,900.35,0,0.9,349,0
TXN201724,CUST10765,2026-08-10,23,Fuel,34.83,0,9.9,437,0
TXN201725,CUST11709,2026-07-26,20,Fuel,30.25,0,24.2,435,0
TXN201726,CUST11161,2026-08-25,5,Grocery,62.94,0,8.1,1059,0
TXN201727,CUST11888,2026-08-09,10,Online Retail,91.03,0,3.5,371,0
TXN201728,CUST10843,2026-07-12,5,Grocery,39.15,0,10.6,40,0
TXN201729,CUST12214,2026-07-06,21,Jewelry,1933.51,1,5.4,510,0
TXN201730,CUST11448,2026-09-17,20,Grocery,85.95,0,0.1,391,0
TXN201731,CUST10074,2026-09-11,13,Electronics,201.23,0,2.4,861,0
TXN201732,CUST10607,2026-08-10,19,Travel,339.38,0,6.8,83,0
TXN201733,CUST11417,2026-07-14,11,Online Retail,130.18,0,1.0,224,0
TXN201734,CUST11738,2026-07-14,17,Dining,95.98,0,3.4,682,0
TXN201735,CUST10534,2026-06-29,10,Online Retail,159.73,0,7.1,177,0
TXN201736,CUST11492,2026-07-24,6,Electronics,393.79,0,5.1,11,0
TXN201737,CUST11001,2026-08-21,12,Grocery,48.68,0,1.5,1315,0
TXN201738,CUST10344,2026-08-05,5,Online Retail,166.15,0,0.6,135,0
TXN201739,CUST10467,2026-07-16,8,ATM Withdrawal,483.31,0,5.1,807,0
TXN201740,CUST11821,2026-08-12,4,Online Retail,97.34,0,5.0,241,0
TXN201741,CUST11512,2026-08-16,12,Grocery,27.17,0,17.4,657,0
TXN201742,CUST11623,2026-09-09,13,Dining,38.96,0,2.0,9,0
TXN201743,CUST12348,2026-07-02,15,Grocery,80.52,0,2.0,174,0
TXN201744,CUST11064,2026-09-12,12,Jewelry,801.73,0,0.5,345,0
TXN201745,CUST10424,2026-07-21,10,Electronics,323.9,0,8.4,97,0
TXN201746,CUST10918,2026-09-08,17,Electronics,106.68,0,13.8,226,0
TXN201747,CUST11173,2026-09-06,19,Fuel,32.75,0,9.5,906,0
TXN201748,CUST11401,2026-07-29,8,Grocery,10.37,0,3.6,250,0
TXN201749,CUST11154,2026-08-24,16,Online Retail,117.93,0,17.9,336,0
TXN201750,CUST11234,2026-08-08,9,Grocery,21.22,0,1.2,70,0
TXN201751,CUST11471,2026-08-18,10,Grocery,33.15,0,0.5,752,0
TXN201752,CUST10264,2026-07-21,19,Electronics,608.99,0,16.8,61,0
TXN201753,CUST12300,2026-09-15,9,Grocery,30.71,0,0.5,1038,0
TXN201754,CUST11485,2026-09-23,14,Dining,64.34,0,8.5,5,0
TXN201755,CUST12202,2026-07-09,16,Dining,145.81,0,5.1,628,0
TXN201756,CUST10556,2026-07-11,14,Grocery,15.71,0,8.1,384,0
TXN201757,CUST10549,2026-08-11,17,Grocery,26.09,0,34.1,1100,0
TXN201758,CUST10614,2026-09-08,14,Dining,66.42,0,7.2,1616,0
TXN201759,CUST12459,2026-07-31,14,Online Retail,53.24,0,18.6,513,0
TXN201760,CUST11490,2026-07-11,10,Dining,49.86,0,0.5,1568,0
TXN201761,CUST12093,2026-09-06,8,Fuel,63.12,0,1.8,817,0
TXN201762,CUST10003,2026-09-02,12,Travel,601.16,0,21.3,70,0
TXN201763,CUST10123,2026-07-01,14,Online Retail,365.71,0,42.0,530,0
TXN201764,CUST11088,2026-08-06,10,Dining,57.35,0,3.2,793,0
TXN201765,CUST10327,2026-07-03,11,Dining,48.97,0,1.2,484,0
TXN201766,CUST11111,2026-08-02,9,Online Retail,150.45,0,1.2,5,0
TXN201767,CUST11198,2026-07-10,10,Electronics,877.1,0,4.3,120,0
TXN201768,CUST10861,2026-09-13,9,Online Retail,219.13,0,1.1,115,0
TXN201769,CUST11515,2026-08-12,18,Dining,146.61,0,1.3,262,0
TXN201770,CUST11638,2026-08-17,13,Travel,542.6,0,2.8,200,0
TXN201771,CUST11891,2026-09-14,7,Travel,485.76,0,8.0,165,0
TXN201772,CUST12440,2026-09-13,10,Fuel,39.06,0,46.7,1083,0
TXN201773,CUST10330,2026-09-04,15,Fuel,26.14,0,5.9,1616,0
TXN201774,CUST10574,2026-07-24,14,Electronics,215.65,0,8.7,1166,0
TXN201775,CUST11069,2026-08-15,10,Dining,16.36,0,3.5,127,0
TXN201776,CUST11366,2026-09-08,12,Dining,107.74,0,0.8,1123,0
TXN201777,CUST12356,2026-07-16,11,Dining,77.68,0,26.9,14,0
TXN201778,CUST12489,2026-06-30,22,Grocery,26.41,0,1.4,89,0
TXN201779,CUST12144,2026-07-18,5,Grocery,75.72,0,0.8,274,0
TXN201780,CUST11759,2026-09-15,15,Fuel,67.82,0,32.7,275,0
TXN201781,CUST12020,2026-08-30,5,Grocery,88.63,0,10.8,5,0
TXN201782,CUST12327,2026-07-18,17,Grocery,40.68,0,9.4,436,0
TXN201783,CUST11044,2026-07-19,11,Dining,29.56,0,0.5,96,0
TXN201784,CUST12329,2026-07-09,16,Online Retail,176.31,0,18.8,345,0
TXN201785,CUST11484,2026-07-25,15,Electronics,540.26,0,13.2,67,0
TXN201786,CUST12243,2026-09-14,3,Dining,101.65,0,21.7,217,0
TXN201787,CUST11607,2026-07-23,19,Grocery,27.75,0,6.0,363,0
TXN201788,CUST10811,2026-08-07,14,Grocery,69.9,0,13.6,721,0
TXN201789,CUST10574,2026-09-18,8,Jewelry,263.43,0,11.9,242,0
TXN201790,CUST12384,2026-07-09,10,Fuel,44.39,1,31.0,45,0
TXN201791,CUST10715,2026-09-16,14,Online Retail,33.09,0,10.7,58,0
TXN201792,CUST10031,2026-08-07,19,Dining,39.89,0,8.9,5,0
TXN201793,CUST11552,2026-07-28,19,Electronics,310.21,0,3.5,604,0
TXN201794,CUST10806,2026-08-11,15,Travel,785.58,0,7.2,39,0
TXN201795,CUST11668,2026-08-21,3,Dining,28.99,0,27.0,272,0
TXN201796,CUST11027,2026-09-09,7,Grocery,99.39,0,7.1,100,0
TXN201797,CUST10251,2026-09-24,19,Dining,70.73,0,0.1,248,0
TXN201798,CUST10846,2026-08-16,9,Electronics,229.89,0,2.0,49,0
TXN201799,CUST10052,2026-07-08,14,Dining,78.64,1,0.3,66,0
TXN201800,CUST11528,2026-08-27,14,ATM Withdrawal,289.63,0,0.1,361,0
TXN201801,CUST11147,2026-09-15,19,Online Retail,110.04,0,27.2,12,0
TXN201802,CUST11427,2026-08-23,12,Online Retail,121.08,0,13.6,165,0
TXN201803,CUST11048,2026-08-30,12,Dining,54.47,0,4.0,37,0
TXN201804,CUST11027,2026-09-01,15,Travel,411.18,0,17.7,515,0
TXN201805,CUST10844,2026-08-21,14,ATM Withdrawal,142.62,0,2.1,17,0
TXN201806,CUST11970,2026-08-30,15,ATM Withdrawal,197.04,0,4.0,345,0
TXN201807,CUST11937,2026-08-26,13,Grocery,15.47,0,42.7,190,0
TXN201808,CUST11133,2026-07-19,21,Dining,104.62,0,16.0,330,0
TXN201809,CUST11563,2026-07-03,8,Jewelry,853.03,0,27.7,18,0
TXN201810,CUST12317,2026-09-12,18,Online Retail,221.02,0,17.4,72,1
TXN201811,CUST11231,2026-07-10,13,Fuel,59.56,0,7.6,62,0
TXN201812,CUST11615,2026-08-29,12,Fuel,31.42,0,1.3,1018,0
TXN201813,CUST12445,2026-07-17,9,Travel,626.17,0,1.1,820,0
TXN201814,CUST10299,2026-07-04,15,Fuel,29.81,0,4.9,842,0
TXN201815,CUST11132,2026-09-04,15,Grocery,61.45,0,6.0,600,0
TXN201816,CUST10465,2026-07-22,15,Grocery,88.26,1,0.8,52,0
TXN201817,CUST12188,2026-07-13,13,Grocery,59.8,0,0.6,178,0
TXN201818,CUST12216,2026-07-16,15,Grocery,77.17,0,2.7,789,0
TXN201819,CUST11448,2026-08-08,2,Online Retail,67.93,1,14.1,19,0
TXN201820,CUST10383,2026-08-05,6,Online Retail,63.62,0,14.2,30,0
TXN201821,CUST12206,2026-09-07,12,Grocery,18.6,0,12.1,102,0
TXN201822,CUST11138,2026-09-18,16,Online Retail,826.18,0,8.6,173,0
TXN201823,CUST11339,2026-07-29,11,Grocery,55.23,0,1.6,369,0
TXN201824,CUST12295,2026-07-30,18,Electronics,535.64,0,1.7,2052,0
TXN201825,CUST10660,2026-09-18,18,Online Retail,209.12,0,4.0,344,0
TXN201826,CUST10165,2026-07-15,17,Online Retail,60.58,0,1.6,105,0
TXN201827,CUST10350,2026-07-29,16,Electronics,1085.64,0,0.9,441,0
TXN201828,CUST10908,2026-08-11,4,Grocery,41.0,0,15.9,671,0
TXN201829,CUST10900,2026-08-06,9,Online Retail,79.86,1,8.6,76,0
TXN201830,CUST10091,2026-08-26,13,ATM Withdrawal,40.5,0,3.8,8,0
TXN201831,CUST11467,2026-09-18,18,Dining,33.45,0,0.7,338,0
TXN201832,CUST12324,2026-07-07,13,Grocery,65.43,0,9.1,5,0
TXN201833,CUST10249,2026-09-06,20,Travel,532.22,0,4.2,845,0
TXN201834,CUST10428,2026-07-08,19,Grocery,26.17,0,1.6,396,0
TXN201835,CUST12052,2026-09-16,16,Grocery,71.45,0,2.3,1097,0
TXN201836,CUST11525,2026-08-12,14,Online Retail,63.61,0,17.0,114,0
TXN201837,CUST11654,2026-09-05,12,Grocery,26.96,0,1.3,61,0
TXN201838,CUST10779,2026-08-09,23,Online Retail,192.45,0,4.5,270,0
TXN201839,CUST12312,2026-07-07,17,Grocery,15.21,0,14.6,66,0
TXN201840,CUST10122,2026-07-10,6,ATM Withdrawal,142.17,0,4.4,304,0
TXN201841,CUST10286,2026-09-24,16,Electronics,771.78,0,17.1,447,0
TXN201842,CUST12342,2026-09-26,9,Grocery,31.83,0,1.0,112,0
TXN201843,CUST11735,2026-08-02,19,Grocery,53.11,0,7.6,789,0
TXN201844,CUST11501,2026-07-05,23,Travel,256.78,1,1.3,230,0
TXN201845,CUST11828,2026-09-15,18,Dining,87.76,0,4.3,125,0
TXN201846,CUST12130,2026-08-31,15,Grocery,35.47,0,5.1,48,0
TXN201847,CUST11408,2026-08-03,11,Grocery,32.89,0,3.6,385,0
TXN201848,CUST11567,2026-08-09,8,Electronics,2405.8,0,4.1,262,1
TXN201849,CUST11215,2026-07-28,17,Grocery,15.5,0,11.7,63,0
TXN201850,CUST10353,2026-08-31,13,Online Retail,110.85,0,4.5,1469,0
TXN201851,CUST10297,2026-07-14,15,Grocery,146.22,1,1.0,904,0
TXN201852,CUST10014,2026-09-07,14,Jewelry,542.82,0,0.5,860,0
TXN201853,CUST11017,2026-09-16,14,Online Retail,126.33,0,3.8,794,0
TXN201854,CUST11897,2026-08-26,13,Fuel,44.44,0,1.2,85,0
TXN201855,CUST11733,2026-08-30,13,ATM Withdrawal,65.73,0,6.3,534,0
TXN201856,CUST11676,2026-07-17,11,Fuel,44.19,0,16.9,226,0
TXN201857,CUST10447,2026-07-09,16,Fuel,60.11,0,8.4,487,0
TXN201858,CUST12076,2026-09-09,13,Grocery,22.12,0,1.9,73,0
TXN201859,CUST10510,2026-08-04,13,Jewelry,808.9,0,19.3,235,0
TXN201860,CUST12245,2026-07-07,13,Electronics,497.51,0,3.5,164,0
TXN201861,CUST12429,2026-07-13,22,Travel,656.78,0,12.5,340,0
TXN201862,CUST12212,2026-07-04,17,Online Retail,141.75,0,25.6,724,0
TXN201863,CUST12412,2026-09-09,17,Online Retail,79.46,0,1.7,63,0
TXN201864,CUST10097,2026-08-17,23,Dining,51.09,0,7.1,640,0
TXN201865,CUST11554,2026-07-16,12,Grocery,98.14,0,1.7,655,0
TXN201866,CUST12293,2026-07-21,11,Online Retail,266.29,0,10.6,425,0
TXN201867,CUST12415,2026-08-12,14,Grocery,43.95,0,8.5,82,0
TXN201868,CUST10937,2026-08-01,9,Online Retail,122.76,0,2.3,170,0
TXN201869,CUST10604,2026-09-21,16,Online Retail,53.62,0,11.3,254,0
TXN201870,CUST10579,2026-09-19,7,Online Retail,214.88,0,4.0,303,0
TXN201871,CUST10469,2026-09-20,13,Grocery,30.45,1,22.3,449,0
TXN201872,CUST10595,2026-08-09,10,Jewelry,929.25,0,0.7,653,0
TXN201873,CUST10130,2026-07-30,11,Travel,970.62,1,17.0,469,0
TXN201874,CUST11872,2026-09-03,2,Jewelry,722.98,0,4.9,163,0
TXN201875,CUST10091,2026-08-01,9,Fuel,59.66,0,1.6,1594,0
TXN201876,CUST10518,2026-09-22,18,ATM Withdrawal,744.26,0,11.5,21,0
TXN201877,CUST11823,2026-09-01,19,Jewelry,1585.12,0,6.4,227,1
TXN201878,CUST10321,2026-09-02,9,Grocery,60.24,0,9.6,726,0
TXN201879,CUST11867,2026-08-22,4,Dining,92.12,0,13.2,438,0
TXN201880,CUST11299,2026-09-17,13,Dining,127.65,0,5.4,3000,0
TXN201881,CUST11825,2026-09-17,20,ATM Withdrawal,133.12,0,5.4,628,0
TXN201882,CUST10916,2026-09-26,7,Jewelry,863.56,0,2.0,168,0
TXN201883,CUST10215,2026-07-25,18,Dining,105.54,0,2.7,435,0
TXN201884,CUST10463,2026-08-18,12,Jewelry,915.61,0,0.9,158,0
TXN201885,CUST10029,2026-08-27,16,ATM Withdrawal,227.12,0,1.4,368,0
TXN201886,CUST10835,2026-08-25,12,Online Retail,68.57,0,0.2,86,0
TXN201887,CUST10558,2026-09-08,9,Grocery,56.07,0,5.6,625,0
TXN201888,CUST10685,2026-07-07,11,Grocery,53.58,0,2.4,1776,0
TXN201889,CUST10176,2026-07-05,14,Travel,291.31,0,16.9,151,0
TXN201890,CUST12205,2026-08-19,1,Dining,34.05,1,12.9,615,0
TXN201891,CUST10174,2026-08-15,21,Dining,22.14,0,2.9,537,0
TXN201892,CUST11336,2026-07-22,13,Electronics,384.44,0,1.2,709,0
TXN201893,CUST10382,2026-08-26,11,Electronics,271.23,0,6.1,468,0
TXN201894,CUST11944,2026-08-20,17,Dining,56.64,0,0.9,365,0
TXN201895,CUST11481,2026-07-15,12,Grocery,16.93,0,6.5,970,0
TXN201896,CUST12232,2026-08-13,11,Dining,34.17,0,5.3,272,0
TXN201897,CUST10059,2026-08-18,14,Dining,82.37,0,20.3,645,0
TXN201898,CUST10998,2026-07-13,16,Grocery,47.56,0,10.2,454,0
TXN201899,CUST11290,2026-07-01,4,Grocery,16.58,0,3.7,34,0
TXN201900,CUST12102,2026-07-19,13,Grocery,39.25,0,7.0,289,0
TXN201901,CUST11519,2026-08-27,7,Grocery,28.49,0,3.9,25,0
TXN201902,CUST11393,2026-08-04,12,Electronics,496.75,0,0.8,531,0
TXN201903,CUST10671,2026-08-29,6,Fuel,28.53,0,2.0,279,0
TXN201904,CUST11922,2026-08-20,18,Online Retail,202.4,0,1.6,221,0
TXN201905,CUST10260,2026-07-31,14,Fuel,28.87,0,0.3,373,0
TXN201906,CUST10077,2026-08-08,20,Dining,53.83,0,3.2,554,0
TXN201907,CUST11198,2026-09-02,13,Dining,17.48,0,0.5,119,0
TXN201908,CUST11972,2026-08-29,8,Online Retail,136.4,0,3.5,483,0
TXN201909,CUST12285,2026-09-21,14,Online Retail,121.68,0,10.1,310,0
TXN201910,CUST12329,2026-09-10,8,Grocery,46.99,0,9.0,28,0
TXN201911,CUST12363,2026-09-10,9,Dining,106.72,0,4.2,871,0
TXN201912,CUST10417,2026-07-25,18,Travel,462.74,0,13.7,1273,0
TXN201913,CUST11821,2026-07-22,19,ATM Withdrawal,219.71,0,5.5,487,0
TXN201914,CUST10849,2026-07-11,5,Fuel,84.94,0,3.8,252,0
TXN201915,CUST10040,2026-09-09,13,Dining,129.3,0,5.2,864,0
TXN201916,CUST12411,2026-07-21,7,Grocery,12.74,0,15.0,261,0
TXN201917,CUST10129,2026-09-25,23,ATM Withdrawal,63.21,0,0.3,309,0
TXN201918,CUST12047,2026-07-28,15,Grocery,28.56,0,8.5,601,0
TXN201919,CUST11554,2026-07-22,10,Dining,35.67,0,0.3,387,0
TXN201920,CUST12109,2026-09-08,23,Grocery,24.87,0,3.4,117,0
TXN201921,CUST11780,2026-09-14,23,Grocery,37.23,0,9.4,639,0
TXN201922,CUST11148,2026-08-15,8,Electronics,210.06,0,3.2,454,0
TXN201923,CUST12332,2026-07-12,15,ATM Withdrawal,509.01,0,1.3,126,0
TXN201924,CUST11810,2026-07-15,11,Fuel,45.05,0,0.1,133,0
TXN201925,CUST12371,2026-09-16,10,Fuel,35.57,0,19.1,1558,0
TXN201926,CUST10995,2026-08-11,8,Grocery,28.98,0,0.9,1000,0
TXN201927,CUST12092,2026-09-10,23,Online Retail,81.45,0,6.4,75,0
TXN201928,CUST12096,2026-07-06,14,Dining,115.48,0,9.4,187,0
TXN201929,CUST11817,2026-09-02,21,Online Retail,131.9,0,14.7,8,0
TXN201930,CUST12149,2026-09-13,14,Fuel,21.66,0,10.2,213,0
TXN201931,CUST11432,2026-07-12,8,Dining,52.64,0,1.9,1395,0
TXN201932,CUST12480,2026-08-17,10,Grocery,67.57,0,4.4,370,0
TXN201933,CUST12415,2026-09-15,16,Dining,96.24,0,27.2,384,0
TXN201934,CUST11348,2026-06-30,17,Dining,47.01,0,26.9,370,0
TXN201935,CUST10065,2026-07-03,8,Online Retail,103.53,0,1.2,115,0
TXN201936,CUST10787,2026-08-16,11,Travel,387.01,0,4.2,87,0
TXN201937,CUST12230,2026-08-15,13,Online Retail,116.8,0,30.9,267,0
TXN201938,CUST10697,2026-07-02,13,Online Retail,59.38,0,4.4,544,0
TXN201939,CUST11033,2026-09-17,8,Grocery,48.22,0,3.5,1033,0
TXN201940,CUST11691,2026-08-28,20,Grocery,137.07,0,1.6,49,0
TXN201941,CUST10467,2026-07-09,23,Fuel,83.15,0,6.6,731,0
TXN201942,CUST10464,2026-08-13,16,Dining,52.91,0,9.5,44,0
TXN201943,CUST10308,2026-09-26,13,Online Retail,47.69,0,6.7,741,0
TXN201944,CUST10437,2026-09-15,18,Grocery,35.67,1,1.7,469,0
TXN201945,CUST10052,2026-09-12,5,Fuel,40.54,0,7.9,55,0
TXN201946,CUST10654,2026-09-25,7,Grocery,29.44,0,1.2,725,0
TXN201947,CUST12322,2026-09-10,10,Grocery,37.88,0,0.2,27,0
TXN201948,CUST12237,2026-07-16,7,Online Retail,84.3,0,2.5,192,0
TXN201949,CUST10177,2026-08-06,9,Online Retail,177.0,0,10.8,527,0
TXN201950,CUST10421,2026-09-12,19,Dining,120.47,0,2.2,162,0
TXN201951,CUST10471,2026-08-29,23,ATM Withdrawal,129.63,0,34.6,94,0
TXN201952,CUST11494,2026-07-15,21,ATM Withdrawal,216.64,0,8.6,1163,0
TXN201953,CUST10480,2026-07-18,17,Fuel,96.0,0,20.8,55,0
TXN201954,CUST10007,2026-08-20,9,Fuel,69.12,1,5.5,544,0
TXN201955,CUST10043,2026-08-15,12,Online Retail,110.43,1,12.7,335,0
TXN201956,CUST11053,2026-08-24,12,Fuel,54.12,0,5.3,819,0
TXN201957,CUST10639,2026-07-15,23,Grocery,35.95,0,15.2,24,1
TXN201958,CUST11327,2026-08-23,18,Online Retail,72.11,0,1.9,93,0
TXN201959,CUST10755,2026-07-09,13,Fuel,18.56,0,4.1,128,0
TXN201960,CUST11816,2026-08-03,14,Electronics,276.46,0,4.3,5,0
TXN201961,CUST11274,2026-08-30,13,Online Retail,118.44,0,6.1,699,0
TXN201962,CUST11635,2026-09-01,13,Fuel,64.24,0,2.4,125,0
TXN201963,CUST10551,2026-09-21,12,Grocery,12.68,0,16.1,85,0
TXN201964,CUST10254,2026-08-21,13,Grocery,31.49,0,5.5,1026,0
TXN201965,CUST11960,2026-07-21,14,Fuel,49.56,0,17.2,39,0
TXN201966,CUST12067,2026-07-20,23,Travel,640.21,0,5.2,347,0
TXN201967,CUST11650,2026-07-17,10,Grocery,21.32,0,10.3,432,0
TXN201968,CUST10576,2026-07-09,21,Grocery,19.37,0,7.4,259,0
TXN201969,CUST11886,2026-08-28,11,Dining,95.42,0,17.4,204,0
TXN201970,CUST10595,2026-07-13,23,Online Retail,83.23,0,0.9,74,0
TXN201971,CUST11588,2026-08-14,19,ATM Withdrawal,75.6,0,1.3,5,0
TXN201972,CUST10573,2026-07-25,16,Grocery,23.97,0,22.4,33,0
TXN201973,CUST10518,2026-09-13,11,Electronics,391.06,0,1.1,294,0
TXN201974,CUST10382,2026-07-29,11,Electronics,404.06,0,1.5,31,0
TXN201975,CUST12259,2026-09-12,14,Dining,89.61,0,2.1,607,0
TXN201976,CUST12225,2026-07-18,6,Grocery,46.21,0,9.3,1402,0
TXN201977,CUST12202,2026-09-17,22,ATM Withdrawal,183.77,0,0.5,931,0
TXN201978,CUST11792,2026-07-13,8,Grocery,17.31,0,18.3,82,0
TXN201979,CUST10591,2026-09-11,17,Dining,124.36,0,7.8,78,0
TXN201980,CUST10522,2026-08-24,21,ATM Withdrawal,424.09,0,10.6,584,0
TXN201981,CUST11301,2026-07-19,7,Dining,47.77,0,13.8,319,0
TXN201982,CUST10385,2026-09-01,10,Dining,64.15,0,8.6,280,0
TXN201983,CUST11516,2026-08-13,9,Dining,45.59,0,0.5,239,0
TXN201984,CUST10563,2026-07-07,20,Fuel,36.71,0,1.2,324,0
TXN201985,CUST10954,2026-09-24,18,Dining,69.01,0,4.3,559,0
TXN201986,CUST11886,2026-07-21,14,Online Retail,111.85,0,3.0,1239,0
TXN201987,CUST11192,2026-07-25,17,Fuel,60.07,0,11.5,224,0
TXN201988,CUST10039,2026-08-06,8,Online Retail,193.23,0,6.8,489,0
TXN201989,CUST12165,2026-08-04,12,Dining,132.48,0,14.1,488,0
TXN201990,CUST12007,2026-08-03,13,ATM Withdrawal,106.09,0,17.4,104,0
TXN201991,CUST10249,2026-07-13,21,Electronics,339.81,0,10.9,379,0
TXN201992,CUST11044,2026-07-09,7,Dining,36.24,0,10.2,720,0
TXN201993,CUST11056,2026-09-05,10,Grocery,26.67,1,3.8,425,0
TXN201994,CUST11710,2026-08-27,14,Fuel,49.06,0,1.2,199,0
TXN201995,CUST12401,2026-08-29,15,ATM Withdrawal,110.95,0,1.1,243,0
TXN201996,CUST10220,2026-08-17,11,Online Retail,175.3,0,22.2,725,0
TXN201997,CUST10995,2026-07-13,14,Electronics,503.3,0,8.4,382,0
TXN201998,CUST11336,2026-09-12,12,Jewelry,629.94,0,11.3,421,0
TXN201999,CUST11088,2026-08-27,13,Grocery,56.22,0,8.2,126,0
TXN202000,CUST11653,2026-09-01,10,Online Retail,66.6,0,9.3,16,0
TXN202001,CUST11036,2026-07-14,14,Dining,164.27,1,12.1,102,0
TXN202002,CUST10999,2026-07-15,13,Grocery,127.6,0,7.7,214,0
TXN202003,CUST12180,2026-08-19,14,Grocery,51.7,0,5.6,49,0
TXN202004,CUST10353,2026-07-12,21,Grocery,32.66,0,2.4,114,0
TXN202005,CUST11339,2026-06-30,18,Online Retail,89.13,0,19.6,426,0
TXN202006,CUST11292,2026-06-30,15,Grocery,29.2,0,18.4,79,0
TXN202007,CUST11672,2026-09-20,15,Travel,1211.61,0,1.1,630,0
TXN202008,CUST11519,2026-07-01,17,Dining,68.13,0,4.5,215,0
TXN202009,CUST10364,2026-07-13,19,Electronics,611.16,0,6.9,592,0
TXN202010,CUST12070,2026-07-31,19,Grocery,67.4,0,15.7,569,0
TXN202011,CUST10639,2026-07-17,14,Grocery,22.82,0,1.2,5,0
TXN202012,CUST11813,2026-07-20,7,Online Retail,294.32,0,8.0,1161,0
TXN202013,CUST10621,2026-07-04,7,Grocery,127.35,0,41.4,463,0
TXN202014,CUST11963,2026-09-08,13,ATM Withdrawal,425.44,0,3.3,213,0
TXN202015,CUST12207,2026-09-15,10,Online Retail,300.1,1,10.7,18,0
TXN202016,CUST11088,2026-08-23,16,Grocery,26.82,0,1.3,708,0
TXN202017,CUST11869,2026-08-01,21,Grocery,71.97,0,5.8,205,0
TXN202018,CUST10086,2026-08-06,17,Dining,81.76,0,10.4,112,0
TXN202019,CUST11600,2026-06-30,14,Grocery,30.21,0,27.3,66,0
TXN202020,CUST11162,2026-08-13,8,Dining,95.8,0,9.3,145,0
TXN202021,CUST11887,2026-09-26,15,Grocery,18.08,0,4.3,47,0
TXN202022,CUST10906,2026-07-10,6,ATM Withdrawal,314.78,0,4.5,152,0
TXN202023,CUST10209,2026-08-24,15,Online Retail,128.75,0,5.9,1010,0
TXN202024,CUST10204,2026-07-10,15,Grocery,36.31,0,2.5,47,0
TXN202025,CUST11165,2026-09-10,20,Grocery,30.8,0,2.1,132,0
TXN202026,CUST12221,2026-09-22,23,Dining,41.86,0,5.3,938,0
TXN202027,CUST11809,2026-07-25,15,Electronics,370.38,0,0.5,177,0
TXN202028,CUST12052,2026-07-03,23,Dining,31.4,1,31.7,753,0
TXN202029,CUST10777,2026-08-18,19,Jewelry,1714.49,0,9.0,184,0
TXN202030,CUST10288,2026-08-18,11,Online Retail,144.15,0,2.3,272,0
TXN202031,CUST11176,2026-07-17,15,Grocery,26.74,0,5.4,414,0
TXN202032,CUST10853,2026-07-29,16,Electronics,78.55,0,28.4,194,0
TXN202033,CUST10941,2026-08-01,8,Online Retail,157.86,0,0.1,388,0
TXN202034,CUST10232,2026-09-08,13,Dining,44.62,0,4.2,865,0
TXN202035,CUST11022,2026-08-13,14,Dining,39.31,0,6.6,154,0
TXN202036,CUST10899,2026-07-02,21,Dining,65.64,0,7.6,70,0
TXN202037,CUST12385,2026-07-12,7,Online Retail,107.13,0,20.4,481,0
TXN202038,CUST10605,2026-07-27,16,Grocery,30.58,0,0.5,336,0
TXN202039,CUST12314,2026-07-12,7,Electronics,248.56,0,25.4,292,0
TXN202040,CUST10046,2026-08-04,12,Grocery,24.84,0,12.1,58,0
TXN202041,CUST10857,2026-08-23,21,Fuel,62.45,0,6.9,62,0
TXN202042,CUST11639,2026-09-16,12,Fuel,59.54,0,7.5,191,0
TXN202043,CUST11287,2026-09-21,15,Grocery,83.66,0,13.8,1836,0
TXN202044,CUST12424,2026-08-27,16,Grocery,20.69,1,28.8,5,0
TXN202045,CUST11738,2026-08-13,8,Grocery,13.29,1,2.4,220,0
TXN202046,CUST10272,2026-09-05,17,ATM Withdrawal,169.46,0,1.2,15,0
TXN202047,CUST10844,2026-06-30,17,Grocery,21.84,0,4.6,143,0
TXN202048,CUST10481,2026-07-25,12,Electronics,345.34,0,4.7,107,0
TXN202049,CUST10013,2026-09-01,22,Online Retail,115.57,0,5.1,460,0
TXN202050,CUST11639,2026-08-20,23,ATM Withdrawal,200.54,1,11.7,115,0
TXN202051,CUST10982,2026-07-10,20,Grocery,12.61,0,12.2,98,0
TXN202052,CUST10877,2026-08-22,17,Online Retail,74.63,0,0.2,24,0
TXN202053,CUST11964,2026-08-16,8,Electronics,225.83,0,2.1,785,0
TXN202054,CUST11264,2026-09-17,9,Grocery,27.23,0,19.9,544,0
TXN202055,CUST11626,2026-08-15,16,Grocery,39.49,0,2.5,306,0
TXN202056,CUST11449,2026-07-11,16,Electronics,846.55,0,2.0,385,0
TXN202057,CUST11695,2026-09-04,20,Grocery,62.44,1,13.1,321,0
TXN202058,CUST11516,2026-09-01,19,Online Retail,103.35,0,2.1,920,0
TXN202059,CUST12444,2026-09-07,19,Online Retail,50.95,0,14.0,10,0
TXN202060,CUST11223,2026-09-11,14,Online Retail,244.71,0,9.9,17,0
TXN202061,CUST12062,2026-07-08,17,Grocery,24.22,0,1.2,607,0
TXN202062,CUST11711,2026-09-24,15,Online Retail,103.0,0,6.0,925,0
TXN202063,CUST10506,2026-07-01,15,Dining,48.15,0,20.1,503,1
TXN202064,CUST11607,2026-07-29,15,Grocery,49.41,0,2.3,291,0
TXN202065,CUST11473,2026-09-11,18,Dining,148.04,0,26.5,547,0
TXN202066,CUST10525,2026-07-28,23,Travel,305.58,0,20.0,374,0
TXN202067,CUST12176,2026-09-14,16,Dining,119.0,0,1.0,398,0
TXN202068,CUST12396,2026-07-11,14,Grocery,69.55,1,13.1,195,0
TXN202069,CUST10755,2026-08-19,11,Online Retail,148.65,0,9.4,48,0
TXN202070,CUST11224,2026-07-20,19,Online Retail,247.23,0,12.9,33,0
TXN202071,CUST11109,2026-09-07,10,Online Retail,172.66,0,4.5,115,0
TXN202072,CUST12058,2026-09-22,4,Grocery,40.46,0,9.0,40,0
TXN202073,CUST10027,2026-09-12,21,Grocery,16.81,0,3.1,441,0
TXN202074,CUST12369,2026-07-28,23,Fuel,39.43,0,4.3,90,0
TXN202075,CUST10113,2026-08-24,14,Online Retail,80.85,0,3.4,38,0
TXN202076,CUST11924,2026-09-26,15,Dining,94.12,0,2.6,381,0
TXN202077,CUST12212,2026-07-16,15,Online Retail,160.47,0,1.5,536,0
TXN202078,CUST10287,2026-09-22,18,Dining,31.32,0,31.9,544,0
TXN202079,CUST11923,2026-07-06,7,Fuel,57.26,0,5.8,530,0
TXN202080,CUST12187,2026-07-27,4,Travel,1156.26,0,1.1,539,1
TXN202081,CUST12162,2026-07-07,11,Travel,475.87,0,26.1,20,0
TXN202082,CUST10064,2026-09-04,21,ATM Withdrawal,195.6,1,5.0,471,0
TXN202083,CUST12089,2026-07-01,16,Grocery,38.27,0,20.7,122,0
TXN202084,CUST10384,2026-08-10,9,Grocery,29.95,0,5.3,93,0
TXN202085,CUST11877,2026-09-16,14,Dining,38.34,0,12.1,1120,0
TXN202086,CUST10202,2026-07-01,11,Grocery,21.82,0,9.8,2773,0
TXN202087,CUST11967,2026-07-24,9,Grocery,25.33,1,2.1,469,0
TXN202088,CUST11742,2026-07-01,8,Online Retail,170.92,0,25.9,459,0
TXN202089,CUST12156,2026-07-23,14,Dining,83.46,0,2.3,229,0
TXN202090,CUST10391,2026-08-18,14,Online Retail,208.4,0,26.3,1103,0
TXN202091,CUST10222,2026-08-13,16,Online Retail,77.35,0,11.0,714,0
TXN202092,CUST11614,2026-08-30,15,Dining,23.56,1,23.4,398,0
TXN202093,CUST10333,2026-08-23,9,Dining,83.7,0,0.4,168,0
TXN202094,CUST12051,2026-08-26,10,Travel,1643.12,0,5.9,1360,0
TXN202095,CUST11570,2026-07-09,13,Online Retail,97.22,0,4.0,73,0
TXN202096,CUST10630,2026-09-20,16,Grocery,50.47,0,5.6,298,0
TXN202097,CUST12476,2026-08-26,10,Online Retail,124.42,0,5.6,35,1
TXN202098,CUST11177,2026-09-14,19,Electronics,386.51,0,16.8,91,0
TXN202099,CUST11587,2026-07-19,8,Grocery,34.07,1,2.9,16,0
TXN202100,CUST10874,2026-07-08,12,Travel,403.79,0,1.6,110,0
TXN202101,CUST10947,2026-07-23,3,Travel,262.77,0,6.5,469,0
TXN202102,CUST12071,2026-08-19,5,Fuel,32.62,0,13.0,760,0
TXN202103,CUST11321,2026-09-11,23,Grocery,71.48,0,9.5,119,0
TXN202104,CUST12365,2026-08-26,16,Dining,50.52,0,5.3,208,0
TXN202105,CUST10112,2026-08-11,15,Dining,37.03,0,6.2,229,0
TXN202106,CUST10806,2026-07-10,21,Dining,65.83,0,11.4,551,0
TXN202107,CUST12459,2026-09-11,7,Travel,249.92,0,16.8,12,0
TXN202108,CUST11431,2026-07-14,10,Online Retail,127.15,0,3.1,54,0
TXN202109,CUST10881,2026-09-17,17,Electronics,506.66,0,5.0,761,0
TXN202110,CUST10501,2026-09-15,7,Grocery,60.95,0,1.6,21,0
TXN202111,CUST10604,2026-07-20,12,Dining,70.63,0,14.6,5,0
TXN202112,CUST10952,2026-07-31,0,Grocery,49.49,0,15.9,794,0
TXN202113,CUST10292,2026-07-17,16,ATM Withdrawal,222.53,0,12.9,415,0
TXN202114,CUST10084,2026-07-30,21,Electronics,596.86,0,1.9,346,0
TXN202115,CUST11033,2026-08-07,17,Grocery,17.23,0,28.3,558,0
TXN202116,CUST10901,2026-09-07,11,Fuel,30.28,0,12.3,30,0
TXN202117,CUST11936,2026-07-14,10,Grocery,57.96,0,8.2,23,0
TXN202118,CUST11983,2026-09-08,19,Dining,21.31,0,9.2,738,0
TXN202119,CUST11785,2026-07-30,0,Online Retail,105.31,0,1.0,369,0
TXN202120,CUST11839,2026-08-17,12,Online Retail,156.84,0,2.5,74,0
TXN202121,CUST12071,2026-07-12,8,Grocery,124.44,0,2.6,46,0
TXN202122,CUST10094,2026-07-11,15,Grocery,10.8,0,30.0,1159,0
TXN202123,CUST10395,2026-07-02,9,Electronics,274.05,0,3.0,349,0
TXN202124,CUST10261,2026-07-29,16,Travel,263.63,0,3.4,1570,0
TXN202125,CUST12329,2026-08-17,5,Fuel,60.82,0,1.5,37,0
TXN202126,CUST11609,2026-09-06,8,Online Retail,120.08,0,14.2,278,0
TXN202127,CUST10238,2026-07-28,18,Grocery,86.39,0,0.8,212,0
TXN202128,CUST12047,2026-08-04,23,Travel,657.23,0,4.5,115,0
TXN202129,CUST11914,2026-07-01,9,Dining,25.53,0,4.1,134,0
TXN202130,CUST11223,2026-06-30,4,Fuel,109.11,0,18.9,19,0
TXN202131,CUST12446,2026-08-16,19,Fuel,38.41,0,8.9,481,0
TXN202132,CUST12365,2026-09-26,15,Electronics,167.75,0,0.6,592,0
TXN202133,CUST10519,2026-09-06,3,Dining,109.28,0,4.2,29,0
TXN202134,CUST11029,2026-07-08,10,Travel,658.96,0,15.3,349,0
TXN202135,CUST11784,2026-09-25,14,Grocery,18.98,0,1.3,351,0
TXN202136,CUST10160,2026-07-03,15,Grocery,34.8,0,10.0,526,0
TXN202137,CUST10266,2026-08-11,19,Dining,33.48,0,6.9,1235,0
TXN202138,CUST11293,2026-07-28,16,Jewelry,608.74,0,16.4,405,0
TXN202139,CUST11899,2026-08-31,9,Travel,175.36,0,2.7,330,0
TXN202140,CUST10371,2026-07-25,4,Electronics,506.74,0,1.7,132,0
TXN202141,CUST10298,2026-08-11,13,Grocery,26.1,0,2.2,288,0
TXN202142,CUST11903,2026-09-05,17,Jewelry,337.38,0,10.1,393,0
TXN202143,CUST10816,2026-08-15,21,Grocery,15.6,0,1.8,91,0
TXN202144,CUST10116,2026-09-24,19,Grocery,26.11,0,2.0,566,0
TXN202145,CUST10864,2026-08-12,12,Jewelry,609.49,0,13.9,17,0
TXN202146,CUST10838,2026-07-27,10,Electronics,167.07,0,0.9,574,0
TXN202147,CUST11534,2026-07-06,21,Travel,666.91,1,13.8,1023,0
TXN202148,CUST11775,2026-07-15,18,Electronics,327.17,0,11.5,146,0
TXN202149,CUST12351,2026-09-12,10,Grocery,57.62,0,5.6,270,0
TXN202150,CUST11780,2026-07-19,12,Electronics,110.32,0,9.9,698,0
TXN202151,CUST11590,2026-07-17,16,Online Retail,438.83,0,0.5,678,0
TXN202152,CUST11357,2026-09-23,1,Travel,766.74,0,11.9,146,0
TXN202153,CUST11734,2026-07-26,17,Grocery,21.79,0,2.5,881,0
TXN202154,CUST12065,2026-09-14,12,Fuel,75.6,1,9.6,1032,0
TXN202155,CUST10173,2026-09-15,7,Grocery,30.46,0,3.2,801,0
TXN202156,CUST12137,2026-09-15,7,Electronics,75.53,0,2.3,746,0
TXN202157,CUST10762,2026-07-28,9,Travel,583.2,0,5.4,105,0
TXN202158,CUST10994,2026-08-25,15,Dining,94.77,0,6.4,256,0
TXN202159,CUST10733,2026-08-31,10,ATM Withdrawal,293.0,0,7.5,156,0
TXN202160,CUST10072,2026-06-30,20,Jewelry,1064.97,0,37.2,636,0
TXN202161,CUST12390,2026-07-23,16,Fuel,16.97,0,3.2,222,0
TXN202162,CUST11689,2026-08-10,12,Electronics,178.81,0,10.3,380,0
TXN202163,CUST10945,2026-08-18,20,Online Retail,159.29,0,19.8,366,0
TXN202164,CUST12031,2026-08-27,23,Dining,138.24,0,8.4,17,0
TXN202165,CUST11840,2026-07-20,21,ATM Withdrawal,103.26,0,14.9,224,0
TXN202166,CUST11269,2026-07-27,20,Grocery,54.77,0,5.5,953,0
TXN202167,CUST10548,2026-09-24,12,Fuel,25.22,0,0.1,385,0
TXN202168,CUST10174,2026-07-11,18,Fuel,49.57,0,5.7,222,0
TXN202169,CUST10351,2026-07-15,17,Grocery,35.33,0,8.0,272,0
TXN202170,CUST11404,2026-09-16,23,Grocery,69.65,0,5.1,71,0
TXN202171,CUST11541,2026-08-27,13,Grocery,35.7,0,4.5,693,0
TXN202172,CUST11071,2026-07-15,21,ATM Withdrawal,129.93,0,12.3,208,0
TXN202173,CUST10896,2026-08-17,10,Dining,29.58,0,7.5,150,0
TXN202174,CUST12263,2026-07-18,8,Travel,306.93,0,9.7,37,0
TXN202175,CUST11593,2026-08-05,8,Fuel,22.68,0,8.6,1110,0
TXN202176,CUST10441,2026-08-31,17,Online Retail,190.28,0,9.2,32,0
TXN202177,CUST10040,2026-07-09,8,Grocery,53.19,0,1.4,149,0
TXN202178,CUST10649,2026-08-02,13,Dining,34.57,0,0.2,356,0
TXN202179,CUST10003,2026-09-20,11,Fuel,16.1,0,6.2,6,0
TXN202180,CUST10570,2026-07-16,15,Dining,47.06,0,9.5,447,0
TXN202181,CUST10367,2026-09-25,16,Grocery,14.15,0,4.4,86,0
TXN202182,CUST11574,2026-08-31,14,Online Retail,267.57,0,1.3,106,0
TXN202183,CUST10484,2026-07-13,18,Grocery,43.74,0,6.3,223,0
TXN202184,CUST10775,2026-09-19,7,Online Retail,38.4,0,16.2,834,0
TXN202185,CUST11412,2026-09-09,12,Dining,34.43,0,4.8,760,0
TXN202186,CUST10309,2026-09-17,7,Fuel,50.48,1,20.2,142,0
TXN202187,CUST10169,2026-09-16,12,Travel,182.95,0,7.9,121,0
TXN202188,CUST10835,2026-09-19,0,Travel,373.08,0,2.3,335,0
TXN202189,CUST10050,2026-09-04,0,Grocery,30.28,0,13.3,990,0
TXN202190,CUST12198,2026-09-25,10,Electronics,839.17,0,11.4,298,0
TXN202191,CUST11910,2026-06-29,17,Travel,292.38,1,2.0,8,0
TXN202192,CUST11405,2026-07-19,5,Electronics,575.61,0,0.6,13,0
TXN202193,CUST11570,2026-08-04,11,Grocery,46.52,0,1.3,129,0
TXN202194,CUST10641,2026-08-18,20,Jewelry,685.47,0,3.9,100,1
TXN202195,CUST11908,2026-07-30,21,Grocery,28.15,1,3.7,60,0
TXN202196,CUST10406,2026-08-12,16,Grocery,84.6,0,9.9,417,0
TXN202197,CUST11099,2026-09-16,11,Electronics,147.0,0,4.5,1090,0
TXN202198,CUST11432,2026-09-02,16,Travel,259.31,0,7.3,9,0
TXN202199,CUST11173,2026-07-18,10,Dining,58.75,0,8.8,173,0
TXN202200,CUST10626,2026-08-01,4,Fuel,184.61,0,18.5,821,0
TXN202201,CUST11303,2026-07-02,10,Dining,65.06,0,4.1,131,0
TXN202202,CUST11518,2026-08-19,18,Dining,111.65,0,0.6,1150,0
TXN202203,CUST11217,2026-09-06,9,Fuel,20.49,0,1.4,182,0
TXN202204,CUST11959,2026-08-24,7,Online Retail,166.66,0,9.3,360,0
TXN202205,CUST12178,2026-07-15,6,Electronics,285.54,0,5.7,187,0
TXN202206,CUST11038,2026-08-06,21,Grocery,19.4,0,1.7,74,0
TXN202207,CUST11336,2026-08-12,22,Grocery,23.28,0,3.3,185,0
TXN202208,CUST10192,2026-07-19,19,Online Retail,496.91,0,6.3,547,0
TXN202209,CUST10914,2026-06-30,12,Dining,33.65,0,4.9,415,0
TXN202210,CUST12191,2026-09-17,12,Grocery,40.62,0,7.5,600,0
TXN202211,CUST12009,2026-07-13,16,Online Retail,129.73,0,1.3,1033,0
TXN202212,CUST11126,2026-07-07,10,Grocery,39.42,0,6.9,442,0
TXN202213,CUST11799,2026-06-30,13,Electronics,392.17,0,4.0,608,0
TXN202214,CUST10292,2026-07-11,16,Grocery,61.99,0,6.0,19,0
TXN202215,CUST10516,2026-08-11,14,Dining,77.86,0,8.7,136,0
TXN202216,CUST10076,2026-08-31,23,Online Retail,76.78,1,8.0,229,0
TXN202217,CUST10061,2026-08-01,10,Fuel,145.2,0,2.4,609,0
TXN202218,CUST12195,2026-07-24,13,Fuel,46.33,0,28.2,619,0
TXN202219,CUST11068,2026-08-30,3,Online Retail,101.83,0,2.9,452,0
TXN202220,CUST11264,2026-09-22,19,Electronics,227.47,0,6.6,176,0
TXN202221,CUST10355,2026-07-24,10,Grocery,110.1,0,2.4,332,0
TXN202222,CUST12196,2026-09-25,16,Fuel,42.11,0,26.3,178,0
TXN202223,CUST11513,2026-08-30,9,Grocery,47.87,0,5.5,278,0
TXN202224,CUST11477,2026-09-04,17,ATM Withdrawal,133.72,0,29.4,504,0
TXN202225,CUST11773,2026-07-16,14,Online Retail,64.86,0,2.8,616,0
TXN202226,CUST11068,2026-08-05,12,Dining,44.1,0,3.9,88,0
TXN202227,CUST12398,2026-09-02,15,Fuel,16.49,0,15.0,209,0
TXN202228,CUST11238,2026-09-13,17,Online Retail,126.86,0,7.9,92,0
TXN202229,CUST10286,2026-08-20,12,Fuel,45.47,0,44.7,151,0
TXN202230,CUST12294,2026-08-18,21,Online Retail,84.41,0,8.9,607,0
TXN202231,CUST11249,2026-06-30,9,ATM Withdrawal,54.97,0,2.2,6,0
TXN202232,CUST11326,2026-08-20,14,Fuel,68.56,1,13.3,1719,0
TXN202233,CUST10058,2026-09-02,13,Dining,42.4,0,6.2,10,0
TXN202234,CUST11159,2026-08-11,5,Dining,52.65,0,10.7,230,0
TXN202235,CUST11753,2026-08-07,10,Grocery,21.52,0,7.0,1472,0
TXN202236,CUST11073,2026-07-18,20,Online Retail,425.88,1,5.1,209,0
TXN202237,CUST11020,2026-07-24,10,Fuel,25.93,0,8.2,456,0
TXN202238,CUST10288,2026-09-11,17,Grocery,25.59,0,7.9,682,0
TXN202239,CUST11911,2026-07-23,11,Grocery,23.97,0,3.3,1137,0
TXN202240,CUST10382,2026-09-02,13,Travel,464.02,0,23.7,357,0
TXN202241,CUST12059,2026-08-29,12,Jewelry,3620.38,0,15.7,228,1
TXN202242,CUST12402,2026-07-16,17,ATM Withdrawal,130.63,0,2.8,132,0
TXN202243,CUST12255,2026-09-25,17,ATM Withdrawal,45.89,1,0.9,195,1
TXN202244,CUST10758,2026-07-16,20,Travel,480.03,0,3.4,19,0
TXN202245,CUST10863,2026-08-14,8,Dining,99.91,0,8.7,53,0
TXN202246,CUST11809,2026-08-07,9,Online Retail,52.62,0,3.7,539,0
TXN202247,CUST10119,2026-09-06,21,Travel,482.89,0,0.6,357,0
TXN202248,CUST10879,2026-07-21,16,Online Retail,103.13,1,0.4,1387,0
TXN202249,CUST10293,2026-07-27,7,Grocery,61.96,0,9.6,340,0
TXN202250,CUST12068,2026-08-14,16,Dining,67.19,0,0.5,109,0
TXN202251,CUST12495,2026-07-08,20,Jewelry,209.91,0,4.6,617,0
TXN202252,CUST10842,2026-08-20,12,ATM Withdrawal,387.93,0,9.4,981,0
TXN202253,CUST10714,2026-08-20,12,Online Retail,250.48,0,3.1,308,0
TXN202254,CUST10001,2026-09-06,12,Grocery,56.38,0,16.7,120,0
TXN202255,CUST10238,2026-08-04,14,Grocery,34.53,0,6.9,1123,0
TXN202256,CUST10817,2026-09-03,4,Electronics,518.17,1,1.1,972,0
TXN202257,CUST11622,2026-08-26,16,Dining,27.7,0,17.8,649,0
TXN202258,CUST10471,2026-08-04,12,Online Retail,108.52,0,6.0,465,0
TXN202259,CUST12356,2026-09-07,21,Grocery,29.2,0,2.9,246,0
TXN202260,CUST10550,2026-07-24,8,Travel,249.95,0,12.9,176,0
TXN202261,CUST11679,2026-09-09,13,Fuel,180.33,0,1.7,143,0
TXN202262,CUST12427,2026-07-19,17,Grocery,11.19,0,14.9,84,0
TXN202263,CUST11135,2026-09-14,11,Grocery,92.61,0,16.0,22,0
TXN202264,CUST11156,2026-07-06,12,Online Retail,101.09,0,8.8,1643,0
TXN202265,CUST10363,2026-09-26,9,Grocery,49.2,0,27.9,542,0
TXN202266,CUST10944,2026-08-21,7,Dining,78.24,1,0.3,62,0
TXN202267,CUST11835,2026-07-07,11,Online Retail,111.32,0,3.0,133,0
TXN202268,CUST11041,2026-07-20,13,Dining,78.45,0,5.4,839,0
TXN202269,CUST12009,2026-07-13,15,Online Retail,125.15,0,14.5,133,0
TXN202270,CUST11361,2026-09-10,20,Online Retail,154.23,0,5.8,11,0
TXN202271,CUST10752,2026-07-19,11,Online Retail,75.09,0,23.4,1681,0
TXN202272,CUST10554,2026-09-03,13,Jewelry,421.71,0,2.5,218,0
TXN202273,CUST11946,2026-07-28,9,Dining,143.9,0,5.2,360,0
TXN202274,CUST12372,2026-08-19,23,Fuel,50.54,0,0.2,126,0
TXN202275,CUST12225,2026-08-11,12,Electronics,267.78,0,19.4,187,0
TXN202276,CUST10769,2026-09-23,7,Dining,24.54,0,24.7,20,0
TXN202277,CUST12111,2026-07-04,18,Jewelry,882.31,0,2.7,316,1
TXN202278,CUST12439,2026-07-29,19,Online Retail,137.82,0,13.9,144,0
TXN202279,CUST12357,2026-07-05,9,Travel,1362.29,0,6.2,65,0
TXN202280,CUST12202,2026-09-10,17,Fuel,77.83,1,17.0,49,0
TXN202281,CUST11075,2026-08-26,22,Electronics,85.86,1,0.4,416,0
TXN202282,CUST10049,2026-07-26,10,Dining,68.09,0,17.3,74,0
TXN202283,CUST12266,2026-09-19,11,Dining,48.19,0,9.7,274,0
TXN202284,CUST11512,2026-08-11,13,ATM Withdrawal,170.73,0,2.2,269,0
TXN202285,CUST12359,2026-07-25,21,Grocery,39.45,0,15.0,564,0
TXN202286,CUST10153,2026-08-25,13,Online Retail,124.76,0,17.1,365,0
TXN202287,CUST10690,2026-09-03,14,Dining,22.46,0,9.0,340,0
TXN202288,CUST11803,2026-08-08,10,Electronics,432.41,0,4.4,97,0
TXN202289,CUST12227,2026-07-16,14,Dining,69.58,0,19.2,301,0
TXN202290,CUST10832,2026-09-24,7,Jewelry,953.89,1,12.1,807,0
TXN202291,CUST11898,2026-09-17,14,Online Retail,122.65,0,13.0,37,0
TXN202292,CUST11184,2026-08-05,11,Grocery,23.59,0,20.0,733,0
TXN202293,CUST11894,2026-09-07,13,Jewelry,1278.37,0,9.7,2513,0
TXN202294,CUST11045,2026-08-01,9,Travel,301.16,0,10.9,71,0
TXN202295,CUST12005,2026-08-04,17,Grocery,37.78,0,21.8,409,0
TXN202296,CUST10410,2026-07-29,17,Fuel,36.46,0,11.3,107,0
TXN202297,CUST12262,2026-08-07,9,Fuel,46.34,0,0.4,584,0
TXN202298,CUST11296,2026-09-25,10,Jewelry,1433.7,0,3.1,548,0
TXN202299,CUST10919,2026-08-16,15,Electronics,366.16,0,2.2,818,0
TXN202300,CUST12164,2026-08-07,16,Grocery,39.53,0,9.9,19,0
TXN202301,CUST11162,2026-09-03,16,Grocery,66.31,0,23.4,630,0
TXN202302,CUST10247,2026-09-02,18,Travel,296.07,0,3.0,48,0
TXN202303,CUST11860,2026-07-23,15,Dining,66.53,1,3.7,46,1
TXN202304,CUST11870,2026-08-04,17,Fuel,35.79,0,2.0,387,0
TXN202305,CUST10355,2026-09-22,8,Fuel,96.72,0,16.3,192,0
TXN202306,CUST10850,2026-09-17,10,Grocery,93.68,0,3.2,264,0
TXN202307,CUST10389,2026-08-03,17,Grocery,17.5,0,1.8,316,0
TXN202308,CUST12364,2026-09-15,10,Dining,58.67,0,23.8,42,0
TXN202309,CUST10291,2026-07-28,14,Travel,533.46,0,1.4,263,0
TXN202310,CUST11351,2026-06-30,16,Grocery,38.42,0,3.1,713,0
TXN202311,CUST10544,2026-07-16,17,Grocery,76.26,0,14.2,853,0
TXN202312,CUST11213,2026-08-03,16,Fuel,45.16,0,0.2,711,0
TXN202313,CUST10374,2026-09-04,14,Fuel,76.02,0,13.2,825,0
TXN202314,CUST11615,2026-07-03,8,Online Retail,67.62,0,3.2,780,0
TXN202315,CUST11487,2026-08-29,15,Electronics,184.85,0,1.4,451,0
TXN202316,CUST11215,2026-09-09,10,Electronics,478.53,0,1.9,1115,0
TXN202317,CUST10309,2026-07-05,11,Grocery,19.36,0,8.2,84,0
TXN202318,CUST10857,2026-07-05,7,Jewelry,864.28,0,20.9,89,0
TXN202319,CUST11047,2026-06-30,17,Fuel,27.33,0,0.4,496,0
TXN202320,CUST11045,2026-08-03,16,Fuel,39.91,0,7.7,686,0
TXN202321,CUST12339,2026-08-09,11,Dining,119.61,0,3.0,39,0
TXN202322,CUST10102,2026-09-18,15,Grocery,29.92,0,3.6,268,0
TXN202323,CUST10365,2026-09-12,16,Jewelry,2431.91,0,5.5,151,1
TXN202324,CUST10301,2026-07-02,17,Dining,25.97,0,2.0,1063,0
TXN202325,CUST12006,2026-07-26,10,ATM Withdrawal,205.83,0,8.8,227,0
TXN202326,CUST11639,2026-09-04,14,Electronics,388.79,0,5.3,323,0
TXN202327,CUST11552,2026-08-25,17,Online Retail,170.35,0,0.6,578,0
TXN202328,CUST12239,2026-07-22,10,Travel,1613.38,0,3.2,376,0
TXN202329,CUST11500,2026-09-16,10,Dining,166.74,0,11.3,14,0
TXN202330,CUST10053,2026-09-15,15,Dining,28.19,0,8.8,441,0
TXN202331,CUST11070,2026-07-05,9,Electronics,815.97,0,5.9,22,0
TXN202332,CUST10295,2026-09-13,13,Electronics,264.37,0,15.6,566,0
TXN202333,CUST11296,2026-08-26,15,ATM Withdrawal,189.9,0,4.6,66,0
TXN202334,CUST11162,2026-09-04,16,Online Retail,59.0,0,12.4,115,0
TXN202335,CUST12301,2026-09-02,12,ATM Withdrawal,215.95,0,9.6,169,0
TXN202336,CUST12170,2026-07-06,18,Electronics,432.62,0,4.5,70,0
TXN202337,CUST10677,2026-07-28,8,Grocery,23.75,0,9.0,1325,0
TXN202338,CUST11890,2026-07-11,14,Online Retail,164.79,0,2.5,1068,0
TXN202339,CUST10269,2026-08-10,7,Grocery,44.62,0,18.7,473,0
TXN202340,CUST10299,2026-09-05,13,Travel,330.48,0,3.7,24,0
TXN202341,CUST11786,2026-08-10,15,Online Retail,62.26,0,1.0,585,0
TXN202342,CUST11309,2026-07-25,23,Fuel,48.08,0,9.0,599,0
TXN202343,CUST11275,2026-08-19,23,Online Retail,155.68,0,0.7,20,0
TXN202344,CUST12067,2026-07-10,13,Electronics,581.57,0,10.8,84,0
TXN202345,CUST11496,2026-09-13,16,Travel,373.99,1,18.8,390,1
TXN202346,CUST12482,2026-08-11,16,Online Retail,79.52,0,19.1,208,0
TXN202347,CUST11073,2026-09-02,14,Dining,118.17,0,2.0,197,0
TXN202348,CUST10575,2026-09-03,7,Travel,303.52,0,9.6,427,0
TXN202349,CUST11815,2026-08-24,15,Dining,57.6,0,4.6,523,0
TXN202350,CUST11233,2026-09-12,8,Fuel,73.55,0,2.2,591,0
TXN202351,CUST10344,2026-08-10,18,Fuel,92.8,0,1.7,371,0
TXN202352,CUST12041,2026-07-28,11,Grocery,19.35,0,0.1,540,0
TXN202353,CUST10170,2026-08-10,11,ATM Withdrawal,86.74,0,5.0,1598,0
TXN202354,CUST10270,2026-08-11,17,Online Retail,55.97,0,23.3,778,0
TXN202355,CUST11768,2026-08-04,10,Dining,37.02,0,14.1,42,0
TXN202356,CUST11805,2026-08-23,13,Grocery,34.9,0,4.1,474,0
TXN202357,CUST12183,2026-09-16,20,Online Retail,249.5,0,3.7,430,0
TXN202358,CUST11395,2026-09-13,15,Dining,80.61,0,4.7,498,0
TXN202359,CUST11667,2026-07-06,11,Fuel,128.47,1,0.3,281,0
TXN202360,CUST10577,2026-09-23,12,Grocery,42.03,0,10.6,194,0
TXN202361,CUST11777,2026-07-25,4,Grocery,25.13,0,0.9,479,0
TXN202362,CUST11959,2026-09-02,22,Electronics,154.16,0,0.9,476,0
TXN202363,CUST12295,2026-08-18,17,Online Retail,176.29,0,9.9,369,0
TXN202364,CUST11958,2026-08-05,7,Online Retail,186.63,0,15.1,263,0
TXN202365,CUST11864,2026-07-25,23,Travel,332.14,0,25.4,375,0
TXN202366,CUST11797,2026-08-09,16,Fuel,36.57,0,16.7,686,0
TXN202367,CUST10579,2026-09-24,1,Fuel,46.04,0,9.5,692,0
TXN202368,CUST10750,2026-09-01,17,Fuel,51.61,0,9.4,233,0
TXN202369,CUST12098,2026-07-14,12,Grocery,65.32,1,5.6,35,0
TXN202370,CUST10620,2026-08-09,14,Online Retail,122.92,0,19.2,80,0
TXN202371,CUST11191,2026-08-03,9,Electronics,436.39,0,5.9,315,0
TXN202372,CUST11084,2026-09-24,7,Online Retail,199.0,0,1.2,47,0
TXN202373,CUST12455,2026-09-08,17,Online Retail,163.06,1,2.2,538,0
TXN202374,CUST10119,2026-08-03,12,Online Retail,216.18,0,13.6,115,0
TXN202375,CUST10946,2026-07-13,14,Grocery,59.5,0,4.0,109,0
TXN202376,CUST12048,2026-08-09,23,Electronics,379.77,0,11.9,555,0
TXN202377,CUST10320,2026-08-03,10,Jewelry,715.81,0,0.6,486,0
TXN202378,CUST10253,2026-07-03,13,Grocery,51.12,0,3.7,109,0
TXN202379,CUST12011,2026-07-19,12,Fuel,41.34,0,18.7,39,0
TXN202380,CUST12074,2026-08-18,11,Grocery,95.62,0,13.3,275,0
TXN202381,CUST10338,2026-07-14,17,Grocery,36.14,0,16.3,170,0
TXN202382,CUST11478,2026-07-01,9,Travel,203.74,0,0.5,337,0
TXN202383,CUST11571,2026-07-28,13,Travel,1534.89,0,13.6,515,0
TXN202384,CUST11928,2026-08-02,16,Jewelry,501.7,0,10.2,317,0
TXN202385,CUST12325,2026-07-20,8,Dining,63.7,0,3.0,792,0
TXN202386,CUST12066,2026-07-17,13,Electronics,572.96,0,3.6,270,0
TXN202387,CUST10197,2026-09-17,14,Dining,67.0,0,16.6,21,0
TXN202388,CUST10429,2026-07-13,15,Grocery,67.38,0,4.6,430,0
TXN202389,CUST12131,2026-09-14,13,Grocery,10.62,0,6.6,534,0
TXN202390,CUST12136,2026-09-06,16,Jewelry,436.94,0,3.1,119,0
TXN202391,CUST12088,2026-07-24,12,Online Retail,60.18,0,10.9,106,0
TXN202392,CUST12252,2026-09-03,17,ATM Withdrawal,473.85,1,0.5,494,0
TXN202393,CUST10076,2026-08-21,20,Grocery,35.59,0,4.3,810,0
TXN202394,CUST11159,2026-08-11,10,Jewelry,481.37,0,4.0,206,0
TXN202395,CUST11652,2026-08-27,17,Online Retail,156.74,0,3.0,463,0
TXN202396,CUST10526,2026-09-07,8,Dining,27.74,0,5.0,957,0
TXN202397,CUST11926,2026-08-03,20,ATM Withdrawal,277.11,0,9.1,92,0
TXN202398,CUST11789,2026-09-04,7,ATM Withdrawal,273.36,1,5.9,281,0
TXN202399,CUST10241,2026-07-16,21,Jewelry,533.01,0,0.0,138,0
TXN202400,CUST10406,2026-07-08,19,Grocery,70.39,0,2.5,216,0
TXN202401,CUST12313,2026-09-05,6,Dining,31.02,0,5.4,103,0
TXN202402,CUST10943,2026-07-25,16,ATM Withdrawal,164.79,0,8.8,393,0
TXN202403,CUST12472,2026-06-30,14,Electronics,74.31,0,3.5,12,0
TXN202404,CUST12181,2026-07-23,9,Online Retail,105.09,0,9.8,310,0
TXN202405,CUST12212,2026-09-01,17,Fuel,39.55,0,1.6,382,0
TXN202406,CUST12422,2026-08-18,6,Dining,54.86,0,21.0,5,0
TXN202407,CUST10537,2026-07-21,10,Dining,37.83,0,11.2,1092,0
TXN202408,CUST10535,2026-09-01,13,Grocery,55.71,0,9.3,38,0
TXN202409,CUST12126,2026-08-30,12,Grocery,46.21,0,16.3,164,0
TXN202410,CUST11405,2026-07-11,13,Electronics,442.96,0,3.3,265,0
TXN202411,CUST11221,2026-07-22,21,Online Retail,166.65,0,6.0,711,0
TXN202412,CUST11869,2026-07-01,16,Grocery,36.33,0,25.2,383,0
TXN202413,CUST11623,2026-09-03,17,Grocery,48.75,0,9.3,83,0
TXN202414,CUST11377,2026-07-02,11,Travel,695.38,0,1.3,479,0
TXN202415,CUST11848,2026-06-29,12,Fuel,42.38,1,0.3,87,0
TXN202416,CUST11223,2026-09-07,12,Electronics,156.78,0,15.3,216,0
TXN202417,CUST10260,2026-07-31,10,Fuel,109.38,0,18.8,417,0
TXN202418,CUST11476,2026-08-10,8,Online Retail,148.06,0,2.3,77,0
TXN202419,CUST11659,2026-08-07,19,Travel,790.48,0,9.0,737,0
TXN202420,CUST10576,2026-08-16,19,Online Retail,270.98,0,3.6,744,0
TXN202421,CUST10879,2026-07-28,13,Electronics,257.78,0,7.9,213,0
TXN202422,CUST10469,2026-09-04,18,Dining,88.08,0,1.4,241,0
TXN202423,CUST11752,2026-07-01,19,ATM Withdrawal,158.69,0,20.4,177,0
TXN202424,CUST10669,2026-08-27,11,Online Retail,319.25,0,7.1,73,0
TXN202425,CUST10001,2026-07-06,17,Online Retail,241.86,0,2.6,1130,0
TXN202426,CUST11250,2026-08-07,5,ATM Withdrawal,216.61,1,1.7,199,0
TXN202427,CUST12119,2026-09-16,6,Travel,1670.82,0,1.3,575,0
TXN202428,CUST12010,2026-07-24,13,Grocery,76.12,0,6.9,198,0
TXN202429,CUST10209,2026-09-12,15,Fuel,57.5,0,0.1,72,0
TXN202430,CUST10096,2026-08-21,17,Travel,1018.93,0,4.0,1009,0
TXN202431,CUST12085,2026-08-28,11,Online Retail,40.71,0,3.6,501,0
TXN202432,CUST11751,2026-09-10,18,ATM Withdrawal,150.87,0,6.8,486,0
TXN202433,CUST10185,2026-08-12,13,Dining,126.4,0,6.4,392,0
TXN202434,CUST11392,2026-07-11,13,ATM Withdrawal,186.05,0,20.1,515,0
TXN202435,CUST10959,2026-09-18,14,Dining,92.88,0,4.1,684,0
TXN202436,CUST11443,2026-09-23,15,Online Retail,63.75,0,0.6,90,0
TXN202437,CUST10805,2026-07-19,15,Online Retail,128.1,0,2.6,468,0
TXN202438,CUST11267,2026-09-14,17,Online Retail,99.65,0,11.1,539,0
TXN202439,CUST12391,2026-07-07,14,Dining,71.9,0,0.6,382,0
TXN202440,CUST11346,2026-07-14,16,ATM Withdrawal,120.86,0,1.6,793,0
TXN202441,CUST11887,2026-07-30,12,Fuel,48.29,0,7.1,125,0
TXN202442,CUST10401,2026-09-08,16,Grocery,215.91,0,6.6,332,0
TXN202443,CUST12107,2026-07-18,16,Grocery,67.54,0,1.1,870,0
TXN202444,CUST12392,2026-07-15,17,Travel,301.99,0,4.1,50,0
TXN202445,CUST10065,2026-08-13,12,Dining,49.05,0,1.2,362,0
TXN202446,CUST12058,2026-09-20,10,Online Retail,115.97,0,4.2,793,0
TXN202447,CUST11034,2026-09-11,14,Online Retail,326.51,0,2.0,1011,0
TXN202448,CUST11804,2026-07-30,14,Travel,223.07,0,0.4,655,0
TXN202449,CUST11203,2026-09-21,12,Fuel,51.16,0,11.9,91,0
TXN202450,CUST11226,2026-09-15,13,Electronics,391.85,0,4.6,213,0
TXN202451,CUST10803,2026-08-25,18,Grocery,20.86,0,8.0,436,0
TXN202452,CUST11582,2026-07-15,9,Dining,56.7,0,9.8,257,0
TXN202453,CUST11800,2026-08-25,15,Fuel,43.57,0,1.2,626,0
TXN202454,CUST11445,2026-07-12,6,Fuel,20.64,0,9.8,187,0
TXN202455,CUST10327,2026-09-17,16,Grocery,45.78,0,1.4,240,0
TXN202456,CUST12217,2026-08-30,13,ATM Withdrawal,225.17,0,9.1,964,0
TXN202457,CUST10299,2026-07-05,13,Online Retail,80.48,0,15.6,135,0
TXN202458,CUST11697,2026-08-18,11,Jewelry,759.1,0,11.4,266,0
TXN202459,CUST10291,2026-07-11,15,ATM Withdrawal,157.25,0,3.9,71,0
TXN202460,CUST11319,2026-07-08,11,Grocery,42.05,0,4.3,1215,0
TXN202461,CUST10805,2026-07-09,13,Fuel,63.2,0,29.4,341,0
TXN202462,CUST10482,2026-08-09,8,Grocery,40.6,0,20.8,721,0
TXN202463,CUST10866,2026-07-03,14,Fuel,58.04,0,7.3,15,0
TXN202464,CUST11480,2026-06-29,13,Jewelry,868.07,0,11.9,403,0
TXN202465,CUST11021,2026-07-30,18,Dining,35.26,0,17.1,1302,0
TXN202466,CUST12369,2026-07-09,14,Grocery,97.38,0,1.9,472,0
TXN202467,CUST11758,2026-08-03,10,Fuel,50.08,0,10.5,711,0
TXN202468,CUST10494,2026-09-25,16,Jewelry,1035.25,0,8.3,32,0
TXN202469,CUST10989,2026-08-15,17,Online Retail,141.2,0,5.3,120,0
TXN202470,CUST10237,2026-07-27,10,ATM Withdrawal,347.11,0,26.0,172,0
TXN202471,CUST12223,2026-08-10,15,Grocery,55.9,0,6.4,268,0
TXN202472,CUST12461,2026-07-14,7,Online Retail,68.5,0,3.1,32,0
TXN202473,CUST10548,2026-06-29,2,Travel,805.58,0,2.5,323,0
TXN202474,CUST12499,2026-09-14,15,Grocery,31.92,1,7.9,340,0
TXN202475,CUST12452,2026-09-23,21,Travel,448.87,0,0.1,965,0
TXN202476,CUST11986,2026-07-05,14,Grocery,58.31,0,3.0,5,0
TXN202477,CUST11240,2026-08-30,15,Electronics,996.47,0,2.6,82,0
TXN202478,CUST10142,2026-08-18,4,Dining,59.05,0,10.5,57,0
TXN202479,CUST11642,2026-07-02,17,Grocery,29.89,0,6.2,500,0
TXN202480,CUST12489,2026-08-02,15,Grocery,51.29,0,0.4,274,0
TXN202481,CUST11796,2026-08-08,23,Grocery,112.5,0,5.3,1481,0
TXN202482,CUST11225,2026-07-08,10,Fuel,56.99,0,0.8,78,0
TXN202483,CUST12009,2026-08-09,16,Online Retail,176.07,1,0.5,20,0
TXN202484,CUST10166,2026-08-11,6,Dining,41.68,0,2.0,215,0
TXN202485,CUST10397,2026-09-20,16,Online Retail,152.87,0,3.2,218,0
TXN202486,CUST10782,2026-08-01,11,Grocery,33.12,0,27.2,312,0
TXN202487,CUST12073,2026-07-15,12,Jewelry,662.93,0,1.6,119,0
TXN202488,CUST12084,2026-08-19,15,Online Retail,126.94,0,3.0,2255,0
TXN202489,CUST11865,2026-08-30,11,Grocery,55.5,0,3.6,493,0
TXN202490,CUST10169,2026-08-01,14,Travel,263.1,0,3.6,329,0
TXN202491,CUST11417,2026-08-25,16,Electronics,536.71,0,3.3,1512,0
TXN202492,CUST10837,2026-09-06,22,Electronics,89.97,0,15.5,563,0
TXN202493,CUST10151,2026-07-22,4,Online Retail,70.83,0,8.5,571,0
TXN202494,CUST10828,2026-09-04,10,Grocery,44.32,0,0.5,16,0
TXN202495,CUST11302,2026-09-12,8,Electronics,743.2,0,3.4,590,0
TXN202496,CUST10211,2026-09-09,12,Grocery,22.59,0,4.3,458,0
TXN202497,CUST11733,2026-08-13,11,Fuel,54.08,0,7.1,1453,0
TXN202498,CUST12471,2026-09-09,3,Dining,77.3,0,11.1,178,0
TXN202499,CUST10230,2026-08-22,20,Online Retail,173.8,0,6.6,125,0
TXN202500,CUST10108,2026-09-10,9,Online Retail,23.94,0,1.4,1000,0
TXN202501,CUST12357,2026-07-25,20,Jewelry,601.41,0,1.4,153,0
TXN202502,CUST11173,2026-08-26,22,Dining,87.01,0,2.8,89,0
TXN202503,CUST10611,2026-09-26,22,Electronics,246.93,0,4.5,571,0
TXN202504,CUST10602,2026-08-27,19,Fuel,184.29,0,4.5,354,0
TXN202505,CUST10845,2026-08-09,11,Grocery,75.61,0,3.1,578,0
TXN202506,CUST11987,2026-08-10,11,Grocery,183.35,0,5.2,691,0
TXN202507,CUST11475,2026-09-11,17,Online Retail,152.89,0,8.9,992,0
TXN202508,CUST10292,2026-09-19,19,Online Retail,291.56,0,1.7,307,0
TXN202509,CUST11197,2026-07-26,12,Grocery,15.61,0,8.4,1788,0
TXN202510,CUST12042,2026-07-01,15,Grocery,36.07,0,4.9,142,0
TXN202511,CUST11053,2026-07-15,14,Jewelry,707.29,0,1.7,312,1
TXN202512,CUST12262,2026-08-03,8,Jewelry,1022.06,0,13.9,15,0
TXN202513,CUST10780,2026-07-17,7,Jewelry,974.09,0,1.9,106,0
TXN202514,CUST10554,2026-07-26,11,Online Retail,253.12,0,0.4,113,0
TXN202515,CUST10655,2026-07-15,16,Travel,411.64,0,11.0,97,0
TXN202516,CUST10918,2026-09-24,5,Fuel,41.19,1,12.1,613,0
TXN202517,CUST11559,2026-08-15,8,Grocery,63.93,0,12.7,658,0
TXN202518,CUST10436,2026-09-03,23,Dining,20.83,1,13.3,286,0
TXN202519,CUST10957,2026-07-11,12,Electronics,796.23,0,2.3,276,0
TXN202520,CUST10568,2026-08-29,23,Fuel,70.8,0,5.8,262,0
TXN202521,CUST11892,2026-07-21,14,Grocery,12.29,0,1.8,226,0
TXN202522,CUST11251,2026-09-19,19,Grocery,36.56,0,1.3,1154,0
TXN202523,CUST12347,2026-08-08,15,Grocery,22.33,0,16.6,69,0
TXN202524,CUST10338,2026-08-11,18,Grocery,23.59,0,4.3,331,0
TXN202525,CUST11387,2026-09-07,17,Fuel,56.44,0,4.2,424,0
TXN202526,CUST10382,2026-08-04,16,ATM Withdrawal,126.09,0,1.9,1108,0
TXN202527,CUST11531,2026-07-18,12,Online Retail,222.34,0,36.7,52,0
TXN202528,CUST12189,2026-07-06,8,Dining,76.8,0,14.7,362,0
TXN202529,CUST11294,2026-09-23,17,Online Retail,86.21,0,13.0,148,0
TXN202530,CUST11026,2026-07-06,12,Dining,107.93,0,19.4,633,0
TXN202531,CUST11664,2026-07-18,11,Dining,80.22,0,10.3,375,0
TXN202532,CUST10239,2026-07-28,10,Grocery,27.18,0,2.6,36,0
TXN202533,CUST11290,2026-08-09,23,Dining,87.92,1,2.0,657,0
TXN202534,CUST10753,2026-08-20,13,Fuel,49.95,0,0.4,280,0
TXN202535,CUST11516,2026-07-14,23,Electronics,691.32,0,1.8,723,0
TXN202536,CUST10382,2026-08-05,14,Grocery,35.11,0,1.5,121,0
TXN202537,CUST11878,2026-07-27,17,Grocery,91.56,0,2.1,56,0
TXN202538,CUST10175,2026-07-10,15,ATM Withdrawal,143.75,0,12.2,74,0
TXN202539,CUST11603,2026-07-04,16,Electronics,366.42,0,6.6,216,0
TXN202540,CUST10848,2026-09-03,16,Online Retail,233.58,1,1.1,29,0
TXN202541,CUST11214,2026-09-15,8,Travel,413.53,0,3.5,554,0
TXN202542,CUST10861,2026-07-25,12,Electronics,471.11,0,2.2,819,0
TXN202543,CUST11853,2026-08-29,10,Online Retail,169.49,0,2.1,15,0
TXN202544,CUST11983,2026-08-26,20,Grocery,74.63,0,6.6,133,0
TXN202545,CUST10920,2026-09-18,14,Dining,64.47,0,8.1,1372,0
TXN202546,CUST11081,2026-09-24,12,Travel,1039.55,0,2.6,220,0
TXN202547,CUST11558,2026-09-04,17,ATM Withdrawal,179.68,0,0.4,261,0
TXN202548,CUST11964,2026-07-18,11,Fuel,72.68,0,10.2,70,0
TXN202549,CUST10782,2026-07-21,10,Fuel,24.09,0,1.9,455,0
TXN202550,CUST10688,2026-07-20,11,Grocery,83.96,0,6.3,576,0
TXN202551,CUST10749,2026-07-12,16,Travel,219.01,0,15.2,133,0
TXN202552,CUST11653,2026-07-08,16,Travel,740.58,0,25.5,528,0
TXN202553,CUST10160,2026-08-12,12,Grocery,22.04,0,5.9,134,0
TXN202554,CUST11083,2026-09-07,2,Online Retail,66.21,0,5.5,143,0
TXN202555,CUST10719,2026-09-20,15,Jewelry,538.03,0,19.5,263,0
TXN202556,CUST11911,2026-09-23,13,Online Retail,59.61,0,4.4,10,0
TXN202557,CUST11927,2026-09-06,10,Fuel,133.52,0,10.4,560,0
TXN202558,CUST10443,2026-09-17,21,Electronics,230.1,0,5.8,38,0
TXN202559,CUST12102,2026-08-30,8,Electronics,307.08,0,0.2,168,0
TXN202560,CUST12490,2026-06-30,16,Grocery,65.64,0,20.5,16,0
TXN202561,CUST10293,2026-07-17,11,Grocery,30.79,0,0.2,432,0
TXN202562,CUST10986,2026-07-07,14,Grocery,21.42,0,8.1,912,0
TXN202563,CUST11619,2026-07-16,18,Dining,77.57,0,3.9,447,0
TXN202564,CUST12227,2026-08-24,9,Electronics,158.48,0,8.1,775,0
TXN202565,CUST11995,2026-09-21,11,Dining,67.09,0,10.2,308,0
TXN202566,CUST11117,2026-08-25,16,Grocery,105.09,0,26.1,1021,0
TXN202567,CUST11299,2026-08-29,12,Online Retail,341.28,0,1.0,11,0
TXN202568,CUST12266,2026-08-12,12,Grocery,27.89,0,20.3,258,0
TXN202569,CUST10341,2026-08-05,14,Fuel,83.39,0,2.3,49,0
TXN202570,CUST10749,2026-07-27,10,Grocery,53.42,0,12.5,717,0
TXN202571,CUST10536,2026-07-21,16,Electronics,312.68,0,10.6,732,0
TXN202572,CUST10031,2026-08-12,17,Grocery,60.62,0,3.0,245,0
TXN202573,CUST11418,2026-09-25,9,Electronics,197.87,0,19.6,532,0
TXN202574,CUST10468,2026-08-11,8,Online Retail,104.92,0,3.8,222,0
TXN202575,CUST10850,2026-07-14,17,Fuel,48.88,0,0.1,1062,0
TXN202576,CUST12056,2026-09-25,23,Electronics,462.93,0,28.6,73,0
TXN202577,CUST10347,2026-07-20,15,Online Retail,136.61,0,9.0,287,0
TXN202578,CUST11719,2026-07-06,6,Grocery,48.12,0,6.1,17,0
TXN202579,CUST10386,2026-07-25,14,Electronics,169.11,0,0.3,282,0
TXN202580,CUST10824,2026-08-21,6,Travel,1014.96,0,27.1,252,0
TXN202581,CUST10184,2026-08-02,11,Grocery,46.51,0,14.2,388,0
TXN202582,CUST11805,2026-06-29,13,Grocery,29.25,0,3.8,531,0
TXN202583,CUST11254,2026-09-10,13,Grocery,45.61,0,5.3,366,0
TXN202584,CUST11942,2026-07-25,9,Online Retail,71.73,0,12.9,121,0
TXN202585,CUST11852,2026-07-05,22,Grocery,140.03,0,8.6,581,0
TXN202586,CUST11142,2026-08-26,8,Jewelry,411.65,0,3.5,563,0
TXN202587,CUST12030,2026-08-04,23,Dining,20.89,0,1.0,206,0
TXN202588,CUST10071,2026-09-09,20,Electronics,210.36,0,13.5,289,0
TXN202589,CUST11566,2026-07-25,7,Grocery,59.12,0,3.5,68,0
TXN202590,CUST12072,2026-07-27,19,ATM Withdrawal,166.84,0,14.7,12,0
TXN202591,CUST11298,2026-09-05,15,Online Retail,158.39,0,4.2,1284,0
TXN202592,CUST11934,2026-07-20,12,Fuel,109.8,0,1.5,180,0
TXN202593,CUST11906,2026-07-09,9,ATM Withdrawal,174.51,0,12.8,365,0
TXN202594,CUST12067,2026-08-10,12,Electronics,345.74,1,0.0,727,0
TXN202595,CUST11799,2026-09-10,17,Electronics,311.23,0,21.9,2111,0
TXN202596,CUST11479,2026-09-12,12,Grocery,37.22,0,1.6,112,0
TXN202597,CUST10146,2026-08-03,16,Fuel,54.24,0,2.8,135,0
TXN202598,CUST11089,2026-07-13,20,Grocery,53.98,0,1.8,644,0
TXN202599,CUST11190,2026-07-05,19,ATM Withdrawal,201.56,0,8.1,89,0
TXN202600,CUST10490,2026-08-24,8,Grocery,37.57,0,8.2,599,0
TXN202601,CUST12384,2026-09-13,6,Fuel,40.47,0,0.8,9,0
TXN202602,CUST10851,2026-09-09,11,Travel,930.13,0,3.4,149,0
TXN202603,CUST11606,2026-07-15,21,Fuel,60.51,0,10.3,97,0
TXN202604,CUST10110,2026-08-26,15,Grocery,11.13,0,5.3,479,0
TXN202605,CUST12075,2026-09-05,14,Grocery,66.22,0,6.0,504,0
TXN202606,CUST11650,2026-09-24,8,Grocery,22.65,0,11.0,66,0
TXN202607,CUST12220,2026-08-01,7,Electronics,160.86,0,7.4,175,0
TXN202608,CUST10936,2026-08-21,19,Dining,69.79,0,12.0,1559,0
TXN202609,CUST11611,2026-07-28,16,Fuel,45.85,0,3.6,32,0
TXN202610,CUST10759,2026-07-20,11,Fuel,27.04,0,6.4,337,0
TXN202611,CUST10774,2026-08-25,14,Fuel,15.53,0,5.4,81,0
TXN202612,CUST12272,2026-09-12,7,Electronics,1058.97,0,13.5,1186,0
TXN202613,CUST10978,2026-09-13,14,Online Retail,74.65,0,3.6,277,0
TXN202614,CUST12097,2026-08-07,16,Dining,71.45,0,18.9,537,0
TXN202615,CUST12200,2026-07-10,19,Fuel,64.12,0,25.4,1790,0
TXN202616,CUST10010,2026-08-09,10,Grocery,33.1,1,18.4,939,0
TXN202617,CUST11724,2026-07-17,1,Dining,70.81,0,0.0,578,0
TXN202618,CUST10617,2026-08-31,15,Grocery,28.7,0,8.4,363,0
TXN202619,CUST10702,2026-08-08,12,Grocery,10.3,0,3.4,126,0
TXN202620,CUST10327,2026-09-04,11,ATM Withdrawal,265.3,1,10.2,340,0
TXN202621,CUST12250,2026-09-15,11,Dining,50.53,0,9.0,209,0
TXN202622,CUST12003,2026-08-01,8,Online Retail,47.43,0,14.6,219,0
TXN202623,CUST12319,2026-08-11,23,Grocery,36.52,0,2.1,101,0
TXN202624,CUST12255,2026-08-09,11,Dining,65.45,0,13.1,146,0
TXN202625,CUST10969,2026-09-22,14,Grocery,87.73,0,0.7,2087,0
TXN202626,CUST12233,2026-08-01,8,Grocery,89.53,0,5.0,455,0
TXN202627,CUST12106,2026-07-09,14,Grocery,33.83,0,5.0,163,0
TXN202628,CUST11016,2026-08-24,17,Online Retail,223.16,0,1.0,1115,0
TXN202629,CUST10071,2026-08-08,1,Fuel,34.78,0,2.7,206,0
TXN202630,CUST10488,2026-07-26,5,Grocery,59.38,0,3.9,397,0
TXN202631,CUST10885,2026-07-29,3,Online Retail,60.17,0,5.9,5,0
TXN202632,CUST10751,2026-08-21,17,Electronics,553.68,0,9.2,86,0
TXN202633,CUST11396,2026-07-06,12,Travel,546.59,0,3.5,432,0
TXN202634,CUST11939,2026-09-14,9,Grocery,55.21,0,2.5,121,0
TXN202635,CUST12148,2026-09-22,11,Fuel,100.75,0,9.1,166,0
TXN202636,CUST12300,2026-07-31,21,Grocery,30.42,0,17.0,513,0
TXN202637,CUST10239,2026-07-13,12,ATM Withdrawal,783.44,0,14.8,90,0
TXN202638,CUST11173,2026-07-17,7,Grocery,61.02,0,3.4,790,0
TXN202639,CUST10066,2026-09-18,12,Electronics,501.53,0,12.1,549,0
TXN202640,CUST10730,2026-07-11,23,Grocery,59.66,0,12.7,1169,0
TXN202641,CUST11606,2026-07-18,16,Grocery,33.57,0,3.6,854,0
TXN202642,CUST11830,2026-07-05,23,Fuel,51.96,0,4.5,125,0
TXN202643,CUST12251,2026-09-10,13,Dining,73.22,0,13.5,139,0
TXN202644,CUST10992,2026-07-09,7,Fuel,127.0,0,9.5,362,0
TXN202645,CUST10523,2026-06-30,10,Dining,43.82,0,16.1,774,0
TXN202646,CUST10538,2026-08-30,7,Grocery,44.52,0,0.2,66,0
TXN202647,CUST10292,2026-08-20,19,Fuel,30.37,0,7.5,754,0
TXN202648,CUST10535,2026-07-31,8,Fuel,11.42,0,46.7,667,0
TXN202649,CUST11419,2026-09-10,14,Dining,22.64,0,41.7,409,0
TXN202650,CUST11710,2026-08-16,10,Grocery,8.5,0,3.6,101,0
TXN202651,CUST10103,2026-07-24,17,Grocery,46.03,0,5.1,1128,0
TXN202652,CUST12065,2026-08-18,12,Dining,48.93,0,5.3,51,0
TXN202653,CUST11840,2026-07-18,23,Fuel,23.71,0,10.0,124,0
TXN202654,CUST12100,2026-07-11,14,Dining,47.58,0,0.8,231,0
TXN202655,CUST12390,2026-09-18,23,Travel,156.86,0,3.3,102,0
TXN202656,CUST10476,2026-07-05,8,Online Retail,36.72,1,3.5,166,0
TXN202657,CUST10031,2026-07-07,20,ATM Withdrawal,182.0,0,4.2,199,0
TXN202658,CUST10326,2026-07-03,10,Electronics,484.54,0,12.7,498,0
TXN202659,CUST10021,2026-09-19,15,Grocery,29.2,0,14.2,2253,0
TXN202660,CUST11410,2026-09-16,14,ATM Withdrawal,175.7,0,3.8,802,0
TXN202661,CUST11655,2026-06-30,14,Grocery,26.39,0,16.2,709,0
TXN202662,CUST11455,2026-09-02,17,Grocery,44.11,0,22.3,110,0
TXN202663,CUST11171,2026-07-18,12,Dining,216.31,0,13.0,280,0
TXN202664,CUST10291,2026-08-08,23,Fuel,41.36,0,8.9,146,0
TXN202665,CUST10319,2026-07-02,15,Dining,81.96,0,4.6,77,0
TXN202666,CUST10489,2026-09-05,10,Dining,199.9,0,0.4,313,0
TXN202667,CUST11794,2026-07-13,17,Electronics,252.11,0,2.4,458,0
TXN202668,CUST10707,2026-07-04,9,Electronics,447.21,1,0.5,246,1
TXN202669,CUST11839,2026-07-31,16,Dining,92.4,0,14.8,931,0
TXN202670,CUST11792,2026-07-22,6,Online Retail,68.18,0,12.8,390,0
TXN202671,CUST12107,2026-07-01,14,Grocery,10.92,1,2.4,224,0
TXN202672,CUST12345,2026-09-09,15,Electronics,315.25,0,5.1,805,0
TXN202673,CUST11340,2026-09-25,14,Electronics,708.16,0,5.8,669,0
TXN202674,CUST12137,2026-07-27,14,Electronics,413.23,0,10.0,206,0
TXN202675,CUST10555,2026-08-27,15,Fuel,46.67,1,1.9,935,0
TXN202676,CUST10247,2026-08-01,22,Grocery,41.95,0,28.5,85,0
TXN202677,CUST11028,2026-07-22,11,Fuel,16.98,0,12.0,335,0
TXN202678,CUST12380,2026-07-21,18,Dining,237.9,0,4.8,205,0
TXN202679,CUST10226,2026-09-06,19,Grocery,21.32,1,1.6,2095,0
TXN202680,CUST11131,2026-07-19,14,Electronics,206.56,0,10.5,80,0
TXN202681,CUST11123,2026-07-14,17,Fuel,59.69,0,7.4,310,0
TXN202682,CUST10522,2026-08-28,15,Dining,97.44,0,4.4,327,0
TXN202683,CUST12392,2026-08-10,11,Grocery,105.23,0,7.0,110,0
TXN202684,CUST11525,2026-08-20,5,Electronics,322.81,0,14.2,164,0
TXN202685,CUST12239,2026-07-23,11,Electronics,308.21,0,14.3,86,1
TXN202686,CUST11477,2026-09-03,16,Dining,80.12,0,17.3,870,0
TXN202687,CUST10337,2026-09-02,16,Grocery,92.72,0,9.8,23,0
TXN202688,CUST11467,2026-07-15,12,Dining,55.42,0,1.6,25,0
TXN202689,CUST11387,2026-07-17,3,Dining,89.18,0,13.6,126,0
TXN202690,CUST10158,2026-07-27,18,Online Retail,147.56,0,0.3,247,0
TXN202691,CUST10598,2026-08-28,17,Jewelry,259.94,0,4.3,708,0
TXN202692,CUST11597,2026-09-02,4,Fuel,40.12,0,5.3,707,0
TXN202693,CUST12202,2026-08-19,18,Fuel,21.34,0,1.8,537,0
TXN202694,CUST11548,2026-09-26,15,Grocery,57.39,0,13.7,206,0
TXN202695,CUST10583,2026-09-10,22,Travel,651.96,0,3.1,202,0
TXN202696,CUST10103,2026-07-02,16,Grocery,44.69,0,0.1,44,0
TXN202697,CUST10861,2026-07-19,8,Grocery,42.5,0,13.3,489,0
TXN202698,CUST12375,2026-08-16,19,Grocery,53.07,0,0.1,440,0
TXN202699,CUST10711,2026-08-25,4,Fuel,46.48,0,5.3,107,0
TXN202700,CUST12148,2026-07-20,18,ATM Withdrawal,98.35,0,11.4,52,0
TXN202701,CUST12046,2026-07-08,14,Jewelry,301.58,0,4.1,577,0
TXN202702,CUST10485,2026-08-30,8,Dining,129.47,0,2.6,16,0
TXN202703,CUST12060,2026-08-13,21,Fuel,28.77,0,11.7,127,0
TXN202704,CUST10347,2026-08-29,12,Fuel,20.84,0,0.1,228,0
TXN202705,CUST11194,2026-09-15,18,Online Retail,96.81,0,1.5,287,0
TXN202706,CUST11386,2026-09-04,10,Electronics,1506.15,0,4.7,919,0
TXN202707,CUST10528,2026-07-18,14,Grocery,67.35,0,0.5,233,0
TXN202708,CUST11135,2026-08-07,8,Dining,92.08,0,0.9,261,0
TXN202709,CUST11413,2026-08-20,17,Grocery,23.8,0,13.9,1244,0
TXN202710,CUST10119,2026-09-11,11,Jewelry,1138.37,0,5.6,414,0
TXN202711,CUST10666,2026-07-11,13,Grocery,21.19,0,8.5,646,0
TXN202712,CUST11783,2026-07-19,17,Dining,59.02,0,17.8,442,0
TXN202713,CUST10404,2026-09-25,14,ATM Withdrawal,551.41,0,4.6,22,0
TXN202714,CUST12144,2026-08-18,8,Dining,44.9,1,16.9,32,0
TXN202715,CUST12357,2026-09-04,15,Grocery,24.5,0,12.2,651,0
TXN202716,CUST10998,2026-08-16,15,Fuel,74.97,0,18.6,526,0
TXN202717,CUST10849,2026-08-12,12,Online Retail,121.03,0,31.8,771,0
TXN202718,CUST10749,2026-08-28,23,Grocery,15.09,0,1.4,246,0
TXN202719,CUST10690,2026-07-24,10,Online Retail,119.23,0,6.2,271,0
TXN202720,CUST11253,2026-07-18,13,Online Retail,82.87,0,2.4,252,0
TXN202721,CUST11380,2026-08-02,19,Grocery,54.27,0,22.6,444,0
TXN202722,CUST11408,2026-08-02,16,Grocery,28.01,0,6.0,242,0
TXN202723,CUST10249,2026-09-15,21,Electronics,493.07,0,38.7,208,0
TXN202724,CUST10543,2026-07-31,17,Dining,109.12,0,11.6,150,0
TXN202725,CUST10553,2026-09-13,16,Online Retail,140.6,0,0.3,292,0
TXN202726,CUST11621,2026-08-20,13,Grocery,67.76,0,1.3,120,0
TXN202727,CUST10168,2026-09-13,14,Dining,175.25,0,0.9,963,0
TXN202728,CUST11482,2026-07-25,12,Grocery,15.17,0,0.3,171,0
TXN202729,CUST10189,2026-09-14,17,Fuel,46.9,0,10.8,509,0
TXN202730,CUST10983,2026-09-18,12,ATM Withdrawal,786.93,0,0.4,658,0
TXN202731,CUST11709,2026-08-26,6,Grocery,26.31,0,13.9,279,0
TXN202732,CUST10304,2026-08-26,15,Jewelry,347.76,0,4.9,114,0
TXN202733,CUST10217,2026-08-13,5,Fuel,50.17,0,0.6,713,0
TXN202734,CUST12328,2026-08-24,7,Electronics,659.22,0,0.6,422,0
TXN202735,CUST11522,2026-07-19,13,Dining,43.93,0,13.1,12,0
TXN202736,CUST11851,2026-09-08,11,Online Retail,174.97,0,7.3,313,0
TXN202737,CUST12445,2026-09-12,20,Grocery,70.36,0,17.2,144,0
TXN202738,CUST11413,2026-09-03,13,Online Retail,95.92,0,5.2,58,0
TXN202739,CUST10724,2026-07-17,21,Dining,66.11,0,2.3,476,0
TXN202740,CUST11138,2026-07-08,15,Travel,809.78,0,0.1,321,0
TXN202741,CUST11515,2026-08-03,12,Grocery,21.04,0,10.0,27,0
TXN202742,CUST10393,2026-09-26,20,Grocery,54.97,0,6.0,160,0
TXN202743,CUST11363,2026-08-17,17,Grocery,97.2,0,5.4,586,0
TXN202744,CUST11098,2026-08-24,13,Dining,69.9,0,4.6,61,0
TXN202745,CUST11347,2026-08-07,16,Jewelry,401.54,0,3.1,108,0
TXN202746,CUST10586,2026-09-23,10,Electronics,380.97,0,2.0,1282,0
TXN202747,CUST12336,2026-07-28,17,Dining,117.1,0,5.2,219,0
TXN202748,CUST12249,2026-07-07,17,Fuel,71.26,0,14.1,204,0
TXN202749,CUST10820,2026-09-19,18,Electronics,365.07,0,1.9,239,0
TXN202750,CUST12288,2026-07-26,15,Online Retail,37.96,0,3.5,651,0
TXN202751,CUST11027,2026-09-08,9,Online Retail,187.16,0,0.4,25,0
TXN202752,CUST10715,2026-09-21,14,Online Retail,158.49,0,6.9,652,0
TXN202753,CUST10114,2026-06-30,14,Online Retail,68.13,0,6.9,225,0
TXN202754,CUST11805,2026-08-27,16,Fuel,37.04,0,10.8,492,0
TXN202755,CUST10032,2026-09-11,10,Travel,478.72,0,4.1,91,0
TXN202756,CUST12187,2026-07-25,19,Grocery,74.09,0,7.1,60,0
TXN202757,CUST12274,2026-07-13,13,ATM Withdrawal,808.83,0,2.9,301,0
TXN202758,CUST11617,2026-08-29,23,Jewelry,512.2,0,32.0,34,0
TXN202759,CUST11693,2026-09-14,7,Grocery,24.02,0,12.8,369,0
TXN202760,CUST12356,2026-08-12,13,Grocery,33.24,0,0.8,103,0
TXN202761,CUST11307,2026-08-16,13,Online Retail,247.88,0,10.6,58,0
TXN202762,CUST11898,2026-09-19,17,Electronics,161.53,0,9.5,227,0
TXN202763,CUST11112,2026-08-01,12,Fuel,39.07,0,7.7,71,0
TXN202764,CUST11978,2026-07-19,14,Dining,50.91,0,1.0,5,0
TXN202765,CUST11102,2026-07-30,13,Grocery,62.59,0,1.4,104,0
TXN202766,CUST11977,2026-07-12,16,Fuel,28.38,0,8.9,330,0
TXN202767,CUST10215,2026-08-26,17,Grocery,92.45,0,14.2,605,0
TXN202768,CUST10038,2026-07-20,4,Grocery,40.87,0,3.1,64,0
TXN202769,CUST10613,2026-09-15,12,Grocery,23.41,0,7.2,28,0
TXN202770,CUST10403,2026-09-13,8,Electronics,543.98,0,5.1,45,0
TXN202771,CUST10381,2026-08-21,17,Dining,19.28,0,10.9,1264,0
TXN202772,CUST11324,2026-08-27,4,Electronics,625.24,0,36.7,169,0
TXN202773,CUST10775,2026-08-30,12,Grocery,51.95,0,24.4,462,0
TXN202774,CUST10263,2026-07-16,18,Jewelry,1023.67,0,2.4,291,0
TXN202775,CUST10565,2026-09-22,14,Dining,45.53,0,2.8,353,0
TXN202776,CUST12351,2026-08-31,16,Fuel,43.08,0,4.2,6,0
TXN202777,CUST11945,2026-08-25,19,Grocery,118.21,0,13.6,469,0
TXN202778,CUST11666,2026-08-02,8,Electronics,158.04,0,9.2,38,0
TXN202779,CUST10488,2026-09-16,19,Grocery,33.61,0,0.2,435,0
TXN202780,CUST11491,2026-07-22,7,Dining,43.97,0,7.6,280,0
TXN202781,CUST10542,2026-08-01,11,Travel,965.78,0,3.4,51,0
TXN202782,CUST11425,2026-09-26,13,Dining,12.29,0,13.9,324,0
TXN202783,CUST11292,2026-09-06,9,Electronics,201.26,0,13.4,658,0
TXN202784,CUST11764,2026-08-02,12,ATM Withdrawal,200.84,0,5.6,262,0
TXN202785,CUST11164,2026-08-13,5,ATM Withdrawal,384.98,0,3.3,379,0
TXN202786,CUST11362,2026-09-14,10,Fuel,21.8,0,1.3,44,0
TXN202787,CUST12140,2026-08-14,14,Online Retail,179.9,0,18.0,875,0
TXN202788,CUST11038,2026-08-26,6,Dining,70.43,0,3.9,116,0
TXN202789,CUST10833,2026-08-28,12,Fuel,58.76,0,10.4,5,0
TXN202790,CUST11643,2026-07-18,14,Electronics,571.47,0,0.2,215,0
TXN202791,CUST11232,2026-08-26,14,Online Retail,65.59,0,10.9,117,0
TXN202792,CUST10502,2026-07-21,23,Grocery,83.36,0,4.8,432,0
TXN202793,CUST10346,2026-08-19,9,Dining,153.35,0,1.9,449,0
TXN202794,CUST11295,2026-08-16,13,Grocery,54.27,0,1.3,157,0
TXN202795,CUST11304,2026-07-15,2,ATM Withdrawal,286.27,0,0.5,120,0
TXN202796,CUST11579,2026-08-02,14,Online Retail,225.24,0,8.7,185,0
TXN202797,CUST10816,2026-08-15,4,Travel,418.71,0,5.3,346,0
TXN202798,CUST11008,2026-08-07,6,Grocery,20.59,0,45.5,83,0
TXN202799,CUST11589,2026-08-14,15,Travel,270.43,0,11.1,454,0
TXN202800,CUST10465,2026-09-23,13,Jewelry,702.58,0,2.6,57,0
TXN202801,CUST11568,2026-07-06,7,Electronics,969.92,0,13.7,115,0
TXN202802,CUST11474,2026-08-16,12,Grocery,42.77,0,2.1,102,0
TXN202803,CUST10646,2026-07-10,18,Grocery,36.63,0,1.2,1485,0
TXN202804,CUST11454,2026-08-01,4,Grocery,51.95,0,6.2,2022,0
TXN202805,CUST11203,2026-07-23,14,Grocery,139.81,0,4.2,1651,0
TXN202806,CUST10159,2026-07-16,18,Travel,755.88,0,1.8,1372,0
TXN202807,CUST11472,2026-09-15,11,Fuel,28.7,0,17.0,662,0
TXN202808,CUST12192,2026-07-28,9,Grocery,37.14,0,0.1,550,0
TXN202809,CUST10057,2026-09-04,15,Electronics,477.31,0,1.0,417,0
TXN202810,CUST12061,2026-07-28,8,Electronics,121.0,1,0.4,628,0
TXN202811,CUST11635,2026-07-14,18,Grocery,46.34,0,5.9,167,0
TXN202812,CUST11045,2026-08-29,16,Online Retail,87.2,0,0.8,1499,0
TXN202813,CUST11304,2026-08-13,10,Fuel,90.95,0,0.1,150,0
TXN202814,CUST10027,2026-09-11,15,Travel,976.26,0,12.3,78,0
TXN202815,CUST10682,2026-07-03,8,Travel,326.76,0,1.8,436,0
TXN202816,CUST12074,2026-07-14,15,Electronics,484.2,0,7.1,395,0
TXN202817,CUST12473,2026-09-10,17,Dining,30.44,0,0.7,44,0
TXN202818,CUST11697,2026-08-08,10,Grocery,73.86,0,2.5,67,0
TXN202819,CUST12326,2026-07-02,15,Fuel,57.11,0,2.0,90,0
TXN202820,CUST10084,2026-09-26,18,Grocery,21.56,0,6.8,415,0
TXN202821,CUST12228,2026-07-10,11,Dining,59.42,0,1.6,851,0
TXN202822,CUST12197,2026-07-18,16,Dining,58.68,0,2.9,26,0
TXN202823,CUST10234,2026-09-14,9,Dining,64.85,0,2.0,967,0
TXN202824,CUST11976,2026-08-01,9,Online Retail,111.94,0,10.6,425,0
TXN202825,CUST10907,2026-07-15,3,Travel,823.56,0,4.6,153,0
TXN202826,CUST11669,2026-08-24,18,ATM Withdrawal,497.26,0,1.5,546,0
TXN202827,CUST10074,2026-08-19,13,Travel,157.59,0,2.3,775,0
TXN202828,CUST10128,2026-09-15,11,Fuel,47.12,0,6.4,112,0
TXN202829,CUST12122,2026-08-05,10,Grocery,16.69,0,1.3,363,0
TXN202830,CUST10442,2026-07-02,14,Dining,40.35,0,8.4,37,0
TXN202831,CUST10021,2026-08-26,10,Dining,68.12,1,7.1,306,0
TXN202832,CUST11481,2026-07-04,18,Dining,74.61,0,13.7,524,0
TXN202833,CUST11346,2026-07-29,16,Travel,445.07,0,4.1,230,0
TXN202834,CUST11605,2026-07-11,12,Grocery,23.47,0,7.6,566,0
TXN202835,CUST10560,2026-08-07,22,Fuel,46.8,0,19.4,210,0
TXN202836,CUST12251,2026-08-23,19,Grocery,20.08,1,0.9,187,0
TXN202837,CUST10782,2026-08-03,20,Jewelry,438.6,0,7.0,11,0
TXN202838,CUST10847,2026-08-15,18,Electronics,333.44,0,1.0,502,0
TXN202839,CUST11079,2026-09-01,10,Electronics,297.08,0,5.9,724,0
TXN202840,CUST11389,2026-08-13,19,Travel,1125.1,0,9.7,643,0
TXN202841,CUST11821,2026-07-10,10,Dining,45.19,0,4.0,23,0
TXN202842,CUST12127,2026-09-09,14,Grocery,41.88,0,6.2,328,0
TXN202843,CUST10902,2026-08-11,17,ATM Withdrawal,64.22,0,8.0,116,0
TXN202844,CUST10888,2026-09-02,12,Online Retail,64.69,0,2.6,151,0
TXN202845,CUST10753,2026-09-05,14,Fuel,41.09,0,4.5,51,0
TXN202846,CUST10076,2026-09-10,10,Travel,709.4,1,4.0,38,0
TXN202847,CUST11552,2026-09-05,15,Electronics,847.59,0,6.7,462,0
TXN202848,CUST12341,2026-08-10,6,Grocery,28.04,0,6.0,271,0
TXN202849,CUST11511,2026-08-27,16,ATM Withdrawal,167.1,0,5.1,155,0
TXN202850,CUST12049,2026-07-18,17,Grocery,60.99,0,2.4,34,0
TXN202851,CUST10084,2026-07-30,11,Electronics,182.0,0,7.1,185,0
TXN202852,CUST12160,2026-07-18,7,Dining,182.58,0,1.5,235,0
TXN202853,CUST11202,2026-09-21,18,Jewelry,2952.77,0,13.9,67,1
TXN202854,CUST12270,2026-08-17,4,Fuel,39.83,0,1.9,9,0
TXN202855,CUST11427,2026-08-07,12,Grocery,90.3,0,6.9,258,0
TXN202856,CUST12025,2026-08-29,12,Travel,895.17,1,1.2,212,0
TXN202857,CUST10096,2026-08-14,23,Online Retail,110.99,0,2.6,851,0
TXN202858,CUST11504,2026-07-26,11,Fuel,68.93,0,3.4,94,0
TXN202859,CUST10643,2026-07-14,12,Electronics,894.2,0,4.6,287,0
TXN202860,CUST10252,2026-07-26,9,Dining,54.18,0,0.5,408,0
TXN202861,CUST12275,2026-09-20,6,Fuel,41.85,0,3.1,261,0
TXN202862,CUST11404,2026-09-17,11,Electronics,668.84,0,2.7,330,0
TXN202863,CUST10778,2026-07-08,14,Jewelry,390.88,0,40.5,170,0
TXN202864,CUST11151,2026-07-06,14,Online Retail,47.92,0,19.1,74,0
TXN202865,CUST10017,2026-09-14,16,Online Retail,212.67,0,8.2,801,0
TXN202866,CUST12262,2026-08-15,6,Jewelry,1175.25,0,0.5,440,0
TXN202867,CUST10268,2026-07-03,16,Online Retail,105.96,0,1.6,13,0
TXN202868,CUST12216,2026-07-29,19,Travel,1034.34,0,20.2,371,0
TXN202869,CUST11217,2026-07-04,9,ATM Withdrawal,680.11,0,37.5,196,0
TXN202870,CUST11979,2026-07-12,9,Fuel,54.85,0,10.1,670,0
TXN202871,CUST10044,2026-07-14,20,Online Retail,147.89,0,2.2,349,0
TXN202872,CUST11285,2026-07-07,13,Fuel,61.36,0,4.5,760,0
TXN202873,CUST10803,2026-07-20,18,Electronics,314.62,0,6.5,538,0
TXN202874,CUST10429,2026-07-14,17,Dining,24.2,0,0.1,391,0
TXN202875,CUST10055,2026-09-14,16,Grocery,89.22,0,3.4,1008,0
TXN202876,CUST12409,2026-09-07,16,Jewelry,896.78,0,2.8,10,0
TXN202877,CUST10515,2026-07-29,21,Electronics,313.45,0,22.8,89,0
TXN202878,CUST10545,2026-09-25,11,Grocery,89.57,0,1.9,44,0
TXN202879,CUST11379,2026-08-22,16,Grocery,83.73,0,3.6,68,0
TXN202880,CUST11770,2026-07-21,23,Electronics,344.91,0,3.7,321,0
TXN202881,CUST10836,2026-08-16,9,Grocery,28.38,0,52.0,568,0
TXN202882,CUST11522,2026-09-10,8,Grocery,105.9,0,11.4,51,0
TXN202883,CUST10555,2026-09-12,10,Grocery,48.96,0,3.3,922,0
TXN202884,CUST10382,2026-09-20,12,Dining,54.71,0,2.4,1033,0
TXN202885,CUST10146,2026-08-03,13,Electronics,154.21,0,3.0,12,0
TXN202886,CUST11400,2026-07-12,19,Fuel,57.69,0,3.0,38,0
TXN202887,CUST10570,2026-08-05,16,Grocery,17.99,0,2.4,432,0
TXN202888,CUST11812,2026-07-16,18,ATM Withdrawal,175.46,0,4.7,728,0
TXN202889,CUST10613,2026-07-30,8,Dining,19.61,0,5.4,225,0
TXN202890,CUST11022,2026-09-12,19,Electronics,410.81,0,10.5,725,0
TXN202891,CUST12183,2026-09-14,16,Fuel,98.88,0,5.8,135,0
TXN202892,CUST11518,2026-09-24,6,Online Retail,82.11,0,6.6,98,0
TXN202893,CUST12301,2026-06-30,12,Grocery,79.91,0,1.8,279,0
TXN202894,CUST12320,2026-08-11,18,Electronics,305.89,0,11.3,274,0
TXN202895,CUST11914,2026-08-27,9,Grocery,45.88,0,1.9,1100,0
TXN202896,CUST11287,2026-09-17,16,Online Retail,130.99,0,6.3,27,0
TXN202897,CUST12154,2026-09-25,15,Dining,41.53,0,0.3,818,0
TXN202898,CUST11255,2026-07-07,18,Online Retail,126.46,0,4.1,841,0
TXN202899,CUST10719,2026-09-20,8,Online Retail,33.67,0,10.3,249,0
TXN202900,CUST11604,2026-08-18,9,Grocery,21.73,0,45.4,63,0
TXN202901,CUST12090,2026-08-04,6,Online Retail,76.64,0,0.8,367,0
TXN202902,CUST10613,2026-07-12,17,ATM Withdrawal,226.99,0,9.2,591,0
TXN202903,CUST12241,2026-07-10,14,Grocery,28.15,0,9.1,28,0
TXN202904,CUST10808,2026-07-29,15,Fuel,24.59,0,13.5,797,0
TXN202905,CUST10579,2026-08-09,9,Dining,78.99,0,18.5,20,0
TXN202906,CUST12006,2026-08-21,16,Grocery,43.85,0,13.0,38,0
TXN202907,CUST10719,2026-07-21,22,Grocery,42.15,0,5.2,430,0
TXN202908,CUST11000,2026-07-08,8,Jewelry,588.94,0,11.7,469,0
TXN202909,CUST12168,2026-09-25,16,Dining,62.72,0,4.4,202,0
TXN202910,CUST11044,2026-07-04,13,Dining,49.13,0,7.8,254,1
TXN202911,CUST11358,2026-08-13,12,Dining,53.21,0,22.9,180,0
TXN202912,CUST12324,2026-07-05,8,Grocery,34.01,0,1.7,702,0
TXN202913,CUST11597,2026-07-01,18,Grocery,74.59,0,3.4,126,1
TXN202914,CUST10296,2026-08-07,17,Electronics,552.29,0,8.9,159,0
TXN202915,CUST12037,2026-07-23,18,Dining,25.48,0,28.7,572,0
TXN202916,CUST10646,2026-08-03,12,Dining,103.95,0,4.1,294,0
TXN202917,CUST10465,2026-09-03,10,Dining,31.5,0,4.1,253,0
TXN202918,CUST10858,2026-09-12,11,Grocery,10.93,0,15.9,184,0
TXN202919,CUST11219,2026-08-01,11,Dining,42.42,0,2.6,47,0
TXN202920,CUST12166,2026-07-30,16,Grocery,26.21,0,25.8,69,0
TXN202921,CUST11931,2026-08-15,10,Travel,448.41,0,16.0,78,0
TXN202922,CUST12003,2026-07-04,6,Grocery,19.04,0,0.7,46,0
TXN202923,CUST10992,2026-08-12,14,Dining,18.89,0,8.0,323,0
TXN202924,CUST11571,2026-08-11,21,Online Retail,118.2,0,3.7,707,0
TXN202925,CUST12430,2026-08-05,17,Dining,48.12,0,1.8,522,0
TXN202926,CUST12385,2026-08-06,7,Dining,68.38,0,1.9,104,0
TXN202927,CUST10069,2026-08-09,9,ATM Withdrawal,87.79,0,1.2,121,0
TXN202928,CUST11190,2026-09-03,16,Online Retail,78.42,0,4.5,455,0
TXN202929,CUST10451,2026-06-30,15,Dining,43.52,0,0.4,408,0
TXN202930,CUST10206,2026-06-30,19,Electronics,197.73,0,0.7,667,0
TXN202931,CUST10568,2026-09-07,13,Electronics,94.24,0,4.7,521,0
TXN202932,CUST11156,2026-07-20,10,Grocery,19.37,0,7.7,294,0
TXN202933,CUST11918,2026-07-09,16,Travel,668.89,0,8.4,157,0
TXN202934,CUST10802,2026-07-12,8,Electronics,204.3,1,9.2,142,0
TXN202935,CUST11067,2026-07-23,7,Online Retail,261.19,1,0.6,1222,0
TXN202936,CUST10724,2026-07-05,18,Fuel,35.11,0,1.7,1037,0
TXN202937,CUST11037,2026-09-19,15,Grocery,72.46,0,15.9,52,0
TXN202938,CUST10178,2026-09-22,14,Jewelry,501.02,0,18.4,531,0
TXN202939,CUST10395,2026-09-09,9,Grocery,40.26,0,5.2,484,0
TXN202940,CUST10897,2026-08-26,16,ATM Withdrawal,272.41,0,14.7,5,0
TXN202941,CUST10339,2026-07-02,15,Travel,292.94,0,10.7,291,0
TXN202942,CUST11578,2026-09-18,22,Grocery,19.04,0,19.3,219,0
TXN202943,CUST10270,2026-08-25,10,Dining,25.2,0,0.0,570,0
TXN202944,CUST11849,2026-07-23,9,Fuel,49.89,0,1.6,672,0
TXN202945,CUST11773,2026-07-12,12,Grocery,30.46,0,11.9,145,0
TXN202946,CUST10281,2026-08-13,12,Online Retail,145.08,0,3.6,528,0
TXN202947,CUST11913,2026-08-27,13,Electronics,198.7,0,11.6,264,0
TXN202948,CUST10928,2026-07-30,6,Travel,573.48,1,1.7,733,0
TXN202949,CUST12444,2026-08-24,10,ATM Withdrawal,108.85,0,4.5,1179,0
TXN202950,CUST11504,2026-07-17,20,Fuel,63.46,1,10.5,365,0
TXN202951,CUST12378,2026-08-06,12,Travel,224.84,0,7.5,438,0
TXN202952,CUST11983,2026-07-25,20,Jewelry,360.5,0,18.6,577,0
TXN202953,CUST11603,2026-08-07,18,Electronics,542.82,0,0.8,972,0
TXN202954,CUST11933,2026-09-09,14,Online Retail,80.38,0,3.4,412,0
TXN202955,CUST10041,2026-07-06,15,Electronics,484.06,0,1.0,259,0
TXN202956,CUST12263,2026-07-27,12,Online Retail,76.07,1,26.1,876,0
TXN202957,CUST10291,2026-08-02,15,Fuel,86.72,0,3.4,547,0
TXN202958,CUST12358,2026-08-29,21,Dining,28.91,0,5.1,362,0
TXN202959,CUST10935,2026-08-19,17,Jewelry,697.93,0,10.3,1540,0
TXN202960,CUST10872,2026-09-24,20,Dining,104.05,0,8.0,386,0
TXN202961,CUST11140,2026-07-11,10,Grocery,21.73,0,13.0,92,0
TXN202962,CUST10322,2026-07-16,11,Electronics,93.89,0,15.6,82,0
TXN202963,CUST10862,2026-08-19,20,Grocery,20.58,0,3.9,1219,0
TXN202964,CUST12459,2026-07-05,20,Dining,139.11,0,0.7,140,0
TXN202965,CUST10484,2026-07-20,11,Fuel,46.96,0,6.3,484,0
TXN202966,CUST11695,2026-09-22,11,Online Retail,65.39,1,2.9,59,0
TXN202967,CUST11829,2026-08-17,16,Fuel,46.5,0,18.6,776,0
TXN202968,CUST10434,2026-09-07,12,Fuel,33.2,0,0.3,244,0
TXN202969,CUST11829,2026-09-10,15,Online Retail,101.18,0,1.5,157,0
TXN202970,CUST10365,2026-08-24,18,Online Retail,47.11,0,18.4,1169,0
TXN202971,CUST10300,2026-07-30,14,Grocery,70.36,0,4.0,205,0
TXN202972,CUST10235,2026-09-25,13,ATM Withdrawal,105.5,0,11.4,514,0
TXN202973,CUST10907,2026-07-21,19,Dining,130.96,0,1.0,58,0
TXN202974,CUST11415,2026-08-29,13,Fuel,66.16,0,33.2,1181,0
TXN202975,CUST11168,2026-07-14,12,Dining,65.32,0,10.1,64,0
TXN202976,CUST12292,2026-08-27,8,Dining,66.32,0,6.8,170,0
TXN202977,CUST10326,2026-07-04,23,Grocery,79.12,0,8.1,225,0
TXN202978,CUST11309,2026-08-05,15,Dining,63.24,0,10.8,275,0
TXN202979,CUST11164,2026-08-31,17,Dining,84.25,1,1.4,798,0
TXN202980,CUST11416,2026-07-25,19,Online Retail,143.87,1,4.5,73,0
TXN202981,CUST10434,2026-09-21,17,Grocery,49.56,0,7.3,123,0
TXN202982,CUST12439,2026-07-31,7,Online Retail,92.45,0,33.9,107,0
TXN202983,CUST10548,2026-08-16,17,Travel,1130.82,0,5.0,390,0
TXN202984,CUST12014,2026-07-23,18,Online Retail,254.17,0,3.7,732,0
TXN202985,CUST11652,2026-07-01,8,Online Retail,114.46,0,6.7,326,0
TXN202986,CUST10066,2026-08-12,12,Fuel,129.26,0,9.3,796,0
TXN202987,CUST11502,2026-07-03,20,Online Retail,319.73,0,2.1,142,0
TXN202988,CUST11599,2026-09-02,12,Fuel,21.61,0,1.4,331,0
TXN202989,CUST10759,2026-09-24,9,Dining,70.11,0,1.8,311,0
TXN202990,CUST12174,2026-07-01,17,Electronics,452.08,0,2.7,140,0
TXN202991,CUST11597,2026-08-17,16,Travel,352.33,0,5.2,528,0
TXN202992,CUST10125,2026-09-04,17,Jewelry,1177.5,0,3.5,1013,0
TXN202993,CUST12133,2026-07-26,8,Electronics,85.36,0,3.6,920,0
TXN202994,CUST11550,2026-09-19,13,Online Retail,113.76,0,1.4,244,0
TXN202995,CUST10791,2026-09-21,11,Electronics,1007.98,1,0.8,83,0
TXN202996,CUST10754,2026-09-08,5,Fuel,30.72,0,6.5,265,0
TXN202997,CUST10496,2026-07-17,20,Grocery,58.18,0,3.2,466,0
TXN202998,CUST11908,2026-07-21,8,Fuel,23.85,0,8.4,466,0
TXN202999,CUST11156,2026-07-07,12,Online Retail,213.96,0,7.4,663,0
TXN203000,CUST11214,2026-06-30,14,Online Retail,197.06,0,5.0,72,0
TXN203001,CUST10176,2026-07-17,9,Fuel,166.01,0,17.3,27,0
TXN203002,CUST10926,2026-07-02,14,Online Retail,224.52,0,0.1,279,0
TXN203003,CUST10233,2026-07-28,14,Dining,46.91,0,10.8,421,0
TXN203004,CUST10508,2026-07-04,18,Grocery,59.7,0,7.2,22,0
TXN203005,CUST10630,2026-09-09,11,Grocery,39.35,0,0.8,207,0
TXN203006,CUST11902,2026-09-10,18,Online Retail,135.82,0,27.2,1529,0
TXN203007,CUST11368,2026-07-25,13,Dining,57.98,0,17.5,486,0
TXN203008,CUST11168,2026-07-24,11,Electronics,347.51,0,1.9,26,0
TXN203009,CUST10317,2026-08-04,14,Jewelry,1076.47,0,1.4,922,0
TXN203010,CUST11959,2026-09-16,12,Dining,36.44,0,10.6,1347,0
TXN203011,CUST10626,2026-08-29,6,Online Retail,82.96,0,3.8,48,0
TXN203012,CUST11923,2026-08-12,14,Fuel,159.09,0,3.9,806,0
TXN203013,CUST12056,2026-07-03,11,Fuel,83.15,0,1.5,580,0
TXN203014,CUST10691,2026-09-07,23,Fuel,70.62,0,1.1,968,0
TXN203015,CUST11600,2026-07-19,17,Online Retail,32.99,0,5.4,393,0
TXN203016,CUST10883,2026-07-24,5,Travel,294.97,0,5.0,1761,0
TXN203017,CUST12422,2026-08-16,11,Grocery,13.65,0,4.6,674,0
TXN203018,CUST10375,2026-07-25,14,Fuel,71.67,0,15.4,64,0
TXN203019,CUST10425,2026-09-16,23,Fuel,83.25,0,3.1,670,0
TXN203020,CUST11976,2026-07-08,12,ATM Withdrawal,243.77,0,2.1,5,0
TXN203021,CUST10778,2026-09-09,19,Electronics,791.88,0,16.9,303,0
TXN203022,CUST11638,2026-09-23,8,Travel,588.98,0,1.6,467,0
TXN203023,CUST11633,2026-07-23,12,Electronics,350.34,0,15.9,1122,0
TXN203024,CUST12023,2026-09-11,7,Travel,438.43,0,9.0,302,0
TXN203025,CUST10458,2026-09-15,8,Travel,269.53,0,3.5,477,0
TXN203026,CUST12447,2026-08-08,18,Electronics,534.61,0,18.6,214,0
TXN203027,CUST10090,2026-07-13,20,Online Retail,179.11,0,41.5,39,0
TXN203028,CUST11601,2026-07-29,10,Fuel,112.31,0,5.5,1572,0
TXN203029,CUST11743,2026-08-20,9,Dining,50.85,0,11.8,489,0
TXN203030,CUST11469,2026-08-16,21,Grocery,47.08,0,17.9,258,0
TXN203031,CUST10862,2026-07-16,14,Electronics,693.54,0,6.5,103,1
TXN203032,CUST11596,2026-07-27,4,Dining,72.81,0,3.2,81,0
TXN203033,CUST11140,2026-09-13,16,Electronics,414.39,0,5.9,704,0
TXN203034,CUST11659,2026-08-26,11,Online Retail,234.76,0,0.1,317,0
TXN203035,CUST11165,2026-07-07,11,Online Retail,112.54,0,13.1,658,0
TXN203036,CUST11849,2026-09-15,16,Fuel,22.49,0,12.7,635,0
TXN203037,CUST10630,2026-09-16,21,Fuel,57.67,0,0.8,129,0
TXN203038,CUST12362,2026-07-17,20,Electronics,821.79,0,3.8,238,0
TXN203039,CUST10116,2026-07-02,7,Online Retail,104.74,0,0.4,1068,0
TXN203040,CUST10354,2026-09-16,19,Dining,98.96,0,12.9,48,0
TXN203041,CUST11890,2026-07-01,13,Dining,74.72,0,7.1,1260,0
TXN203042,CUST12145,2026-08-01,2,Dining,41.61,0,3.8,64,0
TXN203043,CUST10871,2026-07-09,3,Grocery,74.19,0,22.5,471,0
TXN203044,CUST10283,2026-09-22,12,Travel,759.01,0,4.2,165,0
TXN203045,CUST10418,2026-07-23,14,ATM Withdrawal,85.4,0,3.6,390,0
TXN203046,CUST12417,2026-08-21,23,Jewelry,1377.9,0,14.5,66,0
TXN203047,CUST11605,2026-09-08,11,Grocery,39.31,0,4.2,218,0
TXN203048,CUST11936,2026-08-19,12,Online Retail,29.65,0,10.9,118,0
TXN203049,CUST12178,2026-07-04,18,Online Retail,80.02,0,1.8,273,0
TXN203050,CUST11267,2026-09-18,9,Dining,63.56,0,1.6,298,0
TXN203051,CUST11376,2026-07-25,13,Online Retail,148.97,0,15.5,1908,0
TXN203052,CUST12194,2026-09-26,19,Fuel,73.98,0,2.7,10,0
TXN203053,CUST12211,2026-09-17,13,Dining,60.9,0,5.1,154,0
TXN203054,CUST10205,2026-09-18,5,Dining,32.8,0,15.4,358,0
TXN203055,CUST10376,2026-08-19,12,Online Retail,196.79,0,10.5,82,0
TXN203056,CUST11247,2026-08-11,19,Dining,66.5,0,3.5,225,0
TXN203057,CUST10040,2026-07-23,10,Grocery,26.78,0,10.5,130,0
TXN203058,CUST10488,2026-09-06,13,Dining,50.31,0,13.7,8,0
TXN203059,CUST11842,2026-07-24,23,Jewelry,777.54,0,14.5,338,0
TXN203060,CUST12447,2026-07-21,12,Electronics,303.55,0,2.9,107,0
TXN203061,CUST10970,2026-09-03,18,Electronics,92.08,0,1.3,390,0
TXN203062,CUST11582,2026-08-10,19,Online Retail,92.45,1,1.0,371,1
TXN203063,CUST11705,2026-06-30,23,ATM Withdrawal,209.94,0,4.1,191,0
TXN203064,CUST11745,2026-07-07,11,ATM Withdrawal,108.77,0,5.2,19,0
TXN203065,CUST10714,2026-07-12,23,Grocery,52.53,0,25.1,787,0
TXN203066,CUST10984,2026-07-28,9,Grocery,41.36,0,12.7,535,0
TXN203067,CUST11517,2026-06-29,14,Online Retail,167.84,1,10.5,1841,0
TXN203068,CUST11307,2026-08-08,23,Fuel,38.06,0,7.8,386,0
TXN203069,CUST10969,2026-09-03,12,Grocery,15.56,0,5.8,204,0
TXN203070,CUST10110,2026-09-06,3,Online Retail,26.48,0,11.9,673,0
TXN203071,CUST11827,2026-08-04,11,Dining,55.21,0,3.7,499,0
TXN203072,CUST12480,2026-08-04,16,Grocery,27.24,0,0.2,41,0
TXN203073,CUST10440,2026-06-29,23,Electronics,138.13,0,24.4,232,0
TXN203074,CUST10920,2026-08-13,9,Travel,438.84,0,8.8,666,0
TXN203075,CUST10506,2026-09-12,7,Electronics,187.23,0,31.2,46,0
TXN203076,CUST10339,2026-07-13,12,Grocery,45.13,0,0.4,87,0
TXN203077,CUST10772,2026-08-21,19,Grocery,31.19,0,0.8,176,0
TXN203078,CUST10454,2026-07-01,15,ATM Withdrawal,137.69,0,23.8,548,0
TXN203079,CUST12248,2026-09-26,23,Electronics,517.22,0,5.0,5,0
TXN203080,CUST10675,2026-08-06,14,Grocery,63.54,0,26.2,83,0
TXN203081,CUST11205,2026-06-30,22,Jewelry,923.6,0,0.0,590,0
TXN203082,CUST12008,2026-07-28,14,Grocery,60.46,0,9.7,469,0
TXN203083,CUST10804,2026-09-05,21,ATM Withdrawal,311.61,0,1.2,823,0
TXN203084,CUST10141,2026-09-14,23,Grocery,29.17,0,0.3,2379,0
TXN203085,CUST10597,2026-09-01,10,Dining,69.78,0,11.4,11,0
TXN203086,CUST10167,2026-08-30,15,Online Retail,70.9,0,14.5,1482,0
TXN203087,CUST11748,2026-08-16,13,Online Retail,89.63,0,5.7,636,0
TXN203088,CUST10745,2026-07-13,18,Dining,117.96,0,0.7,389,0
TXN203089,CUST12300,2026-07-09,11,Dining,70.3,0,8.1,477,0
TXN203090,CUST11277,2026-09-10,9,Dining,58.36,0,6.2,1241,0
TXN203091,CUST11397,2026-07-06,18,Dining,185.04,0,2.5,14,0
TXN203092,CUST11460,2026-07-14,16,Jewelry,1273.69,0,1.9,296,0
TXN203093,CUST11671,2026-07-15,14,Grocery,40.62,0,0.3,182,0
TXN203094,CUST11241,2026-09-02,15,Grocery,44.99,0,7.0,378,0
TXN203095,CUST10632,2026-08-02,12,Grocery,77.86,0,2.8,281,0
TXN203096,CUST10827,2026-08-15,13,Fuel,76.91,0,9.5,45,0
TXN203097,CUST10684,2026-09-01,15,Grocery,21.31,0,21.5,95,0
TXN203098,CUST11357,2026-08-19,15,Fuel,294.97,1,0.8,150,0
TXN203099,CUST11371,2026-06-30,4,Online Retail,71.24,0,17.4,19,0
TXN203100,CUST10726,2026-07-12,23,Online Retail,142.82,0,1.8,470,0
TXN203101,CUST10428,2026-09-16,16,Dining,28.86,0,2.3,225,0
TXN203102,CUST11040,2026-09-24,10,Dining,52.77,0,3.8,795,0
TXN203103,CUST11951,2026-07-24,14,Grocery,58.07,0,18.6,561,0
TXN203104,CUST10292,2026-07-16,14,Grocery,90.17,0,12.1,32,0
TXN203105,CUST10224,2026-09-18,23,Online Retail,109.24,0,10.2,726,0
TXN203106,CUST11183,2026-07-25,15,Grocery,38.49,0,14.2,46,0
TXN203107,CUST11212,2026-09-19,15,Grocery,56.58,0,14.1,793,0
TXN203108,CUST11774,2026-07-07,21,Grocery,34.07,0,0.9,170,0
TXN203109,CUST12018,2026-09-04,11,Fuel,9.96,0,14.1,420,0
TXN203110,CUST11094,2026-08-21,23,Grocery,97.85,0,1.2,243,0
TXN203111,CUST12489,2026-08-16,17,Electronics,728.91,0,13.2,559,0
TXN203112,CUST11284,2026-09-26,18,Grocery,34.05,0,0.1,1014,0
TXN203113,CUST11553,2026-08-22,18,Electronics,574.04,1,0.8,601,0
TXN203114,CUST11470,2026-07-22,17,Travel,231.21,0,1.9,41,0
TXN203115,CUST10124,2026-08-12,12,Grocery,37.73,0,7.3,998,0
TXN203116,CUST10558,2026-09-21,6,Online Retail,148.93,1,27.0,62,0
TXN203117,CUST10503,2026-09-12,17,Online Retail,193.87,0,4.0,594,0
TXN203118,CUST12005,2026-07-26,21,Travel,677.86,0,30.2,114,0
TXN203119,CUST10910,2026-08-02,12,Dining,249.47,0,6.0,63,0
TXN203120,CUST10494,2026-07-18,13,Electronics,324.58,0,8.0,696,0
TXN203121,CUST10524,2026-08-06,17,Electronics,349.16,0,13.4,655,0
TXN203122,CUST10489,2026-09-02,18,ATM Withdrawal,392.69,0,0.0,759,0
TXN203123,CUST10894,2026-08-05,20,Fuel,41.79,0,17.3,340,0
TXN203124,CUST10352,2026-07-17,0,Online Retail,68.44,0,5.2,88,0
TXN203125,CUST12182,2026-08-18,9,Travel,384.99,0,1.2,215,0
TXN203126,CUST11947,2026-08-07,15,Grocery,32.48,0,41.2,1561,0
TXN203127,CUST12318,2026-07-04,18,Grocery,62.58,0,9.0,104,0
TXN203128,CUST11657,2026-07-10,17,Fuel,103.28,0,5.4,180,0
TXN203129,CUST12053,2026-08-14,12,Grocery,8.07,0,17.0,56,0
TXN203130,CUST10527,2026-07-06,12,Online Retail,94.29,0,5.3,2998,0
TXN203131,CUST11155,2026-09-17,14,Online Retail,156.07,0,1.0,308,0
TXN203132,CUST11367,2026-08-29,6,Online Retail,91.0,0,3.9,468,0
TXN203133,CUST12407,2026-09-01,23,Dining,126.17,0,25.1,565,0
TXN203134,CUST11924,2026-08-09,23,Online Retail,102.07,0,2.4,503,0
TXN203135,CUST10717,2026-08-22,15,Fuel,81.4,0,2.8,654,0
TXN203136,CUST10826,2026-08-20,15,Online Retail,57.5,0,10.0,119,0
TXN203137,CUST11885,2026-09-20,12,Online Retail,45.83,0,8.0,69,0
TXN203138,CUST10040,2026-07-04,5,Electronics,374.6,0,8.3,288,0
TXN203139,CUST10614,2026-08-29,18,Dining,101.26,0,8.7,150,0
TXN203140,CUST11480,2026-08-12,16,Electronics,385.59,0,12.1,63,0
TXN203141,CUST11302,2026-07-15,18,Travel,221.11,0,14.4,54,0
TXN203142,CUST11606,2026-07-21,21,ATM Withdrawal,238.56,0,3.2,23,0
TXN203143,CUST11932,2026-08-30,13,Grocery,46.18,1,14.4,62,0
TXN203144,CUST10790,2026-07-23,18,Grocery,50.01,0,4.5,1319,0
TXN203145,CUST11744,2026-08-18,13,Dining,25.85,0,12.0,748,0
TXN203146,CUST10142,2026-08-31,6,Grocery,117.4,0,23.2,21,0
TXN203147,CUST11022,2026-09-23,9,Electronics,157.62,0,9.6,93,0
TXN203148,CUST10310,2026-07-09,13,Grocery,30.02,0,2.0,403,0
TXN203149,CUST10093,2026-09-15,12,Dining,56.65,0,24.9,37,0
TXN203150,CUST11566,2026-07-11,16,Fuel,41.45,0,0.8,41,0
TXN203151,CUST11534,2026-09-23,12,Fuel,39.37,0,7.0,470,0
TXN203152,CUST10619,2026-08-16,12,Grocery,38.08,0,1.3,256,0
TXN203153,CUST12327,2026-08-03,16,ATM Withdrawal,169.34,0,9.6,448,0
TXN203154,CUST11360,2026-08-30,14,ATM Withdrawal,48.36,0,0.7,506,0
TXN203155,CUST10178,2026-07-02,22,Electronics,744.4,0,11.7,166,0
TXN203156,CUST12147,2026-07-16,16,Grocery,38.38,0,8.2,462,0
TXN203157,CUST11210,2026-07-31,12,ATM Withdrawal,296.0,0,0.6,224,0
TXN203158,CUST10071,2026-08-16,10,Dining,62.84,0,2.7,5,0
TXN203159,CUST11305,2026-09-02,19,Online Retail,156.85,0,5.7,105,0
TXN203160,CUST10349,2026-09-08,14,Dining,54.39,0,0.3,121,0
TXN203161,CUST12315,2026-06-30,7,Electronics,825.8,0,20.8,421,0
TXN203162,CUST12452,2026-08-04,17,Dining,163.27,0,2.2,822,0
TXN203163,CUST11678,2026-09-10,15,Fuel,8.67,0,0.4,224,1
TXN203164,CUST12223,2026-08-16,18,Dining,79.11,0,2.8,649,0
TXN203165,CUST10720,2026-08-04,17,Online Retail,119.24,0,6.6,490,0
TXN203166,CUST10430,2026-08-09,8,Grocery,83.3,0,2.3,559,0
TXN203167,CUST11943,2026-09-06,18,Online Retail,91.6,0,9.7,685,0
TXN203168,CUST10636,2026-07-27,8,Electronics,197.74,0,8.1,83,0
TXN203169,CUST10023,2026-08-22,13,Grocery,78.65,0,9.1,58,0
TXN203170,CUST12306,2026-08-09,12,Dining,59.47,0,50.8,848,0
TXN203171,CUST12456,2026-08-05,12,Electronics,259.27,0,10.0,450,0
TXN203172,CUST11364,2026-09-26,10,Jewelry,520.3,0,4.4,109,0
TXN203173,CUST12274,2026-07-18,9,Dining,47.5,0,3.1,592,0
TXN203174,CUST10626,2026-06-30,20,ATM Withdrawal,277.53,0,3.3,518,0
TXN203175,CUST12072,2026-09-04,0,Dining,52.66,0,3.2,5,0
TXN203176,CUST12240,2026-08-23,9,Dining,79.46,0,14.0,384,0
TXN203177,CUST12025,2026-09-01,17,Dining,438.99,0,4.9,259,0
TXN203178,CUST11410,2026-08-26,5,ATM Withdrawal,566.67,0,0.5,170,0
TXN203179,CUST11395,2026-08-04,9,Electronics,152.44,0,3.4,945,0
TXN203180,CUST12385,2026-07-14,7,Online Retail,101.64,0,11.1,1115,0
TXN203181,CUST10014,2026-08-13,5,Dining,83.12,0,11.7,114,0
TXN203182,CUST12178,2026-09-18,12,Online Retail,88.23,0,15.5,929,0
TXN203183,CUST10815,2026-07-03,16,Travel,979.97,0,9.3,23,0
TXN203184,CUST10196,2026-07-28,2,Electronics,247.44,0,15.6,1383,0
TXN203185,CUST11005,2026-08-07,17,Grocery,96.49,0,1.6,1340,0
TXN203186,CUST11615,2026-08-08,13,Travel,424.25,0,4.4,319,0
TXN203187,CUST12319,2026-08-10,10,Dining,52.13,0,5.6,65,0
TXN203188,CUST10822,2026-07-16,12,ATM Withdrawal,153.99,0,7.3,119,0
TXN203189,CUST11835,2026-09-20,13,Fuel,78.18,0,12.1,913,0
TXN203190,CUST11826,2026-09-05,11,Grocery,32.71,1,3.8,453,0
TXN203191,CUST11432,2026-07-10,12,Online Retail,92.27,1,10.1,183,0
TXN203192,CUST10727,2026-07-23,12,Dining,31.54,0,32.9,934,0
TXN203193,CUST11893,2026-08-14,8,Grocery,11.51,1,16.8,114,0
TXN203194,CUST10105,2026-07-12,16,Dining,69.42,0,5.3,155,0
TXN203195,CUST11472,2026-08-09,23,Dining,35.77,0,4.9,5,0
TXN203196,CUST12339,2026-07-09,11,Grocery,26.4,0,8.8,1011,0
TXN203197,CUST11443,2026-09-08,16,Dining,77.78,0,1.0,5,0
TXN203198,CUST10455,2026-07-18,23,ATM Withdrawal,261.88,0,13.4,69,0
TXN203199,CUST11317,2026-07-10,16,Travel,705.61,0,0.1,643,0
TXN203200,CUST11158,2026-07-23,7,Travel,328.08,1,5.4,113,0
TXN203201,CUST10240,2026-08-04,13,ATM Withdrawal,89.32,0,2.8,646,0
TXN203202,CUST11611,2026-07-10,20,Grocery,29.0,0,0.0,459,0
TXN203203,CUST11438,2026-07-29,10,Electronics,1254.92,0,6.5,229,0
TXN203204,CUST11803,2026-09-26,12,Travel,906.19,0,3.5,1147,0
TXN203205,CUST11399,2026-08-07,7,Grocery,29.95,0,11.2,466,0
TXN203206,CUST11116,2026-08-17,10,Travel,939.92,0,8.7,847,0
TXN203207,CUST10298,2026-08-18,17,Travel,545.9,0,8.3,71,0
TXN203208,CUST11917,2026-09-07,18,Online Retail,78.35,0,7.9,581,0
TXN203209,CUST12427,2026-08-03,13,Electronics,174.24,0,15.9,108,0
TXN203210,CUST11332,2026-09-03,14,Electronics,360.13,0,3.2,373,0
TXN203211,CUST10704,2026-09-05,13,Electronics,323.27,0,0.9,1292,0
TXN203212,CUST10862,2026-07-22,18,Grocery,61.44,0,6.8,5,0
TXN203213,CUST11050,2026-07-03,23,Dining,26.27,0,9.5,5,0
TXN203214,CUST10237,2026-09-15,14,Online Retail,88.96,0,17.7,499,0
TXN203215,CUST12275,2026-07-03,7,Grocery,52.72,0,2.4,782,0
TXN203216,CUST11247,2026-07-26,18,Grocery,85.77,0,7.2,507,0
TXN203217,CUST11529,2026-06-29,13,ATM Withdrawal,339.43,0,20.0,1202,0
TXN203218,CUST10694,2026-06-29,9,Grocery,44.07,0,5.3,259,0
TXN203219,CUST10564,2026-09-06,14,Electronics,532.11,0,0.4,58,0
TXN203220,CUST11887,2026-07-02,13,ATM Withdrawal,495.89,0,4.6,84,0
TXN203221,CUST12149,2026-09-03,11,Online Retail,109.92,0,9.2,152,0
TXN203222,CUST10547,2026-08-25,13,Dining,151.81,1,5.2,25,0
TXN203223,CUST11844,2026-09-04,21,Fuel,80.06,0,2.6,677,0
TXN203224,CUST11694,2026-07-07,10,Dining,271.54,0,12.0,181,0
TXN203225,CUST11315,2026-09-04,18,Online Retail,398.82,0,7.4,306,0
TXN203226,CUST12063,2026-08-09,12,Travel,626.43,0,26.7,113,0
TXN203227,CUST11824,2026-09-05,10,Fuel,22.13,0,16.7,933,0
TXN203228,CUST10198,2026-07-22,20,Grocery,38.6,0,1.2,406,0
TXN203229,CUST11117,2026-08-28,9,Grocery,22.41,0,2.8,514,0
TXN203230,CUST10112,2026-07-29,19,Travel,491.09,0,9.2,512,0
TXN203231,CUST12081,2026-09-08,12,Dining,44.28,0,4.3,749,0
TXN203232,CUST10234,2026-07-22,9,Fuel,20.16,0,11.2,232,0
TXN203233,CUST11889,2026-07-21,21,Online Retail,213.21,0,1.3,135,0
TXN203234,CUST11226,2026-08-05,20,Grocery,91.67,0,37.2,69,0
TXN203235,CUST11662,2026-09-11,22,Fuel,54.34,1,0.2,23,0
TXN203236,CUST10458,2026-09-18,16,Fuel,49.95,0,2.8,514,0
TXN203237,CUST10997,2026-09-09,8,Dining,72.84,0,3.5,1455,0
TXN203238,CUST12159,2026-07-21,18,Dining,26.95,0,5.4,16,0
TXN203239,CUST10170,2026-07-16,7,Dining,67.22,1,2.6,7,0
TXN203240,CUST11025,2026-08-15,16,Dining,82.36,0,8.7,310,0
TXN203241,CUST11007,2026-07-22,22,Online Retail,182.25,0,5.7,52,0
TXN203242,CUST12478,2026-07-21,18,Grocery,138.54,0,11.9,56,0
TXN203243,CUST11859,2026-07-29,14,Online Retail,89.83,0,42.2,636,0
TXN203244,CUST10497,2026-07-13,15,Dining,34.19,0,1.4,329,0
TXN203245,CUST12229,2026-07-26,8,ATM Withdrawal,590.67,0,2.1,23,0
TXN203246,CUST12169,2026-07-16,14,Electronics,1054.83,0,1.1,68,0
TXN203247,CUST11367,2026-07-20,11,Travel,329.75,0,8.7,1034,0
TXN203248,CUST10611,2026-09-23,10,Travel,929.27,0,2.4,56,0
TXN203249,CUST10090,2026-08-14,15,Dining,54.31,0,0.8,104,0
TXN203250,CUST10465,2026-09-21,6,ATM Withdrawal,240.49,0,3.6,33,0
TXN203251,CUST12308,2026-08-26,8,Grocery,84.98,0,2.3,774,0
TXN203252,CUST12296,2026-07-31,12,Online Retail,121.16,0,3.6,256,0
TXN203253,CUST12342,2026-07-29,15,Dining,43.57,0,11.8,404,0
TXN203254,CUST11151,2026-07-29,16,Grocery,25.97,0,1.0,281,0
TXN203255,CUST11916,2026-08-05,21,Dining,99.95,0,5.2,21,0
TXN203256,CUST10262,2026-07-01,15,Online Retail,472.87,0,12.1,14,0
TXN203257,CUST11635,2026-08-16,9,Electronics,144.85,0,27.2,100,0
TXN203258,CUST10903,2026-08-18,12,Travel,749.16,0,26.9,670,0
TXN203259,CUST11531,2026-08-07,10,Grocery,27.64,0,5.1,935,0
TXN203260,CUST10743,2026-07-30,18,Dining,93.34,0,33.7,984,0
TXN203261,CUST12459,2026-08-20,13,Grocery,41.77,0,7.8,268,0
TXN203262,CUST11173,2026-08-27,19,Online Retail,39.63,0,0.8,222,0
TXN203263,CUST10482,2026-09-11,16,Electronics,486.58,0,12.7,386,0
TXN203264,CUST10034,2026-07-16,8,Jewelry,1016.06,0,4.3,317,0
TXN203265,CUST10626,2026-07-22,15,Grocery,40.06,0,2.9,496,0
TXN203266,CUST11047,2026-07-01,19,Grocery,107.3,0,4.7,72,0
TXN203267,CUST12073,2026-06-30,10,Grocery,62.44,0,15.0,136,0
TXN203268,CUST10834,2026-08-18,8,Travel,144.25,0,0.5,183,0
TXN203269,CUST11669,2026-07-27,9,Grocery,38.8,0,5.9,397,0
TXN203270,CUST10539,2026-09-03,12,Dining,165.44,1,3.6,546,0
TXN203271,CUST10339,2026-07-07,11,Travel,315.29,0,10.2,182,0
TXN203272,CUST11804,2026-08-30,16,Travel,512.88,0,3.9,245,0
TXN203273,CUST12009,2026-09-19,17,Online Retail,39.81,0,9.3,189,0
TXN203274,CUST10832,2026-08-06,7,ATM Withdrawal,277.39,1,10.4,308,0
TXN203275,CUST12239,2026-08-05,9,Fuel,88.79,0,1.2,718,0
TXN203276,CUST12472,2026-07-21,15,Electronics,1051.02,0,4.6,850,0
TXN203277,CUST12280,2026-08-24,20,Dining,182.05,0,2.5,146,0
TXN203278,CUST10532,2026-08-14,15,Dining,32.93,0,6.6,218,0
TXN203279,CUST12485,2026-07-29,22,Dining,40.13,0,0.3,184,0
TXN203280,CUST11947,2026-09-09,14,Fuel,50.86,0,0.7,92,0
TXN203281,CUST10593,2026-07-15,20,Online Retail,161.42,0,7.0,5,0
TXN203282,CUST10801,2026-08-27,17,Grocery,27.35,0,5.1,85,0
TXN203283,CUST10494,2026-08-12,12,Grocery,45.12,0,3.1,629,0
TXN203284,CUST11466,2026-07-16,11,Jewelry,1804.28,0,1.6,311,0
TXN203285,CUST11885,2026-09-11,15,Dining,75.98,0,0.3,250,0
TXN203286,CUST12128,2026-07-12,11,Online Retail,147.3,0,1.2,1074,0
TXN203287,CUST10136,2026-09-15,11,Online Retail,61.78,0,6.9,229,0
TXN203288,CUST12090,2026-08-27,9,Dining,85.55,0,1.8,294,0
TXN203289,CUST12434,2026-08-28,14,Grocery,36.07,0,6.3,1470,0
TXN203290,CUST11713,2026-07-19,14,Online Retail,80.07,0,6.5,82,0
TXN203291,CUST10409,2026-09-11,1,Online Retail,236.98,0,17.8,17,0
TXN203292,CUST11736,2026-07-26,13,Grocery,16.77,0,5.6,11,0
TXN203293,CUST11881,2026-07-18,15,Grocery,104.71,0,8.8,1000,0
TXN203294,CUST12062,2026-07-29,19,Jewelry,601.31,0,0.6,235,0
TXN203295,CUST11451,2026-09-04,11,Grocery,78.67,1,1.8,21,0
TXN203296,CUST11958,2026-09-14,8,Travel,300.32,0,12.0,232,0
TXN203297,CUST10604,2026-09-10,12,Grocery,30.52,0,5.2,181,0
TXN203298,CUST11658,2026-09-20,12,Grocery,20.78,0,11.1,201,0
TXN203299,CUST10430,2026-07-25,10,Grocery,38.04,0,0.8,848,0
TXN203300,CUST12337,2026-08-03,11,Travel,306.74,0,1.4,336,0
TXN203301,CUST12225,2026-08-20,8,Grocery,12.3,0,2.1,12,0
TXN203302,CUST11353,2026-07-13,10,Jewelry,526.51,0,2.8,774,0
TXN203303,CUST10456,2026-09-12,16,Online Retail,247.0,0,8.9,474,0
TXN203304,CUST10926,2026-09-24,10,Jewelry,1881.13,0,2.9,26,0
TXN203305,CUST10091,2026-09-24,13,Fuel,38.46,0,4.6,207,0
TXN203306,CUST10324,2026-07-24,9,Online Retail,30.75,0,0.6,179,0
TXN203307,CUST11786,2026-08-02,16,Fuel,94.6,0,5.0,80,0
TXN203308,CUST11781,2026-08-01,23,Grocery,17.19,0,13.9,305,0
TXN203309,CUST11913,2026-07-22,6,Dining,32.53,0,0.4,103,0
TXN203310,CUST11119,2026-07-27,22,Grocery,35.68,0,0.8,632,0
TXN203311,CUST12430,2026-08-11,9,Dining,52.14,0,6.4,77,0
TXN203312,CUST12149,2026-07-03,22,Grocery,46.38,0,9.4,32,0
TXN203313,CUST10450,2026-09-08,11,Grocery,26.31,0,3.4,173,0
TXN203314,CUST11948,2026-07-26,18,Travel,509.97,0,0.8,513,0
TXN203315,CUST10862,2026-09-17,15,Electronics,451.51,0,24.7,67,0
TXN203316,CUST10927,2026-09-16,23,Online Retail,70.24,0,5.9,257,0
TXN203317,CUST11486,2026-09-11,8,Fuel,43.68,0,3.7,38,0
TXN203318,CUST10845,2026-09-23,14,Grocery,52.96,0,7.9,395,0
TXN203319,CUST11226,2026-07-19,11,Dining,16.63,0,6.3,420,0
TXN203320,CUST11849,2026-07-04,6,Online Retail,473.42,0,11.4,792,0
TXN203321,CUST11468,2026-08-29,9,Jewelry,1017.15,0,5.9,960,0
TXN203322,CUST10579,2026-07-24,9,Grocery,49.59,0,17.0,1465,0
TXN203323,CUST11654,2026-09-07,18,Dining,218.22,0,3.1,394,0
TXN203324,CUST11468,2026-07-19,5,Electronics,193.75,0,5.2,647,0
TXN203325,CUST10030,2026-07-12,13,Fuel,28.52,0,17.6,671,0
TXN203326,CUST12356,2026-07-24,20,Travel,536.41,0,3.1,49,0
TXN203327,CUST10331,2026-07-15,19,Online Retail,238.62,0,26.2,163,0
TXN203328,CUST10986,2026-09-21,15,Fuel,27.9,0,12.0,379,0
TXN203329,CUST10819,2026-08-30,11,Grocery,26.13,0,8.4,177,0
TXN203330,CUST10489,2026-09-07,14,Grocery,37.99,0,4.3,424,0
TXN203331,CUST12165,2026-07-15,16,Online Retail,82.49,0,4.4,382,0
TXN203332,CUST10127,2026-09-07,16,Grocery,68.08,0,7.8,977,0
TXN203333,CUST12355,2026-08-08,17,Fuel,49.99,0,2.6,255,0
TXN203334,CUST11503,2026-07-27,15,Dining,71.21,0,3.3,461,0
TXN203335,CUST11732,2026-08-04,16,ATM Withdrawal,114.44,0,0.4,619,0
TXN203336,CUST10585,2026-09-19,18,Grocery,89.97,0,2.9,317,0
TXN203337,CUST10895,2026-09-09,22,Dining,107.69,0,4.0,616,0
TXN203338,CUST11942,2026-09-14,5,Electronics,232.81,0,2.6,459,0
TXN203339,CUST10337,2026-07-15,12,Dining,19.84,0,5.4,226,0
TXN203340,CUST11458,2026-08-15,14,Electronics,179.11,0,11.7,2913,0
TXN203341,CUST12087,2026-09-18,14,Jewelry,1118.23,0,1.2,670,1
TXN203342,CUST10794,2026-08-03,17,Travel,553.44,0,2.0,19,1
TXN203343,CUST11676,2026-06-29,15,Fuel,49.15,1,0.1,1064,0
TXN203344,CUST10652,2026-09-02,18,Dining,44.88,0,1.4,433,0
TXN203345,CUST12273,2026-08-03,16,Online Retail,179.19,0,5.5,106,0
TXN203346,CUST10191,2026-08-22,8,Online Retail,125.82,0,1.3,22,0
TXN203347,CUST11533,2026-09-05,7,Grocery,39.94,0,9.2,10,0
TXN203348,CUST10782,2026-07-02,12,Electronics,282.37,0,2.2,997,0
TXN203349,CUST10689,2026-09-18,11,Travel,326.13,0,1.8,1106,0
TXN203350,CUST11979,2026-08-03,15,Travel,228.86,0,18.9,860,0
TXN203351,CUST12056,2026-08-02,23,Dining,54.07,0,4.1,5,0
TXN203352,CUST11870,2026-09-17,17,Online Retail,115.98,0,0.5,775,0
TXN203353,CUST10776,2026-08-15,9,Dining,105.74,0,10.8,191,0
TXN203354,CUST10736,2026-08-20,8,Online Retail,68.84,0,33.2,206,0
TXN203355,CUST12157,2026-08-11,11,Dining,35.96,0,1.5,35,0
TXN203356,CUST12378,2026-08-01,9,ATM Withdrawal,188.63,0,0.4,594,0
TXN203357,CUST10177,2026-09-05,18,Electronics,140.21,1,4.0,148,0
TXN203358,CUST11180,2026-07-22,10,Grocery,70.65,0,67.7,105,0
TXN203359,CUST10043,2026-08-01,16,Travel,487.57,0,20.1,188,0
TXN203360,CUST10559,2026-07-14,23,Fuel,137.12,0,5.5,238,0
TXN203361,CUST12391,2026-07-21,13,Fuel,86.29,0,7.6,46,0
TXN203362,CUST11806,2026-07-29,13,Online Retail,219.94,1,1.7,56,0
TXN203363,CUST12218,2026-08-03,10,Dining,48.17,0,7.1,259,0
TXN203364,CUST10782,2026-09-06,18,Fuel,51.83,0,3.1,3000,0
TXN203365,CUST11890,2026-08-13,15,Electronics,769.82,0,0.2,26,1
TXN203366,CUST11054,2026-06-30,18,Online Retail,550.09,0,8.4,218,0
TXN203367,CUST11793,2026-07-28,23,Grocery,66.13,0,6.3,337,0
TXN203368,CUST11522,2026-06-29,11,Jewelry,218.43,0,7.5,153,0
TXN203369,CUST12031,2026-09-05,7,Online Retail,110.96,0,0.7,1546,0
TXN203370,CUST10813,2026-08-10,6,Online Retail,145.76,0,24.4,44,0
TXN203371,CUST11840,2026-09-08,11,Dining,82.87,0,1.8,155,0
TXN203372,CUST10461,2026-07-26,11,ATM Withdrawal,316.84,0,0.3,175,0
TXN203373,CUST10847,2026-09-07,11,Online Retail,33.62,0,10.9,26,0
TXN203374,CUST10908,2026-09-08,17,Dining,81.9,0,16.7,179,0
TXN203375,CUST12188,2026-09-25,15,Online Retail,94.24,0,3.5,139,0
TXN203376,CUST11539,2026-09-08,10,Grocery,37.75,0,9.0,82,0
TXN203377,CUST12362,2026-09-12,5,Dining,33.09,0,3.6,170,0
TXN203378,CUST10878,2026-08-31,8,Dining,66.62,0,1.1,70,0
TXN203379,CUST12060,2026-08-25,16,Fuel,53.57,1,14.8,420,0
TXN203380,CUST10043,2026-09-04,3,Fuel,26.86,0,9.6,169,0
TXN203381,CUST10850,2026-07-01,14,Grocery,22.78,0,5.1,422,0
TXN203382,CUST10574,2026-07-23,22,Travel,506.07,0,13.7,238,0
TXN203383,CUST10216,2026-07-15,21,Fuel,60.48,1,9.3,546,0
TXN203384,CUST11926,2026-08-09,14,Dining,101.79,0,1.1,289,0
TXN203385,CUST12184,2026-08-02,9,ATM Withdrawal,104.23,0,1.3,438,0
TXN203386,CUST11603,2026-08-04,12,Online Retail,230.96,0,2.5,25,0
TXN203387,CUST10520,2026-08-09,8,ATM Withdrawal,556.85,0,16.4,15,0
TXN203388,CUST12304,2026-09-05,22,Fuel,128.45,1,1.8,1183,0
TXN203389,CUST10867,2026-07-24,18,Grocery,59.43,0,13.6,341,0
TXN203390,CUST11237,2026-08-23,16,Dining,72.69,0,1.0,271,0
TXN203391,CUST10784,2026-08-03,17,Travel,558.96,0,1.7,262,0
TXN203392,CUST11569,2026-08-21,3,Fuel,47.22,0,19.0,124,0
TXN203393,CUST10669,2026-07-18,11,Grocery,33.82,0,0.1,189,0
TXN203394,CUST12056,2026-07-03,23,Dining,57.09,0,10.6,331,0
TXN203395,CUST10438,2026-08-30,8,Dining,81.7,0,12.3,289,0
TXN203396,CUST10157,2026-07-16,13,Electronics,494.29,0,6.5,259,0
TXN203397,CUST11177,2026-07-29,14,Dining,54.98,0,1.4,228,0
TXN203398,CUST11087,2026-07-12,19,Electronics,940.47,0,2.8,29,0
TXN203399,CUST12110,2026-08-24,7,Grocery,24.41,0,5.1,350,0
TXN203400,CUST12145,2026-07-12,13,Grocery,87.24,0,15.4,169,0
TXN203401,CUST12164,2026-07-23,23,ATM Withdrawal,220.42,0,2.2,914,0
TXN203402,CUST10709,2026-08-19,8,Electronics,935.99,0,3.2,509,0
TXN203403,CUST11325,2026-07-11,19,Travel,189.85,0,4.9,358,0
TXN203404,CUST10782,2026-08-17,5,Travel,411.28,0,8.9,1130,0
TXN203405,CUST10384,2026-07-04,19,Electronics,464.32,0,4.6,341,0
TXN203406,CUST12380,2026-08-23,12,Online Retail,564.73,0,1.8,64,0
TXN203407,CUST10637,2026-08-15,10,Online Retail,54.98,0,4.6,194,0
TXN203408,CUST10888,2026-08-18,14,Dining,70.2,0,6.3,1807,0
TXN203409,CUST10815,2026-07-06,23,Online Retail,296.03,0,24.3,91,0
TXN203410,CUST10795,2026-08-07,6,Dining,59.28,0,7.7,267,0
TXN203411,CUST11405,2026-09-12,15,Travel,827.23,0,0.5,1448,0
TXN203412,CUST12138,2026-08-24,18,Electronics,207.45,0,0.9,53,0
TXN203413,CUST11919,2026-08-26,16,Fuel,46.54,0,8.7,124,0
TXN203414,CUST10617,2026-07-24,16,Jewelry,290.45,0,14.9,1880,0
TXN203415,CUST11253,2026-08-15,3,Online Retail,200.08,1,5.7,1359,0
TXN203416,CUST11372,2026-07-13,14,Grocery,23.19,0,11.5,12,0
TXN203417,CUST10753,2026-09-02,19,Grocery,60.96,0,3.9,524,0
TXN203418,CUST10768,2026-08-28,21,Travel,865.53,0,6.9,449,0
TXN203419,CUST11531,2026-07-10,9,Grocery,126.77,0,2.8,52,0
TXN203420,CUST11395,2026-07-31,21,Grocery,30.49,0,0.2,36,0
TXN203421,CUST11956,2026-07-30,6,Grocery,54.23,0,3.9,15,0
TXN203422,CUST10224,2026-09-16,15,Travel,584.69,0,2.6,93,0
TXN203423,CUST10877,2026-07-24,12,Grocery,22.93,0,1.4,262,0
TXN203424,CUST11108,2026-08-26,0,Fuel,20.28,1,2.2,727,0
TXN203425,CUST11889,2026-07-06,20,Travel,1392.41,0,0.4,223,0
TXN203426,CUST11134,2026-07-04,21,Dining,86.68,0,11.4,216,0
TXN203427,CUST10902,2026-08-13,15,ATM Withdrawal,222.69,0,24.9,860,0
TXN203428,CUST11556,2026-09-22,13,Online Retail,86.1,0,4.9,5,0
TXN203429,CUST11019,2026-08-22,23,Online Retail,74.17,0,2.6,1172,0
TXN203430,CUST11689,2026-08-23,15,Electronics,163.4,0,1.1,50,0
TXN203431,CUST11688,2026-09-05,15,Travel,448.18,0,4.8,599,0
TXN203432,CUST10924,2026-08-18,15,Travel,2384.88,0,1.1,27,1
TXN203433,CUST11346,2026-07-27,15,Travel,1017.51,0,5.3,960,0
TXN203434,CUST12117,2026-09-24,20,Online Retail,211.34,0,30.3,314,0
TXN203435,CUST11079,2026-08-20,13,Fuel,105.0,0,1.8,419,0
TXN203436,CUST10439,2026-07-07,13,Travel,428.02,0,9.8,776,0
TXN203437,CUST11980,2026-09-03,7,Fuel,137.16,0,5.9,198,0
TXN203438,CUST11570,2026-06-30,19,Online Retail,183.4,0,22.0,80,0
TXN203439,CUST11844,2026-08-18,8,Dining,110.41,0,1.2,74,0
TXN203440,CUST10705,2026-09-07,18,Grocery,48.74,0,1.5,188,0
TXN203441,CUST11968,2026-08-16,10,Electronics,250.61,0,0.7,139,0
TXN203442,CUST12307,2026-07-05,14,Dining,73.07,0,4.0,46,0
TXN203443,CUST10034,2026-08-24,18,Fuel,53.26,0,5.9,30,0
TXN203444,CUST11507,2026-09-18,20,Grocery,32.43,0,18.5,106,0
TXN203445,CUST11878,2026-08-28,14,Grocery,11.08,0,1.7,96,0
TXN203446,CUST12201,2026-08-24,17,Grocery,44.8,0,1.3,286,0
TXN203447,CUST12111,2026-07-03,13,Grocery,19.95,0,2.4,42,0
TXN203448,CUST11387,2026-08-29,7,Online Retail,62.98,0,2.5,476,0
TXN203449,CUST10287,2026-08-29,5,Fuel,34.24,0,9.3,203,0
TXN203450,CUST10011,2026-08-18,17,Travel,763.55,0,0.1,88,0
TXN203451,CUST12356,2026-09-09,14,Online Retail,97.84,0,19.2,201,0
TXN203452,CUST10519,2026-07-10,13,Travel,386.11,0,24.7,5,0
TXN203453,CUST11495,2026-09-07,0,Fuel,32.43,0,35.7,600,0
TXN203454,CUST10461,2026-08-06,20,Online Retail,147.31,0,0.4,71,0
TXN203455,CUST11220,2026-09-08,15,Fuel,35.0,0,6.1,1023,0
TXN203456,CUST10925,2026-08-11,7,Fuel,22.26,0,0.7,258,0
TXN203457,CUST10322,2026-07-04,7,Online Retail,61.57,0,0.2,1268,0
TXN203458,CUST10564,2026-08-24,14,Dining,17.08,0,4.5,8,0
TXN203459,CUST10540,2026-09-26,13,Grocery,30.83,0,2.6,259,0
TXN203460,CUST11530,2026-07-30,17,Electronics,151.41,1,1.4,192,1
TXN203461,CUST11259,2026-07-16,21,Grocery,13.97,0,10.9,532,0
TXN203462,CUST11022,2026-07-04,13,Fuel,107.25,0,4.6,292,0
TXN203463,CUST12259,2026-07-20,10,Electronics,897.16,0,11.8,882,0
TXN203464,CUST11448,2026-06-29,11,Online Retail,61.6,0,3.1,315,0
TXN203465,CUST10656,2026-07-27,12,Online Retail,39.21,0,1.8,1011,0
TXN203466,CUST10012,2026-07-05,6,Electronics,188.95,0,5.2,248,0
TXN203467,CUST12068,2026-08-19,17,Electronics,241.56,0,6.4,439,0
TXN203468,CUST12382,2026-09-14,13,Electronics,213.57,1,17.1,103,0
TXN203469,CUST10270,2026-09-17,7,ATM Withdrawal,142.89,0,5.4,899,0
TXN203470,CUST11965,2026-09-19,14,Dining,67.84,0,1.4,43,0
TXN203471,CUST10589,2026-07-18,16,Online Retail,118.17,0,1.7,320,0
TXN203472,CUST10435,2026-08-25,23,Dining,51.06,0,14.1,78,0
TXN203473,CUST10036,2026-08-13,11,Dining,32.31,0,4.3,169,0
TXN203474,CUST10203,2026-09-13,13,Grocery,32.15,0,1.3,460,0
TXN203475,CUST11961,2026-08-29,6,Grocery,40.13,0,13.1,62,0
TXN203476,CUST10015,2026-07-19,12,Online Retail,84.88,1,3.7,568,0
TXN203477,CUST10253,2026-07-27,18,Fuel,82.98,1,4.3,870,0
TXN203478,CUST10311,2026-07-29,10,Dining,55.56,0,3.2,34,0
TXN203479,CUST11603,2026-07-26,21,Grocery,22.1,0,4.3,260,0
TXN203480,CUST10752,2026-09-09,18,Dining,85.29,0,23.7,48,0
TXN203481,CUST10357,2026-08-10,16,Fuel,16.59,0,2.8,368,0
TXN203482,CUST10413,2026-07-20,7,Grocery,19.02,0,11.4,421,0
TXN203483,CUST12074,2026-06-30,12,Grocery,15.16,0,10.9,149,0
TXN203484,CUST12132,2026-07-15,16,Dining,60.08,0,8.1,980,0
TXN203485,CUST10725,2026-07-09,9,Dining,38.9,0,20.2,1188,0
TXN203486,CUST11098,2026-08-03,18,Electronics,168.65,0,18.1,226,0
TXN203487,CUST10099,2026-08-25,10,Fuel,38.38,1,2.4,1725,0
TXN203488,CUST11734,2026-09-19,16,ATM Withdrawal,517.26,0,4.6,263,0
TXN203489,CUST10815,2026-08-01,12,Online Retail,246.48,0,3.4,516,0
TXN203490,CUST10534,2026-08-29,20,Online Retail,36.84,0,4.8,185,0
TXN203491,CUST11608,2026-09-03,7,Grocery,34.94,0,6.3,489,0
TXN203492,CUST10592,2026-09-21,15,Dining,176.77,0,1.7,175,0
TXN203493,CUST12229,2026-08-15,10,Dining,110.35,0,7.9,161,0
TXN203494,CUST10870,2026-07-24,15,Online Retail,99.0,0,9.3,542,0
TXN203495,CUST10487,2026-08-08,17,Online Retail,132.18,0,2.1,646,0
TXN203496,CUST10854,2026-09-18,4,Grocery,49.35,0,21.1,64,0
TXN203497,CUST10707,2026-09-09,17,Electronics,297.71,0,5.8,1021,0
TXN203498,CUST11693,2026-09-05,19,Grocery,9.25,0,8.1,99,0
TXN203499,CUST10472,2026-09-20,15,Grocery,13.61,0,31.3,258,0
TXN203500,CUST11503,2026-08-26,10,Dining,65.5,0,14.5,24,0
TXN203501,CUST12324,2026-08-26,16,Dining,141.95,1,2.7,597,0
TXN203502,CUST10217,2026-09-03,15,Electronics,261.02,0,3.0,573,0
TXN203503,CUST10600,2026-08-16,16,Electronics,311.53,0,28.6,93,0
TXN203504,CUST10793,2026-07-24,15,Grocery,37.61,0,2.4,156,0
TXN203505,CUST11898,2026-07-01,9,Electronics,147.53,0,0.5,5,0
TXN203506,CUST10090,2026-07-11,15,Dining,73.74,0,12.6,84,0
TXN203507,CUST12251,2026-08-24,0,Fuel,64.22,0,10.1,29,0
TXN203508,CUST11742,2026-06-29,13,Jewelry,208.47,0,1.3,57,0
TXN203509,CUST12048,2026-07-31,12,Dining,64.13,0,8.3,418,0
TXN203510,CUST12182,2026-08-03,10,Travel,2480.77,1,2.3,794,1
TXN203511,CUST11267,2026-07-05,13,ATM Withdrawal,154.96,0,1.0,5,0
TXN203512,CUST10516,2026-08-07,11,ATM Withdrawal,267.5,0,6.3,392,0
TXN203513,CUST11414,2026-08-01,9,Online Retail,61.8,1,1.7,282,0
TXN203514,CUST11509,2026-09-26,9,Travel,926.46,0,14.9,92,0
TXN203515,CUST10527,2026-07-12,7,Grocery,63.86,0,4.5,243,0
TXN203516,CUST10821,2026-08-04,5,Grocery,24.04,0,5.4,776,0
TXN203517,CUST12372,2026-07-18,14,Travel,338.22,0,4.4,10,0
TXN203518,CUST12321,2026-08-17,9,Online Retail,79.96,0,0.1,27,0
TXN203519,CUST11069,2026-09-08,21,Dining,36.41,0,2.9,733,0
TXN203520,CUST10016,2026-09-11,14,Grocery,64.08,0,4.7,1332,0
TXN203521,CUST10133,2026-08-27,12,Online Retail,184.25,0,14.2,211,0
TXN203522,CUST12339,2026-09-25,13,Grocery,65.26,0,10.2,304,0
TXN203523,CUST11264,2026-09-04,13,Grocery,50.33,0,9.1,594,0
TXN203524,CUST12328,2026-07-28,11,Grocery,30.46,0,0.1,230,0
TXN203525,CUST11205,2026-09-08,9,Grocery,56.39,0,3.4,66,0
TXN203526,CUST11191,2026-09-05,11,Fuel,72.45,0,23.4,10,0
TXN203527,CUST12265,2026-07-16,21,Grocery,45.98,0,2.5,17,0
TXN203528,CUST10219,2026-07-13,17,Dining,37.76,0,1.7,168,0
TXN203529,CUST10537,2026-08-22,17,Jewelry,257.24,0,5.1,618,0
TXN203530,CUST11035,2026-09-01,21,Online Retail,291.74,0,3.6,153,0
TXN203531,CUST11472,2026-09-05,19,Dining,24.57,0,7.9,436,0
TXN203532,CUST12189,2026-08-03,10,Electronics,189.13,0,2.8,42,0
TXN203533,CUST10829,2026-08-09,19,Grocery,63.83,0,12.0,647,0
TXN203534,CUST10703,2026-08-10,15,Online Retail,144.96,0,8.6,1573,0
TXN203535,CUST11505,2026-08-03,12,Electronics,170.73,0,1.9,101,0
TXN203536,CUST10891,2026-08-08,21,Fuel,85.56,0,18.9,333,0
TXN203537,CUST12206,2026-09-10,14,Jewelry,1550.62,0,29.8,50,0
TXN203538,CUST12067,2026-08-03,5,Online Retail,86.97,0,0.2,182,0
TXN203539,CUST10814,2026-09-14,16,Fuel,67.6,1,0.8,850,0
TXN203540,CUST11149,2026-08-02,6,Travel,770.96,0,4.3,5,0
TXN203541,CUST10535,2026-08-15,9,Fuel,76.7,0,2.2,112,0
TXN203542,CUST10679,2026-07-28,10,Electronics,318.21,0,1.0,666,0
TXN203543,CUST11044,2026-08-22,17,Online Retail,33.89,0,5.6,78,0
TXN203544,CUST12446,2026-08-07,19,Fuel,26.51,0,1.0,497,0
TXN203545,CUST10514,2026-09-25,13,Grocery,28.2,0,23.9,468,0
TXN203546,CUST11239,2026-08-20,6,Electronics,691.33,0,1.4,33,0
TXN203547,CUST11776,2026-09-11,11,Dining,61.94,0,22.9,135,0
TXN203548,CUST10794,2026-07-29,9,Dining,132.38,0,17.2,506,0
TXN203549,CUST10400,2026-09-06,13,Fuel,76.79,0,12.6,531,0
TXN203550,CUST11327,2026-08-07,12,Fuel,14.6,0,0.1,286,0
TXN203551,CUST10599,2026-07-25,16,Online Retail,56.25,0,2.2,480,0
TXN203552,CUST12319,2026-09-15,17,Dining,55.11,0,4.5,191,0
TXN203553,CUST11695,2026-07-17,15,Jewelry,1161.43,0,19.5,1308,0
TXN203554,CUST11206,2026-08-31,14,Fuel,36.22,0,22.3,321,0
TXN203555,CUST10462,2026-08-02,6,Jewelry,664.94,0,2.5,270,0
TXN203556,CUST10734,2026-09-24,21,Online Retail,203.48,0,3.9,1647,0
TXN203557,CUST12295,2026-08-02,10,Dining,230.26,0,0.2,118,0
TXN203558,CUST11842,2026-07-11,7,ATM Withdrawal,192.47,0,4.7,80,0
TXN203559,CUST11829,2026-07-08,9,Online Retail,114.81,0,1.2,718,0
TXN203560,CUST11727,2026-09-12,3,Jewelry,773.5,0,17.3,957,0
TXN203561,CUST10200,2026-09-12,17,Fuel,30.0,0,14.6,610,0
TXN203562,CUST12377,2026-09-06,12,Grocery,114.3,0,2.7,133,0
TXN203563,CUST10898,2026-09-26,20,ATM Withdrawal,42.63,0,4.5,198,0
TXN203564,CUST11671,2026-08-09,19,Grocery,40.6,0,4.1,121,0
TXN203565,CUST11703,2026-07-06,22,Grocery,21.53,0,6.0,88,0
TXN203566,CUST12411,2026-09-17,8,Grocery,43.9,0,1.4,806,0
TXN203567,CUST11236,2026-07-28,14,Dining,119.47,0,12.7,633,0
TXN203568,CUST10702,2026-06-30,16,Dining,29.85,1,1.9,245,0
TXN203569,CUST11011,2026-06-29,12,Online Retail,115.89,0,7.8,221,0
TXN203570,CUST11203,2026-09-14,16,Fuel,38.1,0,3.7,646,0
TXN203571,CUST11303,2026-08-14,15,ATM Withdrawal,126.38,1,5.1,22,0
TXN203572,CUST12385,2026-07-10,10,Grocery,28.53,0,3.5,443,0
TXN203573,CUST10848,2026-07-10,13,Electronics,308.12,1,4.5,195,0
TXN203574,CUST11562,2026-07-16,14,Jewelry,870.73,0,9.3,79,0
TXN203575,CUST11467,2026-09-22,3,Fuel,79.22,0,2.3,659,0
TXN203576,CUST12285,2026-09-18,15,Electronics,273.3,0,7.1,771,0
TXN203577,CUST11133,2026-08-21,8,Online Retail,255.56,0,3.2,1357,0
TXN203578,CUST10416,2026-08-09,9,Dining,24.9,0,4.4,117,0
TXN203579,CUST11196,2026-09-01,14,Grocery,31.49,0,7.9,36,0
TXN203580,CUST12022,2026-07-05,13,Grocery,91.48,0,26.6,374,0
TXN203581,CUST10271,2026-07-16,20,Online Retail,49.3,0,13.2,162,0
TXN203582,CUST10384,2026-07-13,15,Grocery,12.1,0,22.1,388,0
TXN203583,CUST12280,2026-08-29,4,Dining,8.53,0,3.2,1049,0
TXN203584,CUST11426,2026-07-08,12,Electronics,337.54,0,0.9,5,0
TXN203585,CUST11262,2026-09-09,15,Fuel,19.82,0,25.2,311,0
TXN203586,CUST10670,2026-07-25,8,Online Retail,140.56,0,8.8,566,0
TXN203587,CUST11398,2026-07-23,17,Electronics,199.5,0,1.2,1108,0
TXN203588,CUST11630,2026-08-04,12,Electronics,398.54,0,0.4,102,0
TXN203589,CUST11991,2026-07-20,15,Grocery,23.41,0,1.0,212,0
TXN203590,CUST10401,2026-07-09,8,Electronics,434.1,0,1.4,90,0
TXN203591,CUST12051,2026-08-16,13,Electronics,602.76,0,3.9,444,0
TXN203592,CUST11465,2026-09-06,13,Grocery,32.68,0,11.0,8,0
TXN203593,CUST10577,2026-08-15,16,Grocery,19.38,0,9.6,251,0
TXN203594,CUST11250,2026-08-10,22,Electronics,363.28,0,8.3,690,0
TXN203595,CUST12178,2026-09-18,6,Travel,471.54,0,32.0,78,0
TXN203596,CUST11062,2026-08-30,19,Fuel,34.36,1,13.5,54,0
TXN203597,CUST10955,2026-09-23,15,Online Retail,106.32,0,2.4,225,0
TXN203598,CUST10796,2026-08-23,20,Dining,77.06,0,6.0,623,0
TXN203599,CUST10257,2026-07-15,18,Fuel,42.32,0,1.5,33,0
TXN203600,CUST11039,2026-08-22,16,Online Retail,170.88,0,5.9,771,0
TXN203601,CUST11835,2026-08-06,19,Travel,284.08,0,9.1,1029,0
TXN203602,CUST10528,2026-08-21,11,Online Retail,249.6,0,0.2,570,0
TXN203603,CUST11842,2026-09-17,4,Travel,490.38,0,1.7,394,0
TXN203604,CUST11982,2026-09-05,9,ATM Withdrawal,106.09,0,6.6,1022,0
TXN203605,CUST11401,2026-08-09,11,Online Retail,108.75,0,10.3,533,0
TXN203606,CUST10890,2026-09-10,18,Electronics,285.11,0,5.2,1008,0
TXN203607,CUST10098,2026-08-04,11,Dining,19.39,0,10.1,6,0
TXN203608,CUST11866,2026-07-11,9,Grocery,26.08,0,8.1,560,0
TXN203609,CUST12340,2026-09-22,16,Grocery,45.02,0,4.9,248,0
TXN203610,CUST10710,2026-09-14,15,Electronics,229.02,0,6.1,62,0
TXN203611,CUST11292,2026-09-05,14,Online Retail,320.75,0,19.8,464,0
TXN203612,CUST10226,2026-08-10,14,Online Retail,170.98,0,2.3,395,0
TXN203613,CUST11286,2026-08-16,10,Online Retail,132.97,0,2.0,340,0
TXN203614,CUST12440,2026-07-08,21,Grocery,16.59,0,0.9,60,0
TXN203615,CUST10586,2026-08-12,8,Online Retail,40.08,0,16.4,387,0
TXN203616,CUST12005,2026-07-25,20,Electronics,156.44,0,7.1,211,0
TXN203617,CUST11560,2026-08-23,7,Electronics,391.72,0,6.3,167,0
TXN203618,CUST10884,2026-07-07,16,Electronics,294.5,0,1.2,549,0
TXN203619,CUST10769,2026-07-31,10,Travel,1028.48,0,4.2,26,0
TXN203620,CUST11890,2026-09-26,10,Jewelry,804.33,0,0.4,246,0
TXN203621,CUST11578,2026-08-30,10,Dining,22.53,0,10.9,376,0
TXN203622,CUST10503,2026-07-28,11,Grocery,15.1,0,24.7,251,0
TXN203623,CUST12388,2026-09-13,22,Electronics,238.86,0,11.7,74,0
TXN203624,CUST11868,2026-07-05,8,Fuel,76.88,0,3.9,171,0
TXN203625,CUST10864,2026-09-08,13,Grocery,60.79,0,2.5,964,0
TXN203626,CUST10468,2026-07-24,17,Grocery,31.21,0,7.7,475,0
TXN203627,CUST10339,2026-08-09,14,Fuel,113.58,0,3.1,13,0
TXN203628,CUST12389,2026-08-30,5,Travel,176.15,1,0.6,635,0
TXN203629,CUST10761,2026-08-21,10,Dining,43.22,0,8.5,52,0
TXN203630,CUST10420,2026-07-26,20,Dining,33.24,1,2.6,375,0
TXN203631,CUST10894,2026-06-29,4,Dining,23.2,0,6.1,630,0
TXN203632,CUST12414,2026-09-11,8,Dining,67.98,0,0.6,89,0
TXN203633,CUST10340,2026-08-09,9,Grocery,87.05,0,0.8,71,0
TXN203634,CUST11527,2026-07-23,21,Jewelry,354.52,0,0.4,58,0
TXN203635,CUST12103,2026-08-07,15,Fuel,27.47,0,7.0,345,0
TXN203636,CUST11810,2026-07-12,15,Online Retail,340.52,0,9.7,631,0
TXN203637,CUST11286,2026-08-17,13,Grocery,82.26,0,2.1,317,0
TXN203638,CUST10241,2026-07-11,8,Dining,22.58,0,3.5,34,0
TXN203639,CUST12322,2026-08-28,17,Dining,71.79,0,15.0,125,0
TXN203640,CUST12469,2026-07-30,14,Grocery,36.64,0,19.0,61,0
TXN203641,CUST10939,2026-07-05,10,Dining,46.31,0,0.7,451,0
TXN203642,CUST11173,2026-09-09,18,Dining,89.37,0,12.4,410,0
TXN203643,CUST11288,2026-07-29,10,Online Retail,103.38,0,8.0,460,0
TXN203644,CUST12319,2026-08-10,7,Grocery,56.4,0,2.9,604,0
TXN203645,CUST12071,2026-08-22,16,Fuel,28.37,1,0.0,28,0
TXN203646,CUST12356,2026-08-02,11,Online Retail,130.14,0,6.9,355,0
TXN203647,CUST10550,2026-09-07,10,Jewelry,3691.28,0,1.0,922,1
TXN203648,CUST12117,2026-07-16,17,Online Retail,406.63,0,5.6,5,0
TXN203649,CUST11962,2026-07-30,8,Grocery,65.05,0,47.9,86,0
TXN203650,CUST11304,2026-08-28,10,Grocery,27.26,0,17.8,999,0
TXN203651,CUST11807,2026-09-01,20,Grocery,28.04,1,30.1,477,0
TXN203652,CUST11382,2026-08-07,20,Grocery,43.08,0,25.7,172,0
TXN203653,CUST10071,2026-08-18,23,Electronics,702.64,1,4.1,85,1
TXN203654,CUST12355,2026-07-01,21,Fuel,46.04,0,15.9,32,0
TXN203655,CUST10657,2026-08-14,9,Dining,28.82,0,16.8,811,0
TXN203656,CUST10442,2026-08-10,11,Grocery,28.32,0,3.1,745,0
TXN203657,CUST11331,2026-07-06,14,Dining,75.57,0,11.7,206,0
TXN203658,CUST10829,2026-07-23,19,Fuel,49.06,1,21.2,273,0
TXN203659,CUST10233,2026-07-04,12,Electronics,331.31,0,0.1,463,0
TXN203660,CUST11975,2026-09-15,16,Fuel,71.74,0,3.6,706,0
TXN203661,CUST10022,2026-08-09,23,Grocery,57.14,0,0.0,776,0
TXN203662,CUST10150,2026-09-16,13,Travel,328.71,0,4.8,87,0
TXN203663,CUST10810,2026-06-30,10,Dining,69.2,0,7.8,83,0
TXN203664,CUST11484,2026-08-23,12,Electronics,243.23,0,22.6,742,0
TXN203665,CUST10189,2026-07-18,10,Dining,29.75,0,4.6,307,0
TXN203666,CUST12362,2026-07-29,17,Online Retail,179.02,0,17.9,428,0
TXN203667,CUST10175,2026-08-06,4,Dining,37.52,0,1.6,127,0
TXN203668,CUST10208,2026-07-25,20,Grocery,54.69,0,0.9,62,0
TXN203669,CUST11631,2026-08-24,9,Grocery,36.24,0,1.0,46,0
TXN203670,CUST12188,2026-08-30,16,Electronics,257.25,0,12.0,5,0
TXN203671,CUST10918,2026-07-28,14,Grocery,83.25,0,29.3,174,0
TXN203672,CUST11006,2026-08-21,16,Grocery,19.11,0,14.1,453,0
TXN203673,CUST12020,2026-08-24,9,Electronics,682.31,0,3.2,115,0
TXN203674,CUST12499,2026-09-08,22,Grocery,72.68,0,18.8,59,0
TXN203675,CUST12046,2026-08-07,16,Grocery,28.23,0,1.3,231,0
TXN203676,CUST12266,2026-08-31,15,Fuel,89.5,0,12.7,234,0
TXN203677,CUST11991,2026-07-18,11,Grocery,47.3,0,3.5,95,0
TXN203678,CUST10319,2026-07-06,16,Online Retail,154.5,0,17.3,128,0
TXN203679,CUST10020,2026-09-19,16,Online Retail,105.35,0,6.5,621,0
TXN203680,CUST10292,2026-09-16,5,Grocery,37.06,0,2.3,40,0
TXN203681,CUST11638,2026-07-13,11,Dining,87.41,0,7.4,323,0
TXN203682,CUST11720,2026-08-03,13,Online Retail,315.92,0,13.3,161,0
TXN203683,CUST12387,2026-09-19,15,Fuel,114.4,0,12.8,72,0
TXN203684,CUST11606,2026-07-03,14,ATM Withdrawal,171.81,0,14.5,316,0
TXN203685,CUST10190,2026-09-25,18,Online Retail,332.63,0,18.8,58,0
TXN203686,CUST11052,2026-08-09,23,Grocery,90.94,0,1.3,366,0
TXN203687,CUST12207,2026-08-20,23,Fuel,74.62,0,11.4,198,0
TXN203688,CUST10768,2026-08-04,14,Dining,103.79,0,3.5,82,0
TXN203689,CUST11100,2026-08-23,19,Dining,65.02,0,15.1,113,0
TXN203690,CUST10379,2026-07-22,17,Fuel,50.99,1,7.2,172,0
TXN203691,CUST10150,2026-07-01,15,Jewelry,766.59,0,7.1,750,0
TXN203692,CUST10468,2026-07-16,15,Dining,35.1,0,0.8,141,0
TXN203693,CUST10983,2026-08-15,6,Dining,53.53,0,7.9,522,0
TXN203694,CUST12405,2026-07-10,17,Electronics,457.25,0,3.1,118,0
TXN203695,CUST10498,2026-09-23,22,Online Retail,184.8,0,7.6,113,0
TXN203696,CUST12310,2026-08-24,18,Grocery,48.56,0,33.7,211,0
TXN203697,CUST12196,2026-08-08,11,Fuel,19.99,0,0.9,347,0
TXN203698,CUST11529,2026-09-11,17,Grocery,40.66,0,4.4,517,0
TXN203699,CUST10286,2026-07-07,7,Dining,38.84,0,0.8,286,0
TXN203700,CUST10724,2026-08-14,10,Electronics,462.23,0,2.6,616,0
TXN203701,CUST10574,2026-08-15,12,Dining,107.64,0,6.8,158,0
TXN203702,CUST10326,2026-08-07,14,Online Retail,62.48,1,5.1,586,0
TXN203703,CUST10891,2026-08-17,5,Grocery,52.14,0,5.3,652,0
TXN203704,CUST11897,2026-08-29,22,Grocery,24.78,0,0.4,1444,0
TXN203705,CUST10524,2026-09-08,4,Electronics,295.51,0,0.1,721,0
TXN203706,CUST10425,2026-08-16,11,Travel,1502.84,0,14.4,14,0
TXN203707,CUST10820,2026-08-01,20,Grocery,19.15,0,3.1,408,0
TXN203708,CUST12036,2026-08-24,15,Travel,357.04,0,3.0,339,0
TXN203709,CUST10284,2026-09-19,17,Online Retail,193.08,0,3.6,33,0
TXN203710,CUST10030,2026-09-20,17,Electronics,977.1,0,1.9,157,0
TXN203711,CUST12493,2026-07-06,23,Electronics,177.4,0,7.7,944,0
TXN203712,CUST12245,2026-09-03,10,Online Retail,28.04,0,9.1,483,0
TXN203713,CUST10148,2026-07-07,13,Grocery,39.06,0,9.1,592,0
TXN203714,CUST11482,2026-09-02,13,Online Retail,48.32,0,31.7,70,0
TXN203715,CUST11540,2026-07-05,5,Electronics,463.64,0,12.4,714,0
TXN203716,CUST11475,2026-07-10,20,Jewelry,493.52,0,5.1,408,0
TXN203717,CUST11366,2026-09-02,20,Travel,471.4,0,7.3,1083,0
TXN203718,CUST11956,2026-08-28,17,Travel,123.45,0,3.2,1845,0
TXN203719,CUST11437,2026-06-29,5,Fuel,39.19,0,4.9,2375,0
TXN203720,CUST11633,2026-09-15,16,Grocery,141.72,0,25.5,295,0
TXN203721,CUST11809,2026-09-10,19,Online Retail,57.44,0,6.3,448,0
TXN203722,CUST11478,2026-07-22,10,Fuel,123.87,0,0.4,104,0
TXN203723,CUST10873,2026-08-09,16,Online Retail,129.06,1,4.9,404,0
TXN203724,CUST12453,2026-09-13,16,Grocery,7.78,0,6.5,575,0
TXN203725,CUST10009,2026-08-10,15,Fuel,102.97,0,2.8,292,0
TXN203726,CUST10973,2026-09-05,18,Travel,329.42,0,5.2,759,0
TXN203727,CUST12443,2026-09-01,12,Grocery,17.37,0,3.2,434,0
TXN203728,CUST10265,2026-08-09,12,Grocery,32.73,0,3.3,735,0
TXN203729,CUST10447,2026-08-14,13,Dining,59.5,0,0.5,1299,0
TXN203730,CUST11888,2026-07-09,6,Jewelry,1493.37,0,15.8,42,0
TXN203731,CUST12238,2026-07-14,14,Online Retail,166.88,1,0.9,123,0
TXN203732,CUST11006,2026-08-29,14,Grocery,44.67,0,4.0,615,0
TXN203733,CUST11946,2026-07-01,10,Fuel,29.53,0,6.4,7,0
TXN203734,CUST11800,2026-07-01,13,Online Retail,64.32,0,22.7,64,0
TXN203735,CUST10928,2026-09-18,12,Grocery,54.21,0,0.3,345,0
TXN203736,CUST12289,2026-08-06,14,Grocery,50.19,0,18.1,411,0
TXN203737,CUST10076,2026-07-09,15,Travel,799.94,0,4.6,261,0
TXN203738,CUST10906,2026-09-17,10,Online Retail,244.13,0,2.4,18,0
TXN203739,CUST12221,2026-07-28,22,Grocery,19.9,0,11.9,227,0
TXN203740,CUST11356,2026-08-29,15,Electronics,625.31,0,19.6,354,0
TXN203741,CUST12409,2026-09-19,15,Grocery,41.31,0,3.9,615,0
TXN203742,CUST11312,2026-08-21,11,Grocery,100.13,0,15.5,35,0
TXN203743,CUST10955,2026-09-01,14,Grocery,21.78,0,19.9,28,0
TXN203744,CUST11686,2026-08-15,15,Electronics,455.82,0,8.4,309,0
TXN203745,CUST11596,2026-09-03,18,Online Retail,147.61,0,10.4,11,0
TXN203746,CUST10076,2026-09-05,9,Grocery,72.95,0,2.0,22,0
TXN203747,CUST11084,2026-08-31,21,Dining,30.79,0,1.7,205,0
TXN203748,CUST10122,2026-08-22,9,ATM Withdrawal,100.65,0,15.2,589,0
TXN203749,CUST10070,2026-07-28,22,Grocery,36.97,0,18.0,982,0
TXN203750,CUST11712,2026-07-06,9,Travel,273.16,0,12.8,112,0
TXN203751,CUST12167,2026-06-29,11,Jewelry,270.33,0,11.3,49,0
TXN203752,CUST12082,2026-08-13,11,Online Retail,89.57,0,6.6,389,0
TXN203753,CUST10648,2026-09-01,16,Online Retail,233.26,0,5.4,371,0
TXN203754,CUST10993,2026-08-07,15,ATM Withdrawal,777.52,0,35.1,185,0
TXN203755,CUST10662,2026-07-26,21,Dining,47.39,0,6.9,285,0
TXN203756,CUST11016,2026-09-11,13,Travel,1510.72,1,12.3,87,1
TXN203757,CUST10317,2026-09-14,20,Electronics,352.99,0,10.0,280,0
TXN203758,CUST10643,2026-07-29,11,Dining,58.59,0,2.1,381,0
TXN203759,CUST10828,2026-09-07,14,Electronics,259.93,0,0.5,5,0
TXN203760,CUST11150,2026-08-10,8,Online Retail,95.02,0,4.2,118,0
TXN203761,CUST10549,2026-09-09,23,Fuel,65.9,0,2.2,218,0
TXN203762,CUST12027,2026-07-26,14,ATM Withdrawal,283.07,0,7.1,272,0
TXN203763,CUST10362,2026-09-04,11,Fuel,342.65,1,4.3,517,0
TXN203764,CUST10322,2026-08-14,12,Fuel,26.13,1,4.7,217,0
TXN203765,CUST10495,2026-08-23,14,Fuel,178.08,0,0.7,321,0
TXN203766,CUST10394,2026-08-31,11,Grocery,184.12,0,11.7,300,0
TXN203767,CUST12237,2026-08-12,10,Dining,64.3,0,0.7,538,0
TXN203768,CUST10886,2026-07-16,14,Fuel,64.12,0,1.5,211,0
TXN203769,CUST11720,2026-08-29,5,Dining,67.18,1,4.2,866,0
TXN203770,CUST10590,2026-08-17,6,Online Retail,233.35,0,12.8,1469,0
TXN203771,CUST12146,2026-06-29,18,Fuel,149.47,0,2.9,815,0
TXN203772,CUST10556,2026-07-23,15,ATM Withdrawal,250.34,0,4.0,962,0
TXN203773,CUST10633,2026-08-17,14,Online Retail,136.76,0,6.9,53,0
TXN203774,CUST10533,2026-07-18,8,Online Retail,98.65,0,2.7,899,0
TXN203775,CUST11965,2026-08-06,17,Online Retail,175.37,0,5.1,1407,0
TXN203776,CUST10259,2026-06-29,18,Grocery,59.84,0,32.7,5,0
TXN203777,CUST10744,2026-08-02,16,Travel,527.91,0,6.8,222,0
TXN203778,CUST12478,2026-08-21,21,Electronics,513.56,0,7.9,171,0
TXN203779,CUST12085,2026-07-10,14,Online Retail,56.43,1,16.4,255,0
TXN203780,CUST12379,2026-07-05,16,Dining,208.18,0,15.1,167,0
TXN203781,CUST10555,2026-07-08,14,Fuel,63.98,0,13.5,258,0
TXN203782,CUST11360,2026-07-02,11,Dining,56.04,0,0.5,107,0
TXN203783,CUST10653,2026-09-13,14,ATM Withdrawal,179.54,0,4.0,217,0
TXN203784,CUST10317,2026-07-13,17,Travel,455.89,0,33.9,432,0
TXN203785,CUST11950,2026-09-20,11,Electronics,504.95,0,42.5,253,0
TXN203786,CUST10964,2026-08-25,11,Electronics,612.57,0,4.4,552,0
TXN203787,CUST12468,2026-09-20,17,Fuel,59.45,0,0.2,816,0
TXN203788,CUST10002,2026-07-09,13,Fuel,52.77,1,10.4,103,0
TXN203789,CUST12252,2026-07-10,17,Travel,760.37,0,3.2,886,0
TXN203790,CUST11856,2026-08-23,10,Dining,88.36,0,1.3,532,0
TXN203791,CUST11960,2026-08-25,13,Electronics,142.7,0,21.4,108,0
TXN203792,CUST11145,2026-08-11,12,Fuel,34.11,0,13.7,73,0
TXN203793,CUST10867,2026-07-06,13,Dining,47.82,0,12.9,321,0
TXN203794,CUST12402,2026-07-08,10,Fuel,105.63,1,12.7,406,0
TXN203795,CUST12120,2026-07-23,20,Online Retail,70.55,0,7.5,378,0
TXN203796,CUST10944,2026-07-27,15,Dining,38.08,0,2.1,929,0
TXN203797,CUST10964,2026-07-07,12,Electronics,371.02,0,24.0,203,0
TXN203798,CUST12487,2026-06-29,20,Dining,123.66,0,5.1,998,0
TXN203799,CUST10777,2026-07-21,10,Electronics,375.91,0,2.5,192,0
TXN203800,CUST11351,2026-08-31,11,Fuel,21.2,0,8.5,93,0
TXN203801,CUST10936,2026-09-04,17,Electronics,644.34,0,15.3,123,0
TXN203802,CUST11558,2026-08-26,15,Electronics,243.75,0,0.5,487,0
TXN203803,CUST12473,2026-08-31,15,Online Retail,128.74,0,1.4,413,0
TXN203804,CUST11632,2026-08-02,16,Fuel,101.46,0,23.4,786,0
TXN203805,CUST11322,2026-08-06,15,Jewelry,949.27,0,4.4,485,0
TXN203806,CUST10294,2026-09-08,10,Fuel,40.23,0,16.0,430,0
TXN203807,CUST10660,2026-08-12,21,ATM Withdrawal,208.22,0,13.3,683,0
TXN203808,CUST11186,2026-08-17,20,Dining,53.5,0,4.2,283,0
TXN203809,CUST10789,2026-07-16,19,Jewelry,957.23,0,1.4,294,0
TXN203810,CUST11021,2026-09-21,10,Online Retail,115.48,0,1.0,93,0
TXN203811,CUST10751,2026-09-08,11,Grocery,26.14,0,4.3,42,0
TXN203812,CUST11887,2026-07-01,20,Online Retail,198.1,0,2.2,1374,0
TXN203813,CUST12019,2026-09-01,11,Travel,444.22,1,44.3,372,0
TXN203814,CUST12207,2026-07-22,12,Travel,425.63,0,0.1,375,0
TXN203815,CUST10032,2026-08-26,13,Dining,17.84,0,3.6,39,0
TXN203816,CUST11479,2026-07-12,12,Electronics,319.9,0,9.9,136,0
TXN203817,CUST11887,2026-09-08,14,Grocery,16.59,0,6.8,56,0
TXN203818,CUST11258,2026-08-12,3,Grocery,30.91,0,1.8,360,0
TXN203819,CUST11220,2026-08-09,10,Grocery,70.69,0,2.9,609,0
TXN203820,CUST10598,2026-09-26,4,ATM Withdrawal,77.32,0,10.9,882,0
TXN203821,CUST11879,2026-06-30,13,Dining,69.01,0,1.3,254,0
TXN203822,CUST11736,2026-08-10,16,Electronics,398.54,0,1.9,555,0
TXN203823,CUST11645,2026-09-09,10,ATM Withdrawal,187.72,0,21.6,394,0
TXN203824,CUST11503,2026-07-20,15,Fuel,184.86,0,22.8,124,0
TXN203825,CUST12051,2026-07-14,16,Fuel,42.1,0,1.0,492,0
TXN203826,CUST11471,2026-07-04,17,Dining,51.55,0,9.6,92,0
TXN203827,CUST11493,2026-08-10,14,Electronics,297.73,0,1.7,313,0
TXN203828,CUST11885,2026-09-22,15,Dining,134.12,0,9.4,303,0
TXN203829,CUST10784,2026-08-28,21,Travel,269.09,0,8.3,606,0
TXN203830,CUST12449,2026-08-12,14,Online Retail,171.15,0,7.6,352,0
TXN203831,CUST10075,2026-08-02,18,Grocery,35.91,0,3.0,11,0
TXN203832,CUST11140,2026-09-01,12,Grocery,29.69,0,2.3,334,0
TXN203833,CUST12394,2026-09-09,10,Grocery,56.42,0,0.0,50,0
TXN203834,CUST12451,2026-09-08,13,Grocery,30.67,0,2.1,225,0
TXN203835,CUST10219,2026-09-12,23,Fuel,24.78,0,3.5,554,0
TXN203836,CUST10999,2026-09-23,3,Grocery,46.11,1,7.4,148,0
TXN203837,CUST11876,2026-07-15,16,Grocery,235.17,0,22.5,1229,0
TXN203838,CUST10235,2026-09-06,9,Grocery,57.52,0,4.9,585,0
TXN203839,CUST11111,2026-09-01,8,ATM Withdrawal,87.24,0,7.0,427,0
TXN203840,CUST11909,2026-07-26,7,Travel,247.34,0,8.4,5,0
TXN203841,CUST12262,2026-06-30,14,Online Retail,50.97,0,13.3,389,0
TXN203842,CUST10668,2026-09-26,15,Online Retail,79.32,0,2.7,272,0
TXN203843,CUST10286,2026-08-04,11,Grocery,36.39,0,32.1,159,0
TXN203844,CUST10007,2026-07-04,21,Travel,202.11,0,4.2,143,0
TXN203845,CUST10033,2026-08-24,5,Fuel,51.63,0,32.9,121,0
TXN203846,CUST10883,2026-07-17,18,Grocery,47.4,0,8.9,500,0
TXN203847,CUST11652,2026-07-17,11,Fuel,46.37,0,4.4,375,0
TXN203848,CUST10940,2026-07-16,13,Electronics,695.52,0,12.5,658,0
TXN203849,CUST12116,2026-09-01,15,Fuel,58.35,0,9.7,137,0
TXN203850,CUST12320,2026-09-11,14,Online Retail,125.98,0,8.6,8,0
TXN203851,CUST12135,2026-08-10,11,Online Retail,119.21,0,0.8,128,0
TXN203852,CUST11124,2026-07-25,5,Online Retail,45.78,0,5.8,320,0
TXN203853,CUST10009,2026-09-07,12,Travel,347.35,0,13.1,82,0
TXN203854,CUST10549,2026-07-14,13,Dining,65.4,1,1.8,58,0
TXN203855,CUST11022,2026-07-06,1,Fuel,55.87,1,11.5,403,0
TXN203856,CUST10669,2026-07-22,15,Online Retail,91.83,0,0.7,583,0
TXN203857,CUST10575,2026-08-31,20,Jewelry,599.77,0,4.2,563,0
TXN203858,CUST10481,2026-09-16,6,Fuel,90.27,0,12.0,50,0
TXN203859,CUST10156,2026-07-11,19,Online Retail,115.75,0,1.6,128,0
TXN203860,CUST10931,2026-09-05,10,Electronics,572.95,0,3.7,551,0
TXN203861,CUST10944,2026-08-30,14,ATM Withdrawal,266.26,0,3.1,567,0
TXN203862,CUST11929,2026-08-12,10,Travel,785.43,0,2.2,628,0
TXN203863,CUST12299,2026-08-20,4,Grocery,33.81,0,8.8,388,0
TXN203864,CUST11534,2026-07-28,5,Online Retail,110.06,0,5.3,793,0
TXN203865,CUST10487,2026-09-20,21,Grocery,74.08,0,3.4,682,0
TXN203866,CUST11633,2026-08-07,9,Online Retail,171.6,0,0.4,1127,0
TXN203867,CUST11423,2026-08-23,23,Dining,45.81,0,15.6,1642,0
TXN203868,CUST10495,2026-07-27,9,Travel,397.39,0,8.7,692,0
TXN203869,CUST10414,2026-09-15,12,Dining,50.21,0,0.5,75,0
TXN203870,CUST10139,2026-08-21,17,ATM Withdrawal,213.33,0,18.7,483,0
TXN203871,CUST11862,2026-08-31,8,Online Retail,151.64,0,10.5,304,0
TXN203872,CUST10423,2026-08-06,18,Online Retail,203.43,0,11.9,193,0
TXN203873,CUST11813,2026-07-03,18,Travel,808.77,0,4.8,687,0
TXN203874,CUST10911,2026-09-07,20,Travel,847.32,0,2.4,149,0
TXN203875,CUST11505,2026-08-05,13,Dining,30.71,0,3.4,144,0
TXN203876,CUST12221,2026-07-12,16,Online Retail,51.03,0,12.8,35,0
TXN203877,CUST10496,2026-06-30,9,Dining,71.53,0,12.7,71,0
TXN203878,CUST10620,2026-09-01,21,Electronics,430.62,0,15.0,35,0
TXN203879,CUST11520,2026-08-22,18,Grocery,42.31,0,8.7,259,0
TXN203880,CUST10667,2026-08-03,11,Grocery,49.37,0,19.2,617,0
TXN203881,CUST12426,2026-07-01,22,Dining,42.5,0,0.9,983,0
TXN203882,CUST11203,2026-07-14,10,Dining,60.58,0,17.4,808,0
TXN203883,CUST11996,2026-08-17,18,Online Retail,154.74,0,2.6,41,0
TXN203884,CUST10461,2026-09-16,18,Grocery,116.19,0,5.9,125,0
TXN203885,CUST11597,2026-07-03,17,Fuel,194.44,0,5.7,96,0
TXN203886,CUST10376,2026-07-21,7,ATM Withdrawal,331.69,0,25.0,70,0
TXN203887,CUST11905,2026-07-17,7,Grocery,17.91,0,36.6,259,0
TXN203888,CUST10584,2026-08-09,14,Travel,657.6,0,21.6,398,0
TXN203889,CUST11557,2026-07-20,15,Online Retail,47.3,0,1.6,96,0
TXN203890,CUST10360,2026-08-06,17,Travel,493.68,0,2.8,386,0
TXN203891,CUST10669,2026-07-02,13,Grocery,95.5,1,15.7,8,0
TXN203892,CUST12240,2026-08-28,0,Travel,433.98,0,15.6,198,0
TXN203893,CUST10736,2026-07-22,9,Grocery,34.28,0,6.3,485,0
TXN203894,CUST11012,2026-08-19,14,ATM Withdrawal,335.52,0,0.3,41,0
TXN203895,CUST10642,2026-07-11,4,Dining,56.66,0,4.1,747,0
TXN203896,CUST10951,2026-09-07,12,Dining,101.0,0,7.7,445,0
TXN203897,CUST11019,2026-09-03,23,Fuel,51.06,0,5.3,276,0
TXN203898,CUST10262,2026-09-19,13,Dining,51.36,0,1.5,364,0
TXN203899,CUST11888,2026-09-12,10,Grocery,40.0,0,0.8,396,0
TXN203900,CUST11862,2026-08-27,17,ATM Withdrawal,70.97,1,5.9,207,0
TXN203901,CUST12303,2026-07-27,8,Fuel,59.3,0,8.3,125,0
TXN203902,CUST11174,2026-08-29,12,Jewelry,819.12,0,9.5,61,0
TXN203903,CUST10767,2026-07-30,14,Grocery,21.08,0,3.3,312,0
TXN203904,CUST10239,2026-08-08,4,Online Retail,160.59,0,0.6,466,0
TXN203905,CUST11124,2026-08-12,16,Online Retail,327.04,0,9.5,181,0
TXN203906,CUST12014,2026-07-17,13,Electronics,405.21,0,1.5,221,0
TXN203907,CUST10546,2026-07-30,14,Dining,70.45,0,3.4,169,0
TXN203908,CUST11527,2026-07-19,11,Travel,1440.16,0,6.5,6,0
TXN203909,CUST12356,2026-08-29,17,Dining,66.59,0,12.2,34,0
TXN203910,CUST12234,2026-07-06,13,ATM Withdrawal,219.47,0,27.0,348,0
TXN203911,CUST10685,2026-07-16,8,Electronics,591.58,0,12.2,259,0
TXN203912,CUST10804,2026-07-11,15,Fuel,15.4,0,2.4,44,0
TXN203913,CUST10823,2026-08-07,14,Online Retail,143.06,0,7.3,73,0
TXN203914,CUST11046,2026-07-15,8,Electronics,252.79,0,1.5,25,0
TXN203915,CUST11256,2026-08-17,12,Fuel,66.3,0,26.1,224,0
TXN203916,CUST10539,2026-09-05,21,ATM Withdrawal,142.07,0,0.8,147,0
TXN203917,CUST10077,2026-07-13,9,Online Retail,177.91,0,11.6,86,0
TXN203918,CUST11711,2026-07-14,14,Online Retail,97.25,0,25.5,234,0
TXN203919,CUST11271,2026-09-10,14,Grocery,29.93,0,13.2,670,0
TXN203920,CUST10434,2026-08-31,8,Dining,38.85,0,0.1,74,0
TXN203921,CUST10062,2026-08-04,6,Electronics,302.34,0,47.8,503,0
TXN203922,CUST12398,2026-08-19,16,Electronics,218.44,0,3.7,369,0
TXN203923,CUST10261,2026-09-18,13,Electronics,256.76,0,7.6,332,0
TXN203924,CUST10812,2026-07-11,11,Electronics,699.15,0,0.3,702,0
TXN203925,CUST10661,2026-08-21,11,Travel,511.37,0,10.3,33,0
TXN203926,CUST11728,2026-08-11,9,Dining,61.07,0,21.5,70,0
TXN203927,CUST11060,2026-08-17,23,Electronics,510.2,0,11.2,42,0
TXN203928,CUST10422,2026-09-16,13,Grocery,23.22,0,2.3,29,0
TXN203929,CUST12229,2026-09-21,9,Online Retail,55.74,0,26.8,458,0
TXN203930,CUST10666,2026-07-15,10,Online Retail,245.59,0,9.0,395,0
TXN203931,CUST11967,2026-08-19,15,Fuel,152.46,0,7.7,103,0
TXN203932,CUST11570,2026-09-25,7,Fuel,50.29,0,0.6,56,0
TXN203933,CUST10050,2026-08-08,9,ATM Withdrawal,103.97,0,14.0,5,0
TXN203934,CUST11255,2026-09-14,12,Grocery,23.55,0,12.8,493,0
TXN203935,CUST10278,2026-09-19,7,Online Retail,92.59,0,6.6,223,0
TXN203936,CUST10396,2026-08-21,11,Grocery,28.54,0,4.0,97,0
TXN203937,CUST11275,2026-07-27,18,Grocery,9.13,0,2.5,410,0
TXN203938,CUST12108,2026-07-01,13,Grocery,76.19,0,4.1,122,0
TXN203939,CUST12226,2026-08-05,12,Online Retail,123.1,0,22.2,141,0
TXN203940,CUST11331,2026-08-26,12,Fuel,149.18,0,4.7,79,0
TXN203941,CUST11627,2026-07-13,21,Grocery,19.47,1,1.0,19,0
TXN203942,CUST10434,2026-07-16,8,Dining,181.68,0,0.4,475,0
TXN203943,CUST12308,2026-08-01,8,Travel,262.24,0,3.4,355,0
TXN203944,CUST10212,2026-08-27,10,Dining,34.81,0,19.2,51,0
TXN203945,CUST12196,2026-08-17,7,Dining,47.9,0,11.7,496,0
TXN203946,CUST12437,2026-09-13,18,Online Retail,184.9,0,2.4,251,0
TXN203947,CUST10299,2026-09-01,18,Electronics,219.36,0,5.2,709,0
TXN203948,CUST10674,2026-09-15,10,Online Retail,285.69,0,16.1,1258,0
TXN203949,CUST12055,2026-07-22,14,Dining,39.89,0,9.0,5,0
TXN203950,CUST11778,2026-09-17,15,Travel,429.44,0,13.0,83,0
TXN203951,CUST12256,2026-06-30,14,Fuel,101.23,0,5.0,351,0
TXN203952,CUST10769,2026-08-15,5,Electronics,301.7,0,10.1,1229,0
TXN203953,CUST11895,2026-07-11,21,Grocery,62.5,0,1.6,409,0
TXN203954,CUST12304,2026-08-26,10,Online Retail,70.52,0,2.2,439,0
TXN203955,CUST12410,2026-09-09,7,Travel,145.71,0,11.0,121,0
TXN203956,CUST10051,2026-08-08,0,Travel,391.1,0,5.3,589,0
TXN203957,CUST11695,2026-07-23,21,Travel,700.32,0,8.0,584,0
TXN203958,CUST12281,2026-07-29,14,Travel,380.71,0,5.4,280,0
TXN203959,CUST11563,2026-08-21,11,Electronics,288.03,0,13.9,271,0
TXN203960,CUST10644,2026-07-13,16,Grocery,26.54,0,16.4,172,0
TXN203961,CUST12002,2026-07-10,8,Fuel,64.15,0,0.4,19,0
TXN203962,CUST11373,2026-07-02,16,Fuel,38.64,0,2.7,212,0
TXN203963,CUST10617,2026-09-15,16,Dining,246.6,0,3.5,88,0
TXN203964,CUST10792,2026-07-19,11,Grocery,40.57,0,1.9,736,0
TXN203965,CUST11685,2026-07-07,10,ATM Withdrawal,139.87,0,3.6,218,0
TXN203966,CUST11317,2026-08-21,10,Online Retail,80.51,0,5.1,350,0
TXN203967,CUST11747,2026-09-12,10,Dining,51.89,0,3.3,68,0
TXN203968,CUST10528,2026-07-28,19,Jewelry,483.18,0,2.6,5,0
TXN203969,CUST11098,2026-09-03,20,Electronics,162.48,0,12.6,45,0
TXN203970,CUST11743,2026-07-01,17,Online Retail,236.09,0,6.4,137,0
TXN203971,CUST10300,2026-09-26,8,Travel,1599.26,0,10.7,1000,0
TXN203972,CUST12371,2026-07-21,13,Online Retail,74.16,0,13.2,2039,0
TXN203973,CUST11313,2026-08-11,9,ATM Withdrawal,290.91,0,6.3,33,0
TXN203974,CUST11499,2026-07-05,13,Online Retail,112.11,0,7.4,1583,0
TXN203975,CUST10267,2026-07-03,14,Fuel,96.79,0,7.4,241,0
TXN203976,CUST10261,2026-09-14,19,Online Retail,163.49,0,8.5,234,0
TXN203977,CUST10113,2026-09-16,18,Fuel,49.97,0,2.3,120,0
TXN203978,CUST12054,2026-09-08,16,Dining,34.77,0,6.8,395,0
TXN203979,CUST10887,2026-07-21,12,Grocery,60.61,0,18.4,26,0
TXN203980,CUST12440,2026-07-16,23,Electronics,264.36,0,0.6,238,0
TXN203981,CUST11413,2026-08-03,11,Grocery,35.12,0,13.5,388,0
TXN203982,CUST10917,2026-08-19,15,ATM Withdrawal,377.79,0,0.5,234,0
TXN203983,CUST10580,2026-09-08,14,Online Retail,112.28,0,3.9,450,0
TXN203984,CUST11261,2026-08-22,10,ATM Withdrawal,100.62,0,8.5,1341,0
TXN203985,CUST10857,2026-08-20,16,Dining,68.0,0,4.1,319,0
TXN203986,CUST10509,2026-09-26,16,Grocery,27.34,0,3.5,337,0
TXN203987,CUST12118,2026-07-10,9,Dining,53.17,0,7.7,219,0
TXN203988,CUST10638,2026-08-24,17,Dining,50.63,0,2.2,825,0
TXN203989,CUST10399,2026-08-23,21,Online Retail,179.75,0,8.7,673,0
TXN203990,CUST11821,2026-07-03,16,Dining,60.53,0,30.2,255,0
TXN203991,CUST11952,2026-09-17,11,Electronics,498.22,0,14.8,471,0
TXN203992,CUST10418,2026-08-18,23,Online Retail,133.03,0,6.0,32,0
TXN203993,CUST10341,2026-09-21,17,Electronics,592.6,0,0.0,19,1
TXN203994,CUST10589,2026-07-14,18,Fuel,31.32,0,2.1,41,0
TXN203995,CUST12144,2026-09-17,17,Dining,12.66,0,10.1,54,0
TXN203996,CUST10114,2026-08-14,13,Online Retail,692.59,0,10.8,98,0
TXN203997,CUST11815,2026-07-15,8,Travel,863.58,0,5.9,346,0
TXN203998,CUST11469,2026-07-30,11,Grocery,56.55,0,1.1,216,0
TXN203999,CUST11459,2026-08-08,12,Travel,596.34,0,2.3,1075,0
TXN204000,CUST11862,2026-08-07,13,Online Retail,69.31,0,4.2,120,0
TXN204001,CUST11832,2026-07-01,13,ATM Withdrawal,373.89,0,11.2,1121,0
TXN204002,CUST10365,2026-08-02,16,Dining,42.86,0,0.5,80,0
TXN204003,CUST12205,2026-09-01,14,Electronics,334.89,0,7.1,55,0
TXN204004,CUST11323,2026-08-13,9,Dining,62.44,0,7.3,151,0
TXN204005,CUST10301,2026-09-17,10,Online Retail,253.24,0,7.4,705,0
TXN204006,CUST10356,2026-08-19,13,Dining,75.69,0,8.1,411,0
TXN204007,CUST10873,2026-08-19,8,Online Retail,201.35,0,2.9,899,0
TXN204008,CUST12469,2026-09-26,6,Travel,374.71,0,2.3,303,0
TXN204009,CUST11143,2026-07-26,9,Jewelry,1085.44,0,1.4,162,0
TXN204010,CUST10772,2026-07-25,10,Grocery,22.03,0,1.4,52,0
TXN204011,CUST10382,2026-09-24,23,Fuel,40.79,0,1.3,497,0
TXN204012,CUST12080,2026-07-21,9,Fuel,108.16,0,5.4,820,0
TXN204013,CUST11502,2026-08-18,12,Dining,101.69,0,18.5,55,0
TXN204014,CUST12058,2026-06-30,14,Grocery,111.32,0,0.3,244,0
TXN204015,CUST11705,2026-09-19,16,Electronics,135.97,0,11.2,21,0
TXN204016,CUST10027,2026-08-20,16,Electronics,315.02,0,4.5,14,0
TXN204017,CUST10764,2026-09-18,16,Online Retail,262.88,0,1.8,507,0
TXN204018,CUST11481,2026-08-29,13,Dining,93.92,0,6.8,631,0
TXN204019,CUST11161,2026-08-13,15,Electronics,545.18,0,8.2,728,0
TXN204020,CUST10480,2026-08-26,9,Grocery,61.97,0,16.2,276,0
TXN204021,CUST11546,2026-09-12,23,Grocery,25.33,0,4.9,93,0
TXN204022,CUST11046,2026-07-28,17,Dining,62.29,0,14.8,302,0
TXN204023,CUST10977,2026-08-15,10,Grocery,70.03,0,4.5,91,0
TXN204024,CUST11399,2026-08-07,14,Travel,157.08,0,32.4,50,0
TXN204025,CUST11706,2026-07-16,14,Dining,50.49,0,2.7,421,0
TXN204026,CUST12460,2026-09-15,14,Electronics,239.68,1,19.3,192,0
TXN204027,CUST10485,2026-08-15,12,Grocery,92.33,0,0.6,263,0
TXN204028,CUST11161,2026-07-08,12,Fuel,81.17,0,0.2,179,0
TXN204029,CUST11069,2026-08-20,6,Online Retail,41.84,0,2.2,255,0
TXN204030,CUST10708,2026-08-26,1,Dining,92.56,0,3.5,783,0
TXN204031,CUST10681,2026-07-01,10,Fuel,74.85,0,21.7,75,0
TXN204032,CUST11001,2026-07-27,17,Electronics,323.18,0,4.1,903,0
TXN204033,CUST11629,2026-08-16,13,Dining,37.72,0,3.4,301,0
TXN204034,CUST11610,2026-09-09,18,Grocery,38.05,0,1.4,807,0
TXN204035,CUST10166,2026-06-29,4,Dining,42.65,0,17.7,675,0
TXN204036,CUST10203,2026-09-10,12,Online Retail,51.57,0,6.0,943,0
TXN204037,CUST10588,2026-07-01,17,Dining,28.9,0,8.2,182,0
TXN204038,CUST11851,2026-08-02,9,Dining,31.75,0,1.5,499,0
TXN204039,CUST11518,2026-08-21,10,Dining,34.43,0,0.1,226,0
TXN204040,CUST10811,2026-06-30,11,Dining,29.41,0,20.8,1071,0
TXN204041,CUST12347,2026-07-08,12,Fuel,35.64,0,3.3,165,0
TXN204042,CUST11693,2026-09-20,13,Online Retail,78.18,0,13.9,945,0
TXN204043,CUST10254,2026-09-10,7,Travel,464.84,0,1.0,253,0
TXN204044,CUST12137,2026-08-16,5,Dining,135.09,0,0.2,493,0
TXN204045,CUST11340,2026-07-06,14,Jewelry,1489.97,1,3.0,60,1
TXN204046,CUST11050,2026-08-23,10,Online Retail,155.06,1,12.4,472,0
TXN204047,CUST11062,2026-09-20,12,Grocery,19.33,0,3.1,206,0
TXN204048,CUST10118,2026-09-17,22,Online Retail,146.77,0,0.9,180,0
TXN204049,CUST11458,2026-09-13,11,Fuel,33.82,0,12.1,28,0
TXN204050,CUST11677,2026-08-03,10,Online Retail,33.75,0,21.3,180,0
TXN204051,CUST11927,2026-09-05,5,Jewelry,628.13,0,3.5,111,0
TXN204052,CUST11669,2026-07-21,17,Grocery,40.59,0,7.1,169,0
TXN204053,CUST10565,2026-08-10,12,Online Retail,86.1,0,3.4,187,0
TXN204054,CUST11990,2026-08-23,1,Dining,65.77,0,15.9,130,0
TXN204055,CUST12095,2026-07-13,9,Grocery,34.89,0,1.3,457,0
TXN204056,CUST10425,2026-09-22,15,Dining,46.15,0,49.2,696,0
TXN204057,CUST11291,2026-07-03,8,Fuel,36.06,0,1.3,1217,0
TXN204058,CUST11767,2026-08-09,23,Fuel,37.11,0,8.0,358,0
TXN204059,CUST11694,2026-08-28,19,Dining,53.07,0,2.9,56,0
TXN204060,CUST12360,2026-07-28,12,Online Retail,65.21,0,5.3,262,0
TXN204061,CUST11469,2026-07-03,14,Dining,25.18,0,0.5,292,0
TXN204062,CUST10103,2026-07-20,14,Electronics,417.93,0,27.5,274,0
TXN204063,CUST12224,2026-07-18,11,ATM Withdrawal,353.18,0,2.7,1123,0
TXN204064,CUST12293,2026-09-17,22,Online Retail,128.29,0,9.6,194,0
TXN204065,CUST11637,2026-09-11,16,Online Retail,103.12,0,26.1,999,0
TXN204066,CUST11908,2026-08-03,7,Dining,44.18,0,9.9,646,0
TXN204067,CUST11346,2026-09-11,21,Dining,92.06,0,11.9,438,0
TXN204068,CUST12179,2026-09-26,10,Fuel,52.05,1,3.2,175,0
TXN204069,CUST11903,2026-07-07,14,Dining,116.92,0,2.2,244,0
TXN204070,CUST11439,2026-09-24,15,Electronics,519.37,0,9.0,243,0
TXN204071,CUST10841,2026-07-14,19,Grocery,44.88,0,6.8,96,0
TXN204072,CUST11446,2026-07-30,9,Dining,32.66,0,5.5,877,0
TXN204073,CUST12354,2026-08-28,11,Grocery,36.32,0,1.8,499,0
TXN204074,CUST10888,2026-07-21,9,Fuel,31.84,0,9.9,241,0
TXN204075,CUST10954,2026-08-01,11,Dining,72.84,1,6.8,54,0
TXN204076,CUST10637,2026-09-08,19,Electronics,272.24,0,5.9,577,0
TXN204077,CUST10014,2026-09-18,3,Grocery,19.03,0,12.6,49,0
TXN204078,CUST11709,2026-07-24,10,Fuel,16.59,0,7.4,41,0
TXN204079,CUST12428,2026-08-01,10,Online Retail,158.85,0,16.5,340,0
TXN204080,CUST12474,2026-07-13,13,Electronics,367.7,0,6.0,47,0
TXN204081,CUST11652,2026-09-13,5,Grocery,79.38,0,15.6,18,0
TXN204082,CUST11374,2026-08-29,18,Online Retail,73.06,0,8.1,132,0
TXN204083,CUST11584,2026-09-11,15,Travel,1347.0,0,2.9,463,0
TXN204084,CUST10943,2026-08-08,13,Electronics,276.35,0,12.8,267,0
TXN204085,CUST10763,2026-09-17,22,Grocery,19.43,0,14.0,500,0
TXN204086,CUST10017,2026-09-13,23,Travel,887.13,0,0.0,1371,0
TXN204087,CUST10486,2026-08-13,13,Online Retail,109.47,0,1.5,147,0
TXN204088,CUST11105,2026-07-23,10,Grocery,35.19,0,6.5,137,0
TXN204089,CUST10263,2026-09-11,8,Online Retail,65.03,0,0.6,954,0
TXN204090,CUST10812,2026-08-13,2,Electronics,122.93,0,14.9,128,0
TXN204091,CUST11861,2026-08-27,14,Fuel,146.36,0,8.8,512,0
TXN204092,CUST10264,2026-07-11,17,Online Retail,226.27,0,22.9,744,0
TXN204093,CUST10855,2026-08-14,9,Travel,195.13,0,4.5,29,0
TXN204094,CUST10931,2026-07-15,14,Grocery,25.5,0,2.8,378,0
TXN204095,CUST11783,2026-07-24,17,Online Retail,71.11,0,5.5,125,0
TXN204096,CUST11014,2026-08-20,8,Electronics,335.44,0,0.7,251,0
TXN204097,CUST10267,2026-08-18,10,ATM Withdrawal,141.09,0,4.7,241,0
TXN204098,CUST12180,2026-08-03,14,Electronics,282.74,0,2.9,446,0
TXN204099,CUST12098,2026-08-25,12,Travel,387.28,0,4.5,830,0
TXN204100,CUST11943,2026-09-07,16,Electronics,405.16,0,1.5,113,0
TXN204101,CUST11016,2026-08-08,19,Jewelry,645.61,0,0.5,427,0
TXN204102,CUST11699,2026-08-20,15,Dining,25.13,0,15.6,272,0
TXN204103,CUST11456,2026-09-14,4,ATM Withdrawal,409.89,0,1.7,269,0
TXN204104,CUST12266,2026-07-22,16,Dining,65.07,1,12.4,317,0
TXN204105,CUST11939,2026-08-19,11,Dining,221.94,0,13.9,260,0
TXN204106,CUST11267,2026-06-29,7,Dining,60.0,0,22.1,51,0
TXN204107,CUST11633,2026-07-03,11,Grocery,64.1,0,1.6,72,0
TXN204108,CUST11933,2026-08-21,7,Dining,40.49,0,2.4,249,0
TXN204109,CUST10042,2026-08-23,14,Grocery,31.29,0,7.2,127,0
TXN204110,CUST11825,2026-07-03,8,Online Retail,117.16,0,11.9,722,0
TXN204111,CUST11949,2026-08-20,17,Grocery,117.54,0,0.1,219,0
TXN204112,CUST10354,2026-09-14,21,Electronics,202.81,0,1.4,342,0
TXN204113,CUST11230,2026-07-26,14,Dining,140.76,0,11.1,1467,0
TXN204114,CUST10317,2026-09-01,16,Electronics,963.22,0,2.0,159,0
TXN204115,CUST11758,2026-09-19,20,Dining,14.6,0,6.8,611,0
TXN204116,CUST10087,2026-09-13,21,Electronics,248.81,0,15.0,649,0
TXN204117,CUST11500,2026-07-21,8,Grocery,41.75,0,15.6,675,0
TXN204118,CUST10569,2026-07-04,14,Grocery,32.08,0,4.6,188,0
TXN204119,CUST12103,2026-09-15,16,Dining,37.89,1,21.8,111,0
TXN204120,CUST10431,2026-07-20,17,Online Retail,140.59,0,3.0,144,0
TXN204121,CUST11782,2026-07-05,13,Online Retail,39.87,0,9.3,69,0
TXN204122,CUST12444,2026-07-11,9,Online Retail,45.25,0,11.8,34,0
TXN204123,CUST11256,2026-08-08,18,Grocery,24.64,0,18.7,223,0
TXN204124,CUST10997,2026-07-28,6,Grocery,33.08,0,0.6,54,0
TXN204125,CUST10486,2026-08-19,5,Online Retail,54.57,0,4.5,207,0
TXN204126,CUST12072,2026-09-10,8,Dining,39.47,0,9.6,553,0
TXN204127,CUST10180,2026-09-14,11,Fuel,49.14,0,3.2,93,0
TXN204128,CUST11387,2026-08-14,14,Jewelry,241.85,0,20.4,42,0
TXN204129,CUST11774,2026-09-14,14,Fuel,18.35,0,0.9,92,0
TXN204130,CUST11702,2026-07-11,16,Grocery,23.49,0,0.8,36,0
TXN204131,CUST12217,2026-07-11,20,Grocery,63.97,0,3.8,837,0
TXN204132,CUST11531,2026-07-18,19,Jewelry,692.17,0,1.2,158,1
TXN204133,CUST10260,2026-08-07,9,Electronics,563.87,0,2.7,226,0
TXN204134,CUST11129,2026-09-25,14,Electronics,235.92,0,36.0,331,0
TXN204135,CUST10469,2026-09-19,13,Online Retail,68.96,0,18.1,121,0
TXN204136,CUST11134,2026-08-16,7,Dining,57.14,0,15.8,308,0
TXN204137,CUST10619,2026-09-10,17,Dining,166.7,0,22.2,330,0
TXN204138,CUST10280,2026-07-09,11,Online Retail,58.0,0,7.1,185,0
TXN204139,CUST10022,2026-07-14,6,Online Retail,191.19,0,2.0,16,0
TXN204140,CUST11471,2026-07-25,15,Grocery,22.18,0,1.4,1029,0
TXN204141,CUST10036,2026-09-03,16,Grocery,41.84,0,1.9,5,0
TXN204142,CUST11580,2026-08-22,15,Online Retail,68.69,0,5.1,305,0
TXN204143,CUST11850,2026-07-12,19,Fuel,55.0,0,4.5,5,0
TXN204144,CUST11607,2026-06-29,10,Grocery,22.11,0,2.1,42,0
TXN204145,CUST12440,2026-09-02,11,Dining,28.79,1,9.0,266,0
TXN204146,CUST10006,2026-07-10,10,Grocery,63.16,0,11.0,400,0
TXN204147,CUST11850,2026-07-27,21,Grocery,43.1,0,3.1,302,0
TXN204148,CUST11607,2026-07-19,13,Electronics,230.14,0,9.3,11,0
TXN204149,CUST10260,2026-08-25,12,Electronics,302.15,0,23.1,574,0
TXN204150,CUST11254,2026-07-19,11,Electronics,304.35,0,9.4,169,0
TXN204151,CUST11259,2026-07-23,18,Online Retail,61.93,0,3.1,77,0
TXN204152,CUST11362,2026-07-11,11,Fuel,34.77,0,3.5,68,0
TXN204153,CUST11049,2026-09-25,11,Travel,335.17,0,21.9,426,0
TXN204154,CUST11792,2026-09-02,23,Fuel,48.3,0,1.7,32,0
TXN204155,CUST10821,2026-07-11,14,Electronics,699.35,0,1.8,93,0
TXN204156,CUST11516,2026-09-14,15,Online Retail,88.27,0,7.4,13,0
TXN204157,CUST10312,2026-09-08,11,Grocery,69.46,1,16.7,313,0
TXN204158,CUST11466,2026-09-04,7,Electronics,431.19,0,3.2,369,0
TXN204159,CUST10265,2026-07-27,14,Grocery,17.43,0,0.6,201,0
TXN204160,CUST10543,2026-08-30,14,Online Retail,87.8,0,9.7,319,0
TXN204161,CUST12077,2026-08-13,20,Grocery,16.32,1,35.8,159,0
TXN204162,CUST11364,2026-09-13,14,Online Retail,83.39,0,11.4,704,0
TXN204163,CUST11941,2026-07-18,19,Travel,1385.78,0,0.5,47,0
TXN204164,CUST10801,2026-07-17,6,Online Retail,109.76,0,8.7,929,0
TXN204165,CUST12372,2026-07-28,14,Jewelry,2811.07,0,17.3,563,1
TXN204166,CUST10360,2026-08-22,23,Electronics,526.14,0,3.6,577,0
TXN204167,CUST12175,2026-08-24,10,Grocery,35.47,0,8.7,302,0
TXN204168,CUST10534,2026-09-21,20,Online Retail,142.78,0,1.2,102,0
TXN204169,CUST10229,2026-07-13,15,Online Retail,121.3,0,12.5,1144,0
TXN204170,CUST11518,2026-08-15,13,Fuel,57.75,1,8.1,224,0
TXN204171,CUST11253,2026-08-18,18,Dining,91.11,0,1.0,894,0
TXN204172,CUST10517,2026-08-09,7,Electronics,1513.25,0,0.1,734,1
TXN204173,CUST12154,2026-08-01,18,Dining,160.9,0,5.8,361,0
TXN204174,CUST11381,2026-09-04,17,Electronics,468.2,0,2.0,218,0
TXN204175,CUST11064,2026-08-24,17,Electronics,1527.66,0,1.3,422,0
TXN204176,CUST12215,2026-08-31,16,Online Retail,90.61,0,1.7,1085,0
TXN204177,CUST11445,2026-08-04,16,ATM Withdrawal,195.13,0,0.8,33,0
TXN204178,CUST11916,2026-08-28,6,Grocery,41.62,0,8.0,83,0
TXN204179,CUST11711,2026-07-16,12,Dining,44.38,0,3.9,268,0
TXN204180,CUST10966,2026-08-11,19,Electronics,393.45,0,3.4,314,0
TXN204181,CUST11788,2026-07-19,16,Fuel,36.12,0,1.7,10,0
TXN204182,CUST10748,2026-06-29,11,Grocery,94.25,0,11.2,213,0
TXN204183,CUST11594,2026-08-02,12,Jewelry,800.7,0,2.9,42,0
TXN204184,CUST10929,2026-07-17,14,Online Retail,128.78,0,17.8,218,0
TXN204185,CUST10070,2026-09-22,10,Travel,118.02,0,14.4,815,0
TXN204186,CUST10815,2026-07-30,14,ATM Withdrawal,108.91,0,2.8,134,0
TXN204187,CUST11596,2026-08-30,13,Online Retail,118.87,0,8.0,242,0
TXN204188,CUST12233,2026-09-22,13,Dining,40.78,0,2.9,11,0
TXN204189,CUST10428,2026-07-24,18,Dining,51.05,0,10.6,283,0
TXN204190,CUST10373,2026-08-15,5,Travel,765.27,0,6.0,30,0
TXN204191,CUST11072,2026-09-05,11,Dining,35.73,0,5.8,72,0
TXN204192,CUST11834,2026-07-01,21,Dining,67.34,0,4.0,742,0
TXN204193,CUST11987,2026-09-14,14,Online Retail,174.5,0,4.5,1561,0
TXN204194,CUST12058,2026-09-21,15,Dining,136.18,0,12.0,131,0
TXN204195,CUST12466,2026-07-26,14,Electronics,440.45,0,3.0,432,0
TXN204196,CUST12375,2026-07-02,7,Grocery,64.1,0,4.6,31,0
TXN204197,CUST10287,2026-08-25,14,Grocery,82.66,0,3.1,426,0
TXN204198,CUST12239,2026-07-02,14,Dining,88.75,0,7.6,358,0
TXN204199,CUST10572,2026-08-10,13,Dining,24.03,0,4.4,945,0
TXN204200,CUST11860,2026-07-05,14,Grocery,99.06,0,3.6,171,0
TXN204201,CUST12363,2026-09-01,10,Fuel,19.7,0,11.0,128,0
TXN204202,CUST11445,2026-09-17,22,Online Retail,83.24,0,3.5,334,0
TXN204203,CUST10344,2026-07-28,5,Electronics,239.35,0,18.1,414,0
TXN204204,CUST10502,2026-07-23,4,Electronics,930.2,0,1.2,26,1
TXN204205,CUST10537,2026-09-09,14,Online Retail,264.31,0,2.2,24,0
TXN204206,CUST11462,2026-09-18,8,Travel,635.43,0,6.8,5,0
TXN204207,CUST12042,2026-08-29,21,Fuel,55.82,0,1.0,780,0
TXN204208,CUST11459,2026-08-23,8,Travel,468.53,0,20.0,51,0
TXN204209,CUST10567,2026-09-24,18,Fuel,62.45,0,7.4,646,0
TXN204210,CUST10882,2026-09-17,7,Travel,449.62,0,9.3,30,0
TXN204211,CUST11807,2026-09-19,10,Grocery,73.07,0,5.0,174,0
TXN204212,CUST10382,2026-07-08,20,Online Retail,105.41,1,11.3,219,0
TXN204213,CUST11245,2026-07-20,20,Fuel,28.88,0,14.0,20,0
TXN204214,CUST10200,2026-09-02,7,Travel,460.29,0,7.3,62,0
TXN204215,CUST10959,2026-07-03,5,Electronics,136.9,0,18.9,1039,0
TXN204216,CUST11043,2026-09-22,20,Travel,701.9,0,4.9,126,0
TXN204217,CUST11337,2026-07-18,11,Grocery,35.71,0,0.1,315,0
TXN204218,CUST11440,2026-08-10,15,Electronics,224.43,0,2.9,279,0
TXN204219,CUST12288,2026-09-02,15,Electronics,359.07,0,5.0,119,0
TXN204220,CUST10586,2026-08-27,18,Dining,27.04,0,2.2,64,0
TXN204221,CUST11398,2026-07-20,14,Fuel,35.09,0,20.8,123,0
TXN204222,CUST12062,2026-09-17,16,Online Retail,114.11,0,15.8,414,0
TXN204223,CUST10032,2026-08-18,10,Dining,22.62,0,0.3,708,0
TXN204224,CUST12187,2026-07-09,6,Electronics,227.63,1,9.2,95,0
TXN204225,CUST10781,2026-07-12,8,Dining,143.27,0,23.4,167,0
TXN204226,CUST11773,2026-08-21,13,Dining,37.07,0,1.2,995,0
TXN204227,CUST11602,2026-09-23,18,Electronics,288.47,0,10.4,476,0
TXN204228,CUST11308,2026-08-31,7,Grocery,61.62,0,7.4,291,0
TXN204229,CUST12084,2026-08-21,8,Grocery,35.84,0,19.9,203,0
TXN204230,CUST10489,2026-08-23,14,Dining,145.44,0,3.8,318,0
TXN204231,CUST11664,2026-09-08,14,Grocery,51.0,0,3.6,515,0
TXN204232,CUST10711,2026-07-04,17,Grocery,36.42,0,1.5,122,0
TXN204233,CUST11158,2026-07-06,12,Dining,21.17,0,2.5,547,0
TXN204234,CUST11232,2026-09-15,16,Online Retail,151.64,0,19.5,952,0
TXN204235,CUST11631,2026-08-11,9,Dining,60.94,0,8.0,493,0
TXN204236,CUST10850,2026-09-01,4,Travel,738.44,0,6.6,231,0
TXN204237,CUST11316,2026-09-09,23,Online Retail,122.89,0,2.9,545,0
TXN204238,CUST10881,2026-08-21,9,Dining,26.48,0,4.8,528,0
TXN204239,CUST10672,2026-07-26,11,Fuel,131.62,1,9.5,256,0
TXN204240,CUST12157,2026-07-22,21,Dining,95.59,0,13.6,415,0
TXN204241,CUST12200,2026-07-07,22,Online Retail,239.31,0,0.3,37,0
TXN204242,CUST12114,2026-08-26,20,Online Retail,56.5,0,2.7,58,0
TXN204243,CUST10043,2026-07-03,12,ATM Withdrawal,239.65,0,2.6,267,0
TXN204244,CUST10612,2026-08-15,10,Electronics,341.0,0,2.3,158,0
TXN204245,CUST11635,2026-09-26,14,Fuel,52.77,0,6.7,1049,0
TXN204246,CUST11464,2026-08-06,14,Travel,988.78,0,36.7,574,0
TXN204247,CUST12088,2026-07-18,15,Online Retail,70.15,0,15.4,244,0
TXN204248,CUST12241,2026-08-05,20,ATM Withdrawal,124.19,0,4.8,285,0
TXN204249,CUST10458,2026-08-30,13,Electronics,166.86,0,0.1,197,0
TXN204250,CUST10111,2026-08-18,9,Grocery,31.21,0,6.8,1127,0
TXN204251,CUST10048,2026-09-26,10,Online Retail,45.18,0,3.2,133,0
TXN204252,CUST12089,2026-07-30,11,Online Retail,74.52,0,1.5,37,0
TXN204253,CUST10819,2026-08-28,9,ATM Withdrawal,340.03,0,12.1,158,0
TXN204254,CUST11667,2026-07-28,11,Grocery,34.88,0,5.4,1459,0
TXN204255,CUST10250,2026-08-26,20,Grocery,39.37,0,5.9,294,0
TXN204256,CUST11347,2026-08-07,19,ATM Withdrawal,143.16,0,4.8,115,0
TXN204257,CUST10031,2026-08-02,18,Fuel,23.94,0,20.4,729,0
TXN204258,CUST12466,2026-07-13,10,Dining,80.46,0,13.0,170,0
TXN204259,CUST12053,2026-09-23,8,Grocery,25.5,0,3.9,1143,0
TXN204260,CUST11508,2026-09-14,16,Jewelry,289.29,0,21.4,630,0
TXN204261,CUST10506,2026-07-17,16,Online Retail,52.02,1,20.4,102,0
TXN204262,CUST10547,2026-09-12,11,Dining,73.98,0,10.9,71,0
TXN204263,CUST10171,2026-09-03,11,Online Retail,56.14,0,39.4,1577,0
TXN204264,CUST11534,2026-07-05,11,Dining,85.24,0,2.3,852,0
TXN204265,CUST12088,2026-09-13,17,Dining,94.67,0,8.2,461,0
TXN204266,CUST12012,2026-07-04,9,Online Retail,211.22,0,0.5,95,0
TXN204267,CUST11590,2026-07-06,12,Dining,36.44,0,2.5,245,0
TXN204268,CUST12031,2026-09-06,3,Fuel,46.8,0,0.5,258,0
TXN204269,CUST11438,2026-07-15,12,Grocery,17.84,0,3.0,912,0
TXN204270,CUST12319,2026-07-10,15,Grocery,25.95,0,18.9,1859,0
TXN204271,CUST11228,2026-07-25,11,Dining,122.73,0,8.4,725,0
TXN204272,CUST12143,2026-08-20,5,Electronics,161.83,0,18.6,123,0
TXN204273,CUST10285,2026-09-19,13,Fuel,23.82,0,1.8,159,0
TXN204274,CUST11272,2026-07-16,12,Fuel,16.41,0,0.7,446,0
TXN204275,CUST12418,2026-08-16,20,Dining,113.67,0,8.2,962,0
TXN204276,CUST10784,2026-07-06,13,Grocery,33.76,0,1.2,25,0
TXN204277,CUST11709,2026-08-09,21,Electronics,447.75,0,5.3,761,0
TXN204278,CUST12222,2026-09-02,12,Grocery,27.63,0,10.8,30,0
TXN204279,CUST10438,2026-08-05,10,Electronics,1028.26,0,16.3,28,0
TXN204280,CUST11959,2026-08-14,12,Online Retail,100.85,0,3.9,313,0
TXN204281,CUST10517,2026-08-27,15,Electronics,1006.63,0,0.0,928,0
TXN204282,CUST10099,2026-09-05,13,Electronics,163.85,0,11.4,123,0
TXN204283,CUST11826,2026-07-04,11,Online Retail,46.58,0,8.1,69,0
TXN204284,CUST10126,2026-08-09,9,Online Retail,233.08,0,1.9,70,0
TXN204285,CUST11400,2026-07-09,14,Grocery,80.25,0,17.6,416,0
TXN204286,CUST10581,2026-07-15,15,Online Retail,285.9,0,4.9,24,0
TXN204287,CUST10467,2026-08-17,13,Electronics,362.63,0,8.6,171,0
TXN204288,CUST10074,2026-06-30,12,Online Retail,77.55,0,13.0,439,0
TXN204289,CUST11226,2026-08-14,11,Dining,32.73,0,1.3,1686,0
TXN204290,CUST12314,2026-09-26,9,Electronics,552.7,0,45.8,846,0
TXN204291,CUST11904,2026-09-02,14,Grocery,59.76,0,6.9,7,0
TXN204292,CUST10755,2026-08-10,17,Grocery,81.2,1,31.3,316,0
TXN204293,CUST12417,2026-08-26,19,Grocery,112.44,0,1.5,271,0
TXN204294,CUST12120,2026-07-18,12,Fuel,65.89,0,3.2,298,0
TXN204295,CUST10437,2026-08-24,9,Travel,246.22,0,4.6,152,0
TXN204296,CUST10313,2026-08-30,8,Dining,62.22,0,13.6,382,0
TXN204297,CUST10016,2026-09-11,16,ATM Withdrawal,161.16,0,2.4,231,0
TXN204298,CUST11822,2026-09-22,12,Dining,15.33,0,0.9,103,0
TXN204299,CUST12326,2026-09-24,14,Electronics,297.72,0,5.3,41,0
TXN204300,CUST11558,2026-09-18,12,Online Retail,235.29,0,5.9,799,0
TXN204301,CUST10278,2026-08-23,9,Dining,47.57,0,14.4,536,0
TXN204302,CUST12497,2026-09-24,10,Grocery,60.28,0,2.0,724,0
TXN204303,CUST12097,2026-08-11,4,Dining,143.86,0,1.1,247,0
TXN204304,CUST11389,2026-08-12,17,Fuel,38.06,1,18.5,583,0
TXN204305,CUST12475,2026-07-09,14,Electronics,399.81,0,7.2,16,0
TXN204306,CUST11562,2026-09-08,11,Grocery,13.06,0,20.9,848,0
TXN204307,CUST10769,2026-09-10,17,Jewelry,1602.61,0,8.7,283,1
TXN204308,CUST11321,2026-07-11,12,Fuel,49.72,0,8.3,58,0
TXN204309,CUST12146,2026-09-05,7,Travel,245.67,0,14.3,178,0
TXN204310,CUST10719,2026-07-05,14,Grocery,28.44,0,1.2,11,0
TXN204311,CUST10224,2026-09-01,12,Online Retail,104.91,0,10.5,1820,0
TXN204312,CUST11397,2026-07-26,19,Fuel,142.15,0,4.8,71,0
TXN204313,CUST12088,2026-09-14,11,Travel,314.72,0,0.3,143,0
TXN204314,CUST11233,2026-08-03,13,Jewelry,860.81,0,6.2,202,0
TXN204315,CUST12240,2026-07-02,18,Electronics,441.22,0,5.3,136,0
TXN204316,CUST12075,2026-08-19,16,Dining,65.79,0,8.7,712,0
TXN204317,CUST12167,2026-07-29,9,Electronics,851.57,1,7.7,1482,0
TXN204318,CUST10156,2026-09-23,11,Grocery,338.73,0,2.6,5,0
TXN204319,CUST11798,2026-06-30,10,Jewelry,386.44,0,4.5,1033,0
TXN204320,CUST12211,2026-09-06,15,Travel,651.77,0,3.0,414,0
TXN204321,CUST10124,2026-09-13,12,Dining,56.12,0,5.5,91,0
TXN204322,CUST11902,2026-08-12,14,Electronics,164.36,0,1.8,43,0
TXN204323,CUST10818,2026-07-21,14,Grocery,43.47,1,1.3,37,1
TXN204324,CUST11297,2026-07-15,16,Dining,46.27,1,2.1,190,0
TXN204325,CUST10611,2026-07-21,6,Dining,96.45,0,14.1,448,0
TXN204326,CUST10970,2026-08-06,16,Electronics,321.98,0,3.5,39,0
TXN204327,CUST10227,2026-08-17,21,Electronics,188.1,0,0.6,319,0
TXN204328,CUST11548,2026-07-23,17,Online Retail,62.51,0,3.5,496,0
TXN204329,CUST12300,2026-07-23,19,ATM Withdrawal,274.14,0,1.0,423,0
TXN204330,CUST11859,2026-08-17,10,Online Retail,149.54,0,10.4,13,0
TXN204331,CUST11674,2026-09-24,17,Online Retail,86.84,0,4.3,806,0
TXN204332,CUST11310,2026-07-30,15,Grocery,13.7,0,4.6,687,0
TXN204333,CUST12188,2026-09-03,13,Online Retail,23.64,0,19.7,110,0
TXN204334,CUST11716,2026-08-02,23,Travel,382.62,0,5.6,313,0
TXN204335,CUST11340,2026-09-09,8,Fuel,65.1,0,0.2,133,0
TXN204336,CUST12285,2026-09-06,19,Travel,1786.07,0,9.0,384,0
TXN204337,CUST10877,2026-08-12,6,Travel,494.68,0,6.7,878,0
TXN204338,CUST12383,2026-07-28,11,ATM Withdrawal,189.16,0,3.2,593,0
TXN204339,CUST12390,2026-08-23,10,Grocery,13.9,0,6.1,430,0
TXN204340,CUST11412,2026-09-11,16,Grocery,59.4,0,0.2,5,0
TXN204341,CUST10528,2026-07-19,19,Grocery,23.0,0,0.3,162,0
TXN204342,CUST11531,2026-08-27,13,Online Retail,259.63,0,1.3,282,0
TXN204343,CUST11755,2026-07-22,13,Grocery,36.84,0,16.4,388,0
TXN204344,CUST11310,2026-09-03,9,Dining,28.1,0,5.2,986,0
TXN204345,CUST10012,2026-08-01,17,Fuel,94.67,0,2.0,5,0
TXN204346,CUST11223,2026-09-03,17,Grocery,27.07,0,1.6,1131,0
TXN204347,CUST11551,2026-08-28,9,Grocery,50.61,1,7.1,272,0
TXN204348,CUST11134,2026-07-20,16,Online Retail,92.58,0,5.1,600,0
TXN204349,CUST11520,2026-08-19,8,Electronics,165.45,0,22.2,126,0
TXN204350,CUST10798,2026-08-18,19,Grocery,60.77,1,5.9,330,0
TXN204351,CUST10124,2026-07-20,14,Grocery,181.13,0,11.6,39,0
TXN204352,CUST11114,2026-07-19,8,Fuel,100.93,0,12.9,114,0
TXN204353,CUST10034,2026-08-16,14,Travel,466.74,0,15.9,159,0
TXN204354,CUST11806,2026-08-04,18,Electronics,1136.39,0,4.7,38,0
TXN204355,CUST10472,2026-09-07,17,Grocery,28.91,0,3.8,296,0
TXN204356,CUST11667,2026-09-15,15,Electronics,756.08,0,6.0,217,0
TXN204357,CUST10337,2026-08-24,8,Dining,37.49,0,2.3,70,0
TXN204358,CUST11048,2026-08-26,11,Dining,76.1,0,2.4,353,0
TXN204359,CUST12014,2026-07-20,22,ATM Withdrawal,145.62,0,0.9,48,0
TXN204360,CUST11600,2026-07-10,14,Fuel,37.55,0,2.6,635,0
TXN204361,CUST12026,2026-08-06,18,Online Retail,129.84,0,7.5,734,0
TXN204362,CUST10916,2026-09-13,13,Dining,43.21,0,3.3,271,0
TXN204363,CUST12241,2026-08-07,19,Travel,1086.24,0,7.5,511,1
TXN204364,CUST10042,2026-09-12,10,Electronics,183.85,0,8.1,1347,0
TXN204365,CUST11455,2026-07-04,13,Electronics,372.72,0,10.8,135,0
TXN204366,CUST12479,2026-08-19,18,Online Retail,120.25,0,28.9,536,0
TXN204367,CUST10726,2026-07-23,20,Grocery,35.0,0,9.0,35,0
TXN204368,CUST11228,2026-08-31,14,Fuel,20.05,0,1.3,102,0
TXN204369,CUST10691,2026-08-12,21,Dining,51.2,0,9.7,199,0
TXN204370,CUST11608,2026-09-01,15,Dining,63.65,0,9.9,69,0
TXN204371,CUST11828,2026-09-21,15,Grocery,79.69,0,8.3,482,0
TXN204372,CUST11085,2026-07-31,11,Fuel,192.56,0,17.5,164,0
TXN204373,CUST10666,2026-09-20,12,Dining,44.86,0,14.0,56,0
TXN204374,CUST11504,2026-08-15,8,ATM Withdrawal,541.86,0,15.4,63,0
TXN204375,CUST10512,2026-08-16,15,Online Retail,140.12,0,8.5,10,0
TXN204376,CUST12431,2026-08-04,12,Online Retail,54.54,0,0.6,39,0
TXN204377,CUST11035,2026-08-19,15,Grocery,51.37,0,11.4,52,0
TXN204378,CUST11962,2026-09-01,11,Fuel,68.11,0,10.1,12,0
TXN204379,CUST10541,2026-08-10,14,Grocery,55.93,0,17.3,303,0
TXN204380,CUST12385,2026-08-03,23,Fuel,50.85,0,19.6,276,0
TXN204381,CUST11529,2026-07-28,13,ATM Withdrawal,66.9,1,5.2,175,0
TXN204382,CUST12229,2026-09-23,17,Grocery,32.39,0,13.2,920,0
TXN204383,CUST10714,2026-07-01,16,Dining,104.15,0,14.8,584,0
TXN204384,CUST10439,2026-07-22,7,Online Retail,77.18,0,28.5,206,0
TXN204385,CUST12170,2026-09-18,16,ATM Withdrawal,254.31,0,4.5,443,0
TXN204386,CUST12178,2026-07-13,6,Grocery,112.63,0,1.1,312,0
TXN204387,CUST11679,2026-07-28,19,Online Retail,130.67,1,4.2,489,0
TXN204388,CUST11718,2026-07-10,11,Grocery,23.99,0,16.3,31,0
TXN204389,CUST11779,2026-08-04,11,ATM Withdrawal,163.49,0,10.5,49,0
TXN204390,CUST12075,2026-09-07,10,Grocery,146.87,0,4.3,465,0
TXN204391,CUST10752,2026-08-10,5,Electronics,357.72,1,1.2,222,0
TXN204392,CUST12229,2026-07-13,13,Electronics,307.78,0,39.5,1326,0
TXN204393,CUST11186,2026-07-06,12,Grocery,51.15,0,2.5,487,0
TXN204394,CUST10798,2026-08-31,20,Grocery,8.87,0,1.6,807,0
TXN204395,CUST10897,2026-09-12,15,Dining,14.56,0,21.1,213,0
TXN204396,CUST12414,2026-08-17,8,Online Retail,208.07,0,6.4,466,0
TXN204397,CUST12200,2026-07-03,20,Electronics,439.52,0,1.0,145,0
TXN204398,CUST11950,2026-08-10,12,Electronics,520.15,0,6.7,973,0
TXN204399,CUST12161,2026-07-15,16,Fuel,76.6,0,2.4,44,0
TXN204400,CUST12074,2026-08-15,16,Dining,67.24,0,37.7,19,0
TXN204401,CUST10622,2026-07-07,11,Dining,37.03,0,11.5,26,0
TXN204402,CUST10821,2026-09-02,5,Fuel,73.74,0,6.4,199,0
TXN204403,CUST11008,2026-09-21,7,Dining,52.89,0,3.1,860,0
TXN204404,CUST10337,2026-09-07,11,Online Retail,121.37,0,8.7,188,0
TXN204405,CUST11746,2026-08-22,18,ATM Withdrawal,244.19,0,8.5,408,0
TXN204406,CUST10766,2026-08-13,16,Online Retail,52.34,0,0.3,240,0
TXN204407,CUST11600,2026-07-05,17,Grocery,110.48,0,6.7,343,0
TXN204408,CUST11926,2026-07-25,6,Fuel,31.94,0,6.0,999,0
TXN204409,CUST12052,2026-07-01,5,Dining,100.26,0,35.9,1032,0
TXN204410,CUST12033,2026-08-30,14,Travel,663.93,0,60.4,302,0
TXN204411,CUST11085,2026-08-02,6,ATM Withdrawal,228.81,0,10.1,1707,0
TXN204412,CUST11335,2026-07-02,18,Jewelry,666.76,0,3.5,280,0
TXN204413,CUST12108,2026-07-22,14,Grocery,44.2,0,0.9,247,0
TXN204414,CUST10031,2026-08-19,19,Travel,389.79,0,13.4,70,0
TXN204415,CUST11717,2026-07-26,15,Grocery,46.12,0,4.6,188,0
TXN204416,CUST11935,2026-08-20,12,Fuel,125.62,0,12.6,138,0
TXN204417,CUST12362,2026-07-02,12,Grocery,221.98,0,10.0,209,0
TXN204418,CUST11028,2026-08-13,9,ATM Withdrawal,271.38,0,22.1,132,0
TXN204419,CUST10198,2026-06-29,22,Dining,78.51,0,8.1,466,0
TXN204420,CUST10437,2026-07-10,7,Grocery,44.8,0,16.1,47,0
TXN204421,CUST11840,2026-07-02,15,Fuel,150.34,0,23.5,56,0
TXN204422,CUST11310,2026-07-06,9,Dining,24.65,0,1.5,632,1
TXN204423,CUST11052,2026-09-09,6,ATM Withdrawal,410.74,0,9.3,213,0
TXN204424,CUST10758,2026-07-29,21,Fuel,26.59,0,34.9,217,0
TXN204425,CUST11639,2026-07-04,5,Dining,21.53,0,3.1,359,0
TXN204426,CUST10723,2026-08-03,10,Travel,533.9,0,12.2,653,0
TXN204427,CUST11988,2026-09-06,16,Dining,53.17,0,0.7,343,0
TXN204428,CUST11585,2026-07-05,22,Grocery,90.02,0,35.0,146,0
TXN204429,CUST12389,2026-09-07,13,Grocery,35.83,0,12.2,436,0
TXN204430,CUST12181,2026-08-15,6,Fuel,196.52,0,13.0,465,0
TXN204431,CUST11377,2026-07-16,13,Grocery,110.44,0,9.4,31,0
TXN204432,CUST11178,2026-09-02,16,Jewelry,881.45,0,4.8,515,0
TXN204433,CUST11340,2026-09-24,11,Electronics,399.52,0,4.4,582,0
TXN204434,CUST10437,2026-07-09,11,ATM Withdrawal,105.81,0,1.9,391,0
TXN204435,CUST12019,2026-09-09,19,Grocery,63.78,0,0.2,114,0
TXN204436,CUST10526,2026-07-25,19,Dining,76.2,0,4.5,443,0
TXN204437,CUST11604,2026-08-07,12,Grocery,56.68,0,0.7,389,0
TXN204438,CUST11033,2026-09-05,17,Grocery,27.71,0,2.9,46,0
TXN204439,CUST12335,2026-09-24,13,Grocery,36.73,0,21.1,778,0
TXN204440,CUST11770,2026-09-19,3,Electronics,237.01,0,7.5,72,1
TXN204441,CUST11356,2026-07-16,17,Online Retail,101.75,0,1.1,472,0
TXN204442,CUST11142,2026-07-18,7,Online Retail,286.0,0,17.5,670,0
TXN204443,CUST10824,2026-08-19,4,Electronics,441.79,0,7.3,779,0
TXN204444,CUST11297,2026-08-06,16,Grocery,54.06,0,3.0,167,0
TXN204445,CUST11266,2026-09-16,16,Online Retail,171.61,0,4.6,169,0
TXN204446,CUST10595,2026-09-08,15,Dining,143.93,0,21.9,457,0
TXN204447,CUST11879,2026-08-27,17,Electronics,764.22,0,34.0,13,0
TXN204448,CUST10597,2026-09-24,16,Travel,822.55,0,4.6,587,0
TXN204449,CUST10811,2026-09-07,17,Dining,40.39,0,1.3,393,0
TXN204450,CUST10976,2026-07-22,14,Fuel,31.86,0,0.3,1585,0
TXN204451,CUST11099,2026-07-22,16,Dining,201.38,0,4.4,383,0
TXN204452,CUST11319,2026-09-05,6,Grocery,33.75,0,8.4,141,0
TXN204453,CUST12133,2026-08-24,11,Dining,140.37,0,2.9,48,0
TXN204454,CUST10784,2026-07-02,20,ATM Withdrawal,97.12,0,0.5,898,0
TXN204455,CUST11339,2026-08-25,23,Grocery,36.55,0,0.0,1091,0
TXN204456,CUST10719,2026-08-27,20,Dining,21.12,0,9.5,693,0
TXN204457,CUST10654,2026-06-29,13,Electronics,317.13,0,6.2,519,0
TXN204458,CUST11576,2026-09-03,9,Travel,506.32,0,6.9,5,0
TXN204459,CUST10981,2026-09-26,12,Dining,115.93,0,9.1,113,0
TXN204460,CUST10879,2026-07-25,16,Online Retail,81.82,0,2.2,1205,0
TXN204461,CUST10156,2026-08-14,12,Dining,208.6,0,9.7,582,0
TXN204462,CUST10207,2026-09-14,14,Travel,353.2,1,27.3,5,0
TXN204463,CUST10448,2026-07-20,23,Jewelry,846.71,0,4.8,543,0
TXN204464,CUST12221,2026-08-05,17,ATM Withdrawal,531.89,0,18.6,2225,0
TXN204465,CUST10418,2026-08-21,21,Online Retail,118.37,0,6.8,350,0
TXN204466,CUST11531,2026-07-19,1,Dining,69.09,0,14.1,176,0
TXN204467,CUST12019,2026-07-15,15,Dining,59.35,0,18.1,272,0
TXN204468,CUST10579,2026-07-05,18,Dining,80.48,0,1.1,377,0
TXN204469,CUST12482,2026-08-21,15,ATM Withdrawal,248.63,0,3.7,5,0
TXN204470,CUST11284,2026-09-22,12,Online Retail,136.63,0,6.8,86,0
TXN204471,CUST12082,2026-07-01,19,Fuel,35.57,0,22.0,292,0
TXN204472,CUST10627,2026-09-13,9,ATM Withdrawal,181.44,0,0.8,898,0
TXN204473,CUST12098,2026-07-31,12,Grocery,47.68,0,8.8,5,0
TXN204474,CUST12489,2026-08-19,16,Travel,197.28,0,0.8,233,0
TXN204475,CUST11058,2026-07-22,12,Electronics,666.53,0,19.0,160,0
TXN204476,CUST11727,2026-09-05,11,Dining,223.82,0,19.4,197,0
TXN204477,CUST10679,2026-07-10,9,Dining,76.79,1,2.2,377,0
TXN204478,CUST11152,2026-07-05,20,Grocery,66.9,0,4.2,1659,0
TXN204479,CUST11542,2026-08-08,8,Grocery,75.56,0,5.0,358,0
TXN204480,CUST11895,2026-08-27,12,Dining,35.23,0,24.4,184,0
TXN204481,CUST12427,2026-08-07,10,Dining,93.36,0,5.7,556,0
TXN204482,CUST11266,2026-08-30,12,Dining,46.68,0,10.1,766,0
TXN204483,CUST11056,2026-07-16,15,Fuel,123.1,0,2.4,50,0
TXN204484,CUST11618,2026-09-22,8,Fuel,62.74,0,2.6,55,0
TXN204485,CUST11547,2026-07-11,19,Grocery,46.79,0,3.3,272,0
TXN204486,CUST10205,2026-07-31,8,Grocery,20.02,0,28.2,525,0
TXN204487,CUST11394,2026-08-26,14,Online Retail,93.35,0,3.1,73,0
TXN204488,CUST11632,2026-08-28,22,Jewelry,496.88,0,3.1,188,0
TXN204489,CUST10848,2026-08-28,15,Fuel,89.17,0,0.7,332,0
TXN204490,CUST12129,2026-07-14,23,Electronics,199.6,0,39.5,244,0
TXN204491,CUST10277,2026-08-22,11,Dining,80.55,0,10.9,177,0
TXN204492,CUST10003,2026-09-14,15,Grocery,32.9,1,2.4,12,0
TXN204493,CUST11314,2026-09-01,0,Dining,29.3,0,6.9,729,0
TXN204494,CUST11721,2026-08-21,11,Dining,65.5,0,6.1,139,0
TXN204495,CUST10631,2026-09-10,20,Dining,39.74,0,8.4,535,0
TXN204496,CUST10035,2026-08-30,16,Online Retail,112.3,0,10.8,211,0
TXN204497,CUST11286,2026-09-04,16,Online Retail,33.05,0,1.2,810,0
TXN204498,CUST12079,2026-07-24,14,Electronics,591.16,0,3.9,608,0
TXN204499,CUST11112,2026-09-09,13,Grocery,64.77,0,2.5,90,0
TXN204500,CUST10346,2026-08-27,9,Fuel,47.5,0,0.0,1730,0
TXN204501,CUST11726,2026-08-29,16,Grocery,21.69,0,0.9,325,0
TXN204502,CUST11029,2026-07-02,6,Dining,81.88,0,0.9,284,0
TXN204503,CUST10193,2026-07-29,14,Grocery,36.16,0,0.7,168,0
TXN204504,CUST11629,2026-08-02,18,Dining,36.91,0,2.5,305,0
TXN204505,CUST11865,2026-07-31,11,ATM Withdrawal,156.73,0,2.4,277,0
TXN204506,CUST12029,2026-07-17,11,Dining,68.34,0,2.1,635,0
TXN204507,CUST11327,2026-07-10,16,Dining,88.81,0,18.5,43,0
TXN204508,CUST12195,2026-09-26,9,Online Retail,264.66,0,45.5,840,0
TXN204509,CUST11006,2026-08-02,13,Electronics,388.34,0,4.3,5,0
TXN204510,CUST10240,2026-07-07,7,Travel,240.83,0,4.7,793,0
TXN204511,CUST11295,2026-09-20,18,ATM Withdrawal,68.44,0,9.1,924,0
TXN204512,CUST11148,2026-08-04,16,Grocery,39.11,0,5.0,467,0
TXN204513,CUST11847,2026-08-02,16,Online Retail,150.13,0,1.9,485,0
TXN204514,CUST11253,2026-08-23,10,Grocery,32.79,0,0.0,638,0
TXN204515,CUST12119,2026-08-05,18,Jewelry,1589.12,0,19.2,412,1
TXN204516,CUST12320,2026-09-09,17,Grocery,22.96,0,9.3,260,0
TXN204517,CUST10245,2026-08-29,13,Dining,56.76,0,31.1,156,0
TXN204518,CUST11244,2026-08-29,6,Grocery,21.89,0,3.6,315,0
TXN204519,CUST11063,2026-09-11,14,Fuel,276.29,1,5.1,20,0
TXN204520,CUST11895,2026-07-11,10,ATM Withdrawal,232.14,0,7.8,915,0
TXN204521,CUST11246,2026-09-01,7,Jewelry,924.98,0,10.0,80,0
TXN204522,CUST10111,2026-07-06,17,Online Retail,55.12,0,7.1,342,0
TXN204523,CUST12319,2026-07-26,13,Fuel,63.14,0,8.1,145,0
TXN204524,CUST10417,2026-09-18,14,Electronics,239.04,0,14.7,54,0
TXN204525,CUST10037,2026-07-07,16,Grocery,56.69,0,2.2,910,0
TXN204526,CUST11373,2026-08-28,8,Fuel,21.74,0,20.0,794,0
TXN204527,CUST11152,2026-08-28,5,Travel,200.31,0,12.9,112,0
TXN204528,CUST10834,2026-07-28,17,Dining,46.15,0,12.4,1600,0
TXN204529,CUST11586,2026-08-24,9,Grocery,60.1,0,5.0,282,0
TXN204530,CUST12435,2026-08-03,16,Grocery,58.74,0,22.3,155,0
TXN204531,CUST10120,2026-07-01,13,Travel,318.13,0,8.2,570,0
TXN204532,CUST11400,2026-07-01,14,Electronics,784.31,0,32.8,1041,0
TXN204533,CUST11247,2026-07-18,15,Jewelry,382.01,0,0.0,28,0
TXN204534,CUST12153,2026-08-14,13,Electronics,173.94,0,14.8,266,0
TXN204535,CUST10913,2026-08-24,7,Fuel,68.35,0,2.7,103,0
TXN204536,CUST11962,2026-07-08,6,Fuel,35.35,0,2.0,213,0
TXN204537,CUST10595,2026-07-05,16,Dining,82.63,0,6.6,33,0
TXN204538,CUST10902,2026-07-07,3,Dining,22.89,0,15.4,191,0
TXN204539,CUST10669,2026-08-30,14,Jewelry,981.53,0,8.3,250,0
TXN204540,CUST11294,2026-07-18,17,Electronics,445.29,0,10.6,143,0
TXN204541,CUST11037,2026-08-20,7,Fuel,211.7,0,11.8,116,0
TXN204542,CUST11854,2026-07-15,5,Online Retail,35.96,0,0.1,713,0
TXN204543,CUST11143,2026-09-13,8,Online Retail,86.34,0,3.5,1110,0
TXN204544,CUST10138,2026-08-10,7,ATM Withdrawal,575.75,0,4.2,973,0
TXN204545,CUST10347,2026-09-22,18,Fuel,47.19,0,4.1,424,0
TXN204546,CUST10655,2026-07-29,15,Online Retail,179.12,0,0.7,318,0
TXN204547,CUST11820,2026-07-31,10,Online Retail,128.2,0,7.3,664,0
TXN204548,CUST12415,2026-08-27,12,Electronics,291.29,0,10.0,173,0
TXN204549,CUST12395,2026-07-20,13,Online Retail,78.84,0,1.7,5,0
TXN204550,CUST11934,2026-07-16,14,Grocery,35.13,0,2.4,335,0
TXN204551,CUST10042,2026-09-22,19,Electronics,236.86,0,4.7,344,0
TXN204552,CUST10279,2026-07-20,17,Grocery,105.88,0,12.9,77,0
TXN204553,CUST10986,2026-08-24,14,Online Retail,196.54,0,1.8,72,0
TXN204554,CUST12167,2026-09-02,18,Online Retail,285.74,1,6.9,266,0
TXN204555,CUST11249,2026-08-30,12,Grocery,55.66,0,23.9,57,0
TXN204556,CUST10108,2026-07-08,18,Electronics,272.35,0,1.9,841,0
TXN204557,CUST12384,2026-08-30,15,Dining,32.69,0,0.9,111,0
TXN204558,CUST12468,2026-09-14,9,Grocery,41.74,0,11.1,314,0
TXN204559,CUST10636,2026-08-30,14,Dining,65.15,0,4.6,307,0
TXN204560,CUST10128,2026-09-11,17,Electronics,288.26,0,12.2,95,0
TXN204561,CUST11469,2026-09-20,12,Grocery,31.19,0,8.9,517,0
TXN204562,CUST10604,2026-08-06,9,Fuel,36.74,0,3.0,817,0
TXN204563,CUST12391,2026-07-16,23,Dining,33.3,0,20.1,575,0
TXN204564,CUST10321,2026-08-09,13,Online Retail,241.98,0,0.7,210,0
TXN204565,CUST10819,2026-08-04,8,Travel,484.28,0,8.8,34,0
TXN204566,CUST11005,2026-08-14,6,Travel,604.22,0,11.6,138,0
TXN204567,CUST11586,2026-07-18,19,Fuel,27.31,0,3.2,704,0
TXN204568,CUST11137,2026-09-17,18,Jewelry,1035.89,0,21.0,220,0
TXN204569,CUST10735,2026-08-31,12,Electronics,661.3,0,5.8,56,0
TXN204570,CUST12469,2026-07-02,20,Electronics,248.6,0,0.8,677,0
TXN204571,CUST11181,2026-07-06,18,Grocery,49.44,0,6.5,330,0
TXN204572,CUST10430,2026-09-05,5,Online Retail,154.49,0,4.1,574,0
TXN204573,CUST11207,2026-07-31,15,Grocery,16.35,0,11.5,108,0
TXN204574,CUST11153,2026-08-31,20,Online Retail,68.06,0,26.2,18,0
TXN204575,CUST12019,2026-06-30,14,Travel,1222.31,0,1.1,25,0
TXN204576,CUST10640,2026-09-24,16,Grocery,17.78,0,8.2,1274,0
TXN204577,CUST10444,2026-09-17,18,Grocery,89.68,0,2.7,376,0
TXN204578,CUST10163,2026-09-07,21,Dining,73.1,0,5.2,47,0
TXN204579,CUST11250,2026-09-07,16,ATM Withdrawal,165.82,0,5.6,416,0
TXN204580,CUST10226,2026-08-23,17,Electronics,918.47,0,1.5,254,0
TXN204581,CUST12225,2026-08-14,16,Dining,25.7,0,1.5,221,1
TXN204582,CUST10814,2026-08-08,7,Grocery,11.1,0,6.5,31,0
TXN204583,CUST11109,2026-08-29,19,Jewelry,867.49,0,23.1,53,0
TXN204584,CUST11011,2026-07-25,17,Travel,810.41,0,11.5,420,0
TXN204585,CUST11068,2026-08-18,6,Travel,217.13,1,0.1,1290,0
TXN204586,CUST12409,2026-08-19,19,Online Retail,64.77,0,2.4,112,0
TXN204587,CUST11607,2026-07-02,12,Dining,66.43,0,18.4,971,0
TXN204588,CUST12155,2026-08-29,14,Grocery,51.75,0,13.7,10,0
TXN204589,CUST11717,2026-07-25,17,Travel,382.64,0,3.7,345,0
TXN204590,CUST11380,2026-08-21,15,Online Retail,188.64,0,30.5,175,0
TXN204591,CUST10449,2026-07-29,21,Grocery,38.34,0,8.4,396,0
TXN204592,CUST12087,2026-08-02,16,Dining,29.28,0,4.7,101,0
TXN204593,CUST11339,2026-07-24,20,Grocery,38.28,0,1.9,136,0
TXN204594,CUST10263,2026-09-05,8,Electronics,524.77,1,0.7,1046,0
TXN204595,CUST11971,2026-09-01,13,Electronics,133.54,0,10.5,196,0
TXN204596,CUST11626,2026-08-17,8,Online Retail,63.63,0,23.5,355,0
TXN204597,CUST10160,2026-09-20,15,ATM Withdrawal,264.04,0,3.0,420,0
TXN204598,CUST10851,2026-07-31,12,Online Retail,172.19,0,6.3,552,0
TXN204599,CUST12291,2026-07-26,11,Fuel,30.65,0,4.1,1161,0
TXN204600,CUST11611,2026-08-17,15,Travel,249.05,0,7.7,476,0
TXN204601,CUST11836,2026-07-22,15,ATM Withdrawal,111.96,0,13.1,400,0
TXN204602,CUST11931,2026-08-18,6,Online Retail,133.89,0,24.8,487,0
TXN204603,CUST11512,2026-07-09,9,Electronics,878.5,0,20.8,496,0
TXN204604,CUST12462,2026-08-03,8,Dining,100.53,0,27.6,135,0
TXN204605,CUST12342,2026-09-23,11,Dining,46.39,0,15.2,84,0
TXN204606,CUST10302,2026-08-27,20,Grocery,9.91,0,9.9,354,0
TXN204607,CUST11325,2026-08-31,22,Online Retail,155.91,0,13.2,1119,0
TXN204608,CUST10820,2026-07-17,10,Online Retail,126.84,0,19.7,24,0
TXN204609,CUST11238,2026-08-22,9,Grocery,30.79,0,15.3,590,0
TXN204610,CUST11452,2026-09-26,19,Grocery,92.58,0,1.8,735,0
TXN204611,CUST11186,2026-09-22,15,ATM Withdrawal,188.04,1,1.2,207,0
TXN204612,CUST10794,2026-08-09,18,Online Retail,223.61,0,2.5,2204,0
TXN204613,CUST10429,2026-07-05,17,Grocery,51.96,0,1.0,1105,0
TXN204614,CUST10897,2026-08-08,21,Online Retail,68.19,1,1.2,632,0
TXN204615,CUST10691,2026-09-01,14,Electronics,280.18,0,2.9,64,0
TXN204616,CUST11689,2026-07-21,11,ATM Withdrawal,181.48,0,4.5,43,0
TXN204617,CUST12220,2026-09-11,12,Electronics,643.27,0,4.3,268,0
TXN204618,CUST10526,2026-08-31,11,Fuel,70.22,0,3.7,81,0
TXN204619,CUST12376,2026-08-13,12,Grocery,66.21,0,3.6,44,0
TXN204620,CUST10716,2026-07-16,19,Electronics,194.1,0,8.9,218,0
TXN204621,CUST11765,2026-08-24,12,Fuel,57.45,0,15.1,351,0
TXN204622,CUST11356,2026-09-08,20,Fuel,30.78,0,2.0,200,0
TXN204623,CUST11691,2026-08-25,16,Online Retail,182.65,0,0.0,86,0
TXN204624,CUST12047,2026-09-24,13,Online Retail,67.98,0,5.3,409,0
TXN204625,CUST11942,2026-08-21,12,Dining,87.67,0,1.6,415,0
TXN204626,CUST12111,2026-08-26,9,Grocery,59.11,0,8.5,112,0
TXN204627,CUST11103,2026-07-11,16,Fuel,147.14,0,11.5,1193,0
TXN204628,CUST12236,2026-09-10,23,Online Retail,118.71,0,7.1,586,0
TXN204629,CUST10565,2026-07-03,16,Fuel,34.11,0,1.8,90,0
TXN204630,CUST10193,2026-07-07,14,Electronics,212.41,0,5.4,55,0
TXN204631,CUST10369,2026-08-17,16,Grocery,62.22,0,2.1,212,0
TXN204632,CUST10512,2026-09-02,21,Grocery,86.14,0,1.2,9,0
TXN204633,CUST11957,2026-08-11,14,Grocery,18.39,0,2.3,431,0
TXN204634,CUST10397,2026-07-16,12,Grocery,181.57,0,0.6,328,0
TXN204635,CUST10474,2026-08-12,7,Jewelry,998.24,0,3.5,1637,0
TXN204636,CUST12425,2026-07-08,6,Grocery,53.74,0,0.1,51,0
TXN204637,CUST11987,2026-07-11,15,Electronics,300.23,0,10.6,1309,0
TXN204638,CUST10033,2026-08-04,13,Online Retail,78.86,0,6.7,677,0
TXN204639,CUST12430,2026-07-04,6,Electronics,149.55,0,14.2,121,0
TXN204640,CUST12251,2026-07-21,10,Electronics,516.03,0,0.8,127,0
TXN204641,CUST11006,2026-07-23,16,Fuel,97.62,0,1.0,507,0
TXN204642,CUST10772,2026-09-04,11,Grocery,45.25,0,12.7,341,0
TXN204643,CUST11133,2026-08-13,8,Electronics,199.89,0,20.2,508,0
TXN204644,CUST11644,2026-08-30,19,Online Retail,200.27,0,18.3,575,0
TXN204645,CUST12326,2026-08-09,15,Fuel,53.33,0,3.4,258,0
TXN204646,CUST10093,2026-09-19,15,Online Retail,117.31,0,7.3,563,0
TXN204647,CUST10168,2026-09-04,12,Fuel,37.57,0,12.2,515,0
TXN204648,CUST11447,2026-09-20,11,Fuel,42.93,0,9.9,194,0
TXN204649,CUST11090,2026-09-11,8,Online Retail,209.17,0,6.6,913,0
TXN204650,CUST11327,2026-08-16,15,Online Retail,74.55,0,0.5,224,0
TXN204651,CUST12016,2026-07-05,11,Grocery,15.74,0,12.0,1228,0
TXN204652,CUST11873,2026-08-08,19,Online Retail,55.09,0,0.2,100,0
TXN204653,CUST10195,2026-09-13,18,Fuel,95.62,0,0.5,131,0
TXN204654,CUST11467,2026-07-16,14,Grocery,40.84,0,3.0,1039,0
TXN204655,CUST10713,2026-07-14,17,Travel,516.96,0,0.0,83,0
TXN204656,CUST11764,2026-08-24,17,Online Retail,250.8,0,2.9,1220,0
TXN204657,CUST10829,2026-07-07,9,Fuel,44.53,1,4.6,43,0
TXN204658,CUST12079,2026-09-10,10,Dining,52.79,0,10.4,685,0
TXN204659,CUST12044,2026-07-09,16,Online Retail,82.36,0,1.7,437,0
TXN204660,CUST11103,2026-08-05,16,Online Retail,91.53,0,0.9,376,0
TXN204661,CUST11711,2026-07-30,16,Grocery,15.05,1,0.6,208,0
TXN204662,CUST10285,2026-08-25,15,Fuel,57.02,0,3.8,598,0
TXN204663,CUST10528,2026-08-14,16,Grocery,31.95,0,8.0,495,0
TXN204664,CUST12058,2026-08-06,16,Travel,790.68,0,18.7,937,0
TXN204665,CUST10308,2026-07-25,17,Online Retail,144.4,0,7.5,160,0
TXN204666,CUST11022,2026-08-25,7,ATM Withdrawal,261.03,0,3.2,116,0
TXN204667,CUST10587,2026-07-19,15,ATM Withdrawal,278.75,0,14.8,409,0
TXN204668,CUST12318,2026-07-02,17,Grocery,38.85,0,5.7,366,0
TXN204669,CUST11729,2026-08-24,16,Travel,449.64,0,2.1,314,0
TXN204670,CUST12182,2026-07-08,18,Fuel,182.76,0,9.0,40,0
TXN204671,CUST11659,2026-08-08,19,Electronics,344.73,0,4.3,58,0
TXN204672,CUST11019,2026-09-13,16,Online Retail,101.83,0,1.5,151,0
TXN204673,CUST10259,2026-08-05,17,Dining,46.58,0,2.7,221,0
TXN204674,CUST10838,2026-09-25,16,Electronics,367.37,0,1.9,599,0
TXN204675,CUST11531,2026-07-22,16,Dining,52.49,0,5.5,125,0
TXN204676,CUST12200,2026-09-25,1,Electronics,395.9,0,1.3,68,0
TXN204677,CUST10041,2026-09-23,11,Electronics,314.59,0,8.3,451,0
TXN204678,CUST11980,2026-07-15,21,Travel,894.16,0,2.6,139,0
TXN204679,CUST10017,2026-09-04,13,Grocery,47.59,0,2.0,225,0
TXN204680,CUST12265,2026-07-04,15,Online Retail,142.9,0,15.2,164,0
TXN204681,CUST11746,2026-09-18,17,Dining,99.71,0,15.1,286,0
TXN204682,CUST12098,2026-09-16,17,Dining,135.73,0,2.9,83,0
TXN204683,CUST11366,2026-09-05,14,Travel,290.58,0,5.6,242,0
TXN204684,CUST12138,2026-07-03,12,ATM Withdrawal,208.73,0,15.3,1080,0
TXN204685,CUST11578,2026-09-01,13,Online Retail,69.64,1,0.1,205,0
TXN204686,CUST11793,2026-08-01,16,Grocery,52.53,0,5.1,971,0
TXN204687,CUST10344,2026-07-31,8,Online Retail,50.4,0,3.2,106,0
TXN204688,CUST12276,2026-07-14,12,Jewelry,424.03,0,5.8,70,0
TXN204689,CUST10233,2026-08-20,16,Dining,143.27,0,26.5,734,0
TXN204690,CUST10016,2026-09-20,16,Travel,1115.81,0,6.7,149,0
TXN204691,CUST10200,2026-09-15,16,ATM Withdrawal,71.37,0,3.5,215,0
TXN204692,CUST12370,2026-09-16,12,Electronics,154.52,0,4.6,621,0
TXN204693,CUST10020,2026-08-16,12,Jewelry,838.09,0,3.4,332,0
TXN204694,CUST11402,2026-07-18,6,Online Retail,123.34,0,7.7,34,0
TXN204695,CUST10938,2026-09-26,14,Grocery,36.71,0,0.4,801,0
TXN204696,CUST10534,2026-08-25,21,Dining,35.9,0,0.4,242,0
TXN204697,CUST12063,2026-07-09,18,Grocery,42.02,0,1.7,321,0
TXN204698,CUST10981,2026-09-24,6,Fuel,96.64,0,6.7,475,0
TXN204699,CUST11103,2026-07-21,14,Grocery,210.95,0,2.5,83,0
TXN204700,CUST10290,2026-09-16,11,Online Retail,39.98,0,2.1,221,0
TXN204701,CUST10534,2026-08-11,16,Dining,22.22,0,3.7,402,0
TXN204702,CUST11162,2026-07-10,12,Grocery,51.53,0,10.0,989,0
TXN204703,CUST10057,2026-09-24,13,Grocery,53.18,1,4.3,566,0
TXN204704,CUST11510,2026-09-24,16,Grocery,37.84,0,1.0,15,0
TXN204705,CUST10429,2026-08-07,20,Grocery,69.71,0,12.4,905,0
TXN204706,CUST12264,2026-07-02,5,Online Retail,219.58,0,8.2,190,0
TXN204707,CUST11102,2026-07-28,14,Grocery,44.01,0,24.6,23,0
TXN204708,CUST11376,2026-07-29,18,Fuel,257.1,0,12.6,108,0
TXN204709,CUST10517,2026-09-25,23,Online Retail,150.1,0,4.8,223,0
TXN204710,CUST12247,2026-08-08,8,Fuel,84.11,0,7.7,303,0
TXN204711,CUST12186,2026-08-24,18,Grocery,26.11,0,19.0,499,0
TXN204712,CUST10272,2026-09-01,15,Dining,71.54,0,10.2,667,0
TXN204713,CUST10205,2026-09-15,16,Travel,1275.92,0,24.3,193,1
TXN204714,CUST10927,2026-09-01,13,Dining,46.55,0,0.4,681,0
TXN204715,CUST12490,2026-07-31,12,Jewelry,1672.43,0,3.1,1338,0
TXN204716,CUST10884,2026-09-10,12,Electronics,129.99,0,15.9,736,0
TXN204717,CUST12236,2026-08-29,20,Fuel,86.72,0,27.7,227,0
TXN204718,CUST11598,2026-06-29,12,Grocery,22.57,0,14.2,599,0
TXN204719,CUST10930,2026-09-01,3,Online Retail,130.09,0,10.8,165,0
TXN204720,CUST10467,2026-09-17,16,Grocery,77.2,0,16.8,5,0
TXN204721,CUST11674,2026-07-26,13,Electronics,1188.38,0,10.1,122,0
TXN204722,CUST10198,2026-08-21,8,Online Retail,64.0,0,0.3,104,0
TXN204723,CUST10493,2026-08-19,17,Online Retail,164.73,0,1.2,625,0
TXN204724,CUST11404,2026-08-30,10,Travel,106.95,0,8.3,564,0
TXN204725,CUST10252,2026-09-20,18,Fuel,26.86,0,4.4,474,0
TXN204726,CUST10130,2026-08-02,11,Fuel,117.98,0,12.5,59,0
TXN204727,CUST11130,2026-08-24,18,Grocery,62.41,0,1.4,301,0
TXN204728,CUST12420,2026-07-21,9,Grocery,57.0,0,7.1,247,0
TXN204729,CUST11277,2026-07-30,14,Electronics,578.25,0,2.6,64,0
TXN204730,CUST12245,2026-07-24,12,Dining,83.12,0,11.6,206,0
TXN204731,CUST12259,2026-09-23,14,ATM Withdrawal,190.43,0,4.1,286,0
TXN204732,CUST10861,2026-08-10,10,Online Retail,64.43,1,16.6,532,0
TXN204733,CUST11899,2026-07-29,16,Electronics,672.5,0,4.9,724,0
TXN204734,CUST11091,2026-08-29,9,Grocery,95.17,0,11.6,251,0
TXN204735,CUST11953,2026-07-11,10,Dining,42.0,0,0.3,546,0
TXN204736,CUST12472,2026-08-11,4,Dining,55.18,0,9.2,841,0
TXN204737,CUST10586,2026-07-10,13,Grocery,69.54,0,0.8,100,0
TXN204738,CUST10228,2026-09-10,14,Online Retail,203.26,0,7.8,295,0
TXN204739,CUST11976,2026-08-30,9,Electronics,848.93,0,10.2,80,0
TXN204740,CUST12476,2026-07-06,23,Jewelry,2708.77,0,1.6,1696,0
TXN204741,CUST12148,2026-08-10,14,Fuel,94.64,0,13.8,510,0
TXN204742,CUST10118,2026-07-17,12,Travel,429.5,0,11.6,216,0
TXN204743,CUST10152,2026-07-10,9,Online Retail,238.62,0,8.9,154,0
TXN204744,CUST11879,2026-08-11,14,Grocery,56.8,0,0.7,262,0
TXN204745,CUST10880,2026-09-11,22,Grocery,57.41,0,7.7,2341,0
TXN204746,CUST11379,2026-08-14,7,Online Retail,136.52,0,5.4,389,0
TXN204747,CUST12487,2026-07-24,13,Grocery,23.26,0,18.5,75,0
TXN204748,CUST11503,2026-08-05,16,Online Retail,62.94,0,1.5,1214,0
TXN204749,CUST11363,2026-07-06,14,Dining,117.7,0,0.5,268,0
TXN204750,CUST12485,2026-09-07,13,Electronics,1377.21,0,2.2,153,0
TXN204751,CUST11298,2026-09-15,12,Electronics,407.02,0,3.0,47,0
TXN204752,CUST10699,2026-08-22,14,ATM Withdrawal,282.86,0,24.8,80,0
TXN204753,CUST11311,2026-09-26,4,Grocery,108.54,0,6.1,387,0
TXN204754,CUST10823,2026-08-14,19,Travel,417.58,0,8.8,53,0
TXN204755,CUST11449,2026-08-31,19,ATM Withdrawal,523.92,0,10.9,413,0
TXN204756,CUST10562,2026-09-25,14,Grocery,63.23,0,11.9,208,0
TXN204757,CUST10368,2026-07-08,16,ATM Withdrawal,172.88,0,8.8,461,0
TXN204758,CUST11077,2026-08-13,11,Online Retail,85.1,1,6.2,169,0
TXN204759,CUST10945,2026-07-07,17,Grocery,34.52,0,2.1,312,0
TXN204760,CUST11490,2026-08-23,10,Fuel,126.71,0,27.3,598,0
TXN204761,CUST11177,2026-07-31,22,Electronics,741.49,0,8.9,43,0
TXN204762,CUST11888,2026-07-09,9,Electronics,276.95,0,7.1,38,0
TXN204763,CUST11322,2026-08-18,8,Online Retail,225.33,0,5.9,146,1
TXN204764,CUST10925,2026-09-16,9,Fuel,102.21,0,1.0,266,0
TXN204765,CUST12470,2026-09-13,10,Electronics,279.47,0,3.7,57,0
TXN204766,CUST12115,2026-07-18,14,Online Retail,83.77,0,16.5,59,0
TXN204767,CUST10111,2026-09-06,13,Online Retail,60.93,0,0.4,1776,0
TXN204768,CUST11449,2026-08-30,10,Online Retail,173.49,0,5.9,709,0
TXN204769,CUST12257,2026-09-01,15,Travel,194.87,0,1.0,23,0
TXN204770,CUST10457,2026-07-31,12,Dining,72.07,0,14.7,159,0
TXN204771,CUST10929,2026-07-15,7,Fuel,73.89,0,3.7,18,0
TXN204772,CUST10165,2026-07-07,7,Online Retail,181.71,0,7.6,11,0
TXN204773,CUST10097,2026-09-23,9,Fuel,102.14,0,2.3,95,0
TXN204774,CUST11194,2026-07-08,13,Grocery,23.2,0,23.1,115,0
TXN204775,CUST10542,2026-07-10,12,Grocery,82.22,0,5.9,181,0
TXN204776,CUST11066,2026-09-15,10,Dining,148.45,0,7.8,50,0
TXN204777,CUST11894,2026-07-26,11,ATM Withdrawal,585.72,0,0.4,29,0
TXN204778,CUST12152,2026-07-24,18,Online Retail,271.41,0,3.4,499,0
TXN204779,CUST11709,2026-08-27,22,Fuel,64.64,0,10.3,414,0
TXN204780,CUST11364,2026-08-10,10,Online Retail,124.66,0,0.2,369,0
TXN204781,CUST10876,2026-09-08,7,Fuel,44.07,0,2.6,768,0
TXN204782,CUST10455,2026-08-27,3,Dining,147.02,0,16.6,86,0
TXN204783,CUST12194,2026-08-29,23,Grocery,32.97,0,5.2,849,0
TXN204784,CUST11231,2026-07-22,10,Fuel,122.56,0,2.3,16,0
TXN204785,CUST10633,2026-07-17,13,Electronics,475.51,0,0.4,502,0
TXN204786,CUST12162,2026-08-19,12,Grocery,86.29,0,6.7,714,0
TXN204787,CUST12220,2026-07-27,18,Fuel,54.67,0,1.5,44,0
TXN204788,CUST11788,2026-09-25,5,Grocery,300.53,0,2.9,539,0
TXN204789,CUST12128,2026-09-16,16,Online Retail,46.73,0,12.4,1112,0
TXN204790,CUST10060,2026-08-23,12,Fuel,41.67,0,5.5,136,0
TXN204791,CUST12077,2026-08-03,17,Dining,33.57,0,1.7,165,0
TXN204792,CUST10306,2026-09-25,11,Grocery,34.8,0,14.2,70,0
TXN204793,CUST10401,2026-07-18,9,Fuel,28.98,0,7.9,350,0
TXN204794,CUST10202,2026-08-02,12,Online Retail,64.62,0,4.9,226,0
TXN204795,CUST10282,2026-08-27,6,Grocery,51.27,0,15.7,596,0
TXN204796,CUST10579,2026-07-18,9,Online Retail,167.88,0,2.6,354,0
TXN204797,CUST11049,2026-09-03,8,Grocery,87.5,0,10.7,1074,0
TXN204798,CUST10267,2026-07-23,23,Online Retail,136.71,0,1.8,567,0
TXN204799,CUST10105,2026-09-11,8,Electronics,194.16,0,2.7,36,0
TXN204800,CUST11926,2026-08-09,22,Dining,37.37,0,6.3,1162,0
TXN204801,CUST12432,2026-09-01,15,Travel,489.63,0,3.9,295,0
TXN204802,CUST11387,2026-08-29,13,Fuel,28.69,0,12.3,31,0
TXN204803,CUST12487,2026-08-20,19,Grocery,92.35,0,3.2,88,0
TXN204804,CUST10630,2026-09-01,9,Fuel,120.93,1,8.3,878,0
TXN204805,CUST11959,2026-09-01,14,Fuel,81.99,0,9.5,705,0
TXN204806,CUST11362,2026-08-15,11,Travel,585.18,0,22.3,592,0
TXN204807,CUST11600,2026-09-18,18,Travel,259.06,0,2.4,366,0
TXN204808,CUST11097,2026-08-14,11,Travel,777.37,0,18.7,1313,0
TXN204809,CUST11216,2026-06-30,14,Online Retail,67.48,0,11.6,286,0
TXN204810,CUST10375,2026-07-07,16,Online Retail,64.63,0,12.2,54,0
TXN204811,CUST11836,2026-08-12,12,Electronics,931.48,0,4.1,12,0
TXN204812,CUST12012,2026-07-13,5,ATM Withdrawal,188.53,0,5.5,708,0
TXN204813,CUST10243,2026-08-03,19,Travel,438.49,0,2.9,34,0
TXN204814,CUST10843,2026-07-05,19,Grocery,56.44,0,7.9,559,0
TXN204815,CUST11125,2026-09-24,19,Grocery,49.97,0,0.7,167,0
TXN204816,CUST11670,2026-09-06,6,Electronics,128.66,0,2.6,520,0
TXN204817,CUST11116,2026-09-21,13,Grocery,40.5,0,3.0,26,0
TXN204818,CUST10044,2026-08-26,13,Jewelry,1349.19,0,5.1,107,0
TXN204819,CUST11804,2026-09-09,12,Electronics,170.58,0,7.7,165,0
TXN204820,CUST11252,2026-07-31,19,Electronics,728.07,0,19.1,1268,0
TXN204821,CUST12492,2026-09-24,16,Fuel,32.78,0,1.4,1800,0
TXN204822,CUST11607,2026-09-11,16,Electronics,148.86,0,7.6,290,0
TXN204823,CUST11478,2026-07-26,12,Electronics,198.24,0,0.5,264,0
TXN204824,CUST11817,2026-07-13,18,Grocery,29.36,0,3.8,177,0
TXN204825,CUST11149,2026-08-07,8,Dining,33.9,0,2.0,524,0
TXN204826,CUST10914,2026-08-17,14,Grocery,48.63,0,8.7,60,0
TXN204827,CUST10550,2026-09-11,17,ATM Withdrawal,170.16,0,4.8,1426,1
TXN204828,CUST10178,2026-08-21,11,Online Retail,219.87,0,0.7,111,0
TXN204829,CUST11349,2026-07-17,12,Dining,35.77,0,18.8,239,0
TXN204830,CUST10067,2026-07-18,23,Online Retail,133.26,0,11.2,848,0
TXN204831,CUST10355,2026-06-30,5,Dining,62.09,0,0.8,957,0
TXN204832,CUST11649,2026-09-15,16,Electronics,237.98,0,7.0,482,0
TXN204833,CUST10932,2026-06-29,10,Dining,55.15,0,11.0,817,0
TXN204834,CUST10828,2026-08-13,9,ATM Withdrawal,145.65,0,9.5,108,0
TXN204835,CUST11376,2026-09-15,15,Travel,227.86,0,26.8,644,0
TXN204836,CUST11339,2026-07-03,14,Travel,315.15,0,4.7,244,0
TXN204837,CUST12316,2026-09-10,16,Grocery,11.09,1,7.1,1227,0
TXN204838,CUST12470,2026-07-01,13,Fuel,14.21,0,1.0,409,0
TXN204839,CUST10636,2026-07-26,9,ATM Withdrawal,59.74,0,2.9,168,0
TXN204840,CUST11071,2026-08-28,17,Fuel,45.18,0,0.9,683,0
TXN204841,CUST11030,2026-09-22,7,Online Retail,48.99,0,4.5,108,0
TXN204842,CUST10461,2026-09-23,4,Jewelry,946.94,0,41.2,601,0
TXN204843,CUST10225,2026-09-02,16,Grocery,83.09,0,7.3,504,0
TXN204844,CUST12262,2026-07-29,11,ATM Withdrawal,75.57,0,7.8,260,0
TXN204845,CUST10003,2026-09-01,12,Online Retail,196.18,0,5.2,978,0
TXN204846,CUST11603,2026-09-24,9,Electronics,205.64,0,2.0,320,0
TXN204847,CUST10184,2026-08-10,4,Electronics,323.22,0,2.8,133,0
TXN204848,CUST12192,2026-07-17,5,Jewelry,887.89,0,6.3,268,0
TXN204849,CUST11778,2026-08-06,13,Jewelry,794.56,1,4.3,357,0
TXN204850,CUST10604,2026-08-17,9,Online Retail,31.59,0,7.9,319,0
TXN204851,CUST10918,2026-07-17,18,Online Retail,100.03,0,3.5,1082,0
TXN204852,CUST11536,2026-08-15,17,Online Retail,106.33,0,36.9,2354,0
TXN204853,CUST12247,2026-07-31,19,Grocery,28.33,0,8.9,713,0
TXN204854,CUST11420,2026-09-06,8,Dining,83.77,0,0.7,399,0
TXN204855,CUST11945,2026-06-29,13,Grocery,81.85,0,0.3,14,0
TXN204856,CUST11974,2026-09-23,23,Jewelry,1198.09,0,0.9,63,0
TXN204857,CUST12098,2026-07-17,12,Grocery,32.34,0,0.2,44,0
TXN204858,CUST10932,2026-08-13,4,Online Retail,49.29,0,0.2,392,0
TXN204859,CUST11978,2026-08-25,16,Dining,75.38,0,0.7,491,0
TXN204860,CUST12031,2026-08-28,9,Grocery,41.46,0,1.8,1488,0
TXN204861,CUST11098,2026-07-23,18,Online Retail,332.15,0,4.3,367,0
TXN204862,CUST12159,2026-08-17,14,Dining,40.3,1,9.3,245,0
TXN204863,CUST12238,2026-08-09,11,Dining,48.14,0,2.4,233,0
TXN204864,CUST11719,2026-07-08,12,Electronics,242.66,1,5.0,268,0
TXN204865,CUST10909,2026-07-16,20,Travel,262.92,0,1.2,192,0
TXN204866,CUST11166,2026-07-26,19,Online Retail,250.91,0,10.6,421,0
TXN204867,CUST10108,2026-08-19,13,Dining,149.12,0,13.5,448,1
TXN204868,CUST11688,2026-08-29,14,Electronics,230.9,0,7.4,578,0
TXN204869,CUST10173,2026-08-04,17,Electronics,883.52,0,7.7,72,0
TXN204870,CUST10049,2026-09-10,15,ATM Withdrawal,97.33,0,3.0,604,1
TXN204871,CUST10319,2026-09-21,14,Fuel,81.52,0,10.8,323,0
TXN204872,CUST10520,2026-07-23,7,Dining,54.87,0,10.5,1689,0
TXN204873,CUST12017,2026-09-12,14,ATM Withdrawal,223.4,0,1.0,48,0
TXN204874,CUST10803,2026-07-21,9,ATM Withdrawal,94.81,0,20.2,201,0
TXN204875,CUST12440,2026-08-27,23,Grocery,33.35,0,2.8,195,0
TXN204876,CUST10832,2026-07-15,14,Travel,419.58,0,16.5,20,0
TXN204877,CUST11664,2026-08-19,17,Online Retail,50.96,0,3.8,294,0
TXN204878,CUST10866,2026-07-31,14,Dining,79.23,0,4.0,241,0
TXN204879,CUST10080,2026-09-11,8,Dining,103.5,0,1.7,112,0
TXN204880,CUST11233,2026-09-03,18,Electronics,217.71,0,2.7,295,0
TXN204881,CUST10737,2026-07-21,22,Fuel,44.32,0,1.4,464,0
TXN204882,CUST10299,2026-09-06,17,Fuel,13.51,0,1.1,446,0
TXN204883,CUST11735,2026-09-20,17,Dining,55.96,0,14.7,10,0
TXN204884,CUST11785,2026-09-11,9,Fuel,40.41,0,14.4,547,0
TXN204885,CUST10137,2026-07-10,7,Dining,81.81,0,1.0,133,0
TXN204886,CUST10657,2026-08-16,9,Online Retail,176.8,0,4.9,878,0
TXN204887,CUST12192,2026-09-24,8,Fuel,44.51,0,6.0,31,0
TXN204888,CUST10588,2026-08-21,6,Online Retail,105.23,0,4.0,1247,0
TXN204889,CUST11560,2026-08-16,22,Fuel,36.44,0,0.5,1061,0
TXN204890,CUST11210,2026-09-07,8,Dining,104.25,0,2.4,268,0
TXN204891,CUST12366,2026-09-19,13,Electronics,386.52,0,20.4,70,0
TXN204892,CUST10082,2026-07-19,12,Dining,107.13,1,8.9,793,0
TXN204893,CUST11752,2026-07-06,12,Grocery,83.51,0,2.5,86,0
TXN204894,CUST11539,2026-08-29,11,Grocery,50.75,1,3.6,1326,0
TXN204895,CUST12211,2026-08-20,1,Travel,356.18,0,0.3,298,0
TXN204896,CUST11351,2026-08-16,16,Online Retail,55.3,0,4.3,302,0
TXN204897,CUST12342,2026-09-20,15,Online Retail,108.64,0,1.0,28,0
TXN204898,CUST10116,2026-07-23,16,Jewelry,830.95,0,5.9,118,1
TXN204899,CUST11400,2026-08-24,23,Dining,33.43,0,14.4,485,0
TXN204900,CUST12057,2026-07-08,19,Online Retail,347.63,0,1.1,80,0
TXN204901,CUST10742,2026-09-06,19,Travel,294.99,0,2.8,930,0
TXN204902,CUST10925,2026-09-04,9,Electronics,83.1,0,9.0,358,0
TXN204903,CUST12053,2026-09-23,15,Online Retail,49.62,0,0.9,807,0
TXN204904,CUST10025,2026-08-02,14,Grocery,58.72,0,0.4,386,0
TXN204905,CUST10953,2026-08-29,10,ATM Withdrawal,136.45,0,26.2,123,0
TXN204906,CUST10661,2026-08-24,5,Travel,266.56,0,8.2,58,0
TXN204907,CUST12342,2026-09-13,9,Online Retail,656.84,0,8.4,333,0
TXN204908,CUST10773,2026-07-23,12,Grocery,32.46,0,6.4,759,0
TXN204909,CUST10360,2026-09-01,2,Online Retail,235.0,0,2.5,54,0
TXN204910,CUST12354,2026-07-24,12,Dining,126.72,1,6.8,103,0
TXN204911,CUST11859,2026-08-03,15,Online Retail,198.78,0,7.5,344,0
TXN204912,CUST10432,2026-08-25,11,Dining,51.41,0,8.6,141,0
TXN204913,CUST11181,2026-09-13,21,Dining,86.54,0,4.4,118,0
TXN204914,CUST10868,2026-07-29,14,Travel,330.58,0,5.7,1485,0
TXN204915,CUST10125,2026-07-16,12,Grocery,15.55,0,14.9,814,0
TXN204916,CUST10942,2026-07-03,17,Dining,86.87,0,2.3,496,0
TXN204917,CUST10772,2026-08-03,13,ATM Withdrawal,424.15,0,16.6,322,0
TXN204918,CUST11684,2026-06-29,19,Dining,71.41,0,1.8,1176,0
TXN204919,CUST10255,2026-08-11,6,Dining,57.88,0,3.0,160,0
TXN204920,CUST10709,2026-09-21,17,Grocery,50.89,0,10.0,867,0
TXN204921,CUST11844,2026-08-05,4,Electronics,340.61,0,0.7,593,0
TXN204922,CUST11212,2026-09-07,12,Grocery,30.98,0,23.3,200,0
TXN204923,CUST10954,2026-09-20,8,Dining,46.11,0,18.7,873,0
TXN204924,CUST10818,2026-08-07,21,Fuel,31.94,0,5.1,677,0
TXN204925,CUST10649,2026-08-05,16,Online Retail,324.38,0,14.1,615,0
TXN204926,CUST11825,2026-07-07,11,Online Retail,132.64,0,1.8,502,0
TXN204927,CUST10260,2026-08-28,20,Dining,70.38,0,3.0,57,1
TXN204928,CUST11815,2026-07-12,10,Online Retail,292.89,0,0.8,223,0
TXN204929,CUST11310,2026-07-21,19,Fuel,20.08,0,6.3,318,0
TXN204930,CUST10735,2026-07-10,20,Online Retail,395.74,0,6.0,649,0
TXN204931,CUST10492,2026-08-16,11,Grocery,38.91,0,2.6,176,0
TXN204932,CUST11812,2026-09-20,15,Travel,348.87,0,10.4,327,0
TXN204933,CUST10320,2026-07-31,19,Fuel,75.01,0,12.0,1035,0
TXN204934,CUST10825,2026-08-06,15,Travel,448.78,0,0.3,53,0
TXN204935,CUST10925,2026-08-31,14,Grocery,12.72,0,4.4,776,0
TXN204936,CUST10391,2026-09-25,10,Dining,75.61,0,1.1,55,0
TXN204937,CUST10538,2026-09-03,12,Online Retail,39.98,0,1.4,475,0
TXN204938,CUST11489,2026-08-26,12,Online Retail,84.17,0,15.2,51,0
TXN204939,CUST10073,2026-08-24,15,Grocery,23.93,1,6.0,59,0
TXN204940,CUST12218,2026-09-06,16,Travel,330.64,0,0.3,548,0
TXN204941,CUST12233,2026-08-08,6,Grocery,28.96,0,3.8,903,0
TXN204942,CUST11761,2026-07-14,18,Travel,396.72,0,2.9,39,0
TXN204943,CUST12050,2026-08-01,20,Travel,616.81,0,0.6,73,0
TXN204944,CUST10366,2026-07-06,12,Grocery,79.02,0,20.6,216,0
TXN204945,CUST11342,2026-08-24,6,Online Retail,71.14,0,22.5,3000,0
TXN204946,CUST10792,2026-08-18,10,Grocery,42.84,0,11.0,28,0
TXN204947,CUST10025,2026-07-06,13,Grocery,31.28,0,10.0,1771,0
TXN204948,CUST10845,2026-09-18,13,Fuel,60.15,0,9.0,56,0
TXN204949,CUST10513,2026-09-08,20,Dining,12.45,0,8.2,545,0
TXN204950,CUST12194,2026-09-10,23,Electronics,280.26,0,39.1,56,0
TXN204951,CUST11715,2026-08-22,19,Fuel,13.51,0,3.5,59,0
TXN204952,CUST11619,2026-08-18,18,Grocery,82.39,0,22.0,126,0
TXN204953,CUST11058,2026-09-05,9,Fuel,97.15,0,3.5,288,0
TXN204954,CUST11919,2026-08-25,12,Jewelry,609.92,0,0.8,526,0
TXN204955,CUST12222,2026-09-16,9,ATM Withdrawal,254.18,0,3.2,374,0
TXN204956,CUST10920,2026-08-10,7,Online Retail,101.08,0,4.6,253,0
TXN204957,CUST12396,2026-08-03,9,Fuel,55.87,0,1.9,61,0
TXN204958,CUST11552,2026-09-08,9,Online Retail,111.29,0,0.3,957,0
TXN204959,CUST11801,2026-08-31,9,Electronics,651.68,0,0.5,21,0
TXN204960,CUST11480,2026-08-11,16,ATM Withdrawal,334.34,0,3.3,337,0
TXN204961,CUST10289,2026-07-24,16,Fuel,43.06,0,3.5,161,0
TXN204962,CUST11655,2026-08-04,3,Dining,73.93,0,2.4,566,0
TXN204963,CUST10316,2026-07-16,16,Jewelry,834.2,0,2.5,1476,0
TXN204964,CUST11548,2026-08-11,8,Fuel,108.14,0,36.2,218,0
TXN204965,CUST10077,2026-07-01,18,Fuel,120.98,0,13.2,18,0
TXN204966,CUST12422,2026-08-13,3,Dining,200.83,0,14.5,113,0
TXN204967,CUST12494,2026-07-31,12,Grocery,65.52,1,4.3,151,0
TXN204968,CUST10583,2026-08-29,17,Electronics,359.84,0,8.1,58,0
TXN204969,CUST10925,2026-07-28,4,Dining,45.44,0,6.3,27,0
TXN204970,CUST11981,2026-07-24,11,Grocery,11.54,0,18.4,128,0
TXN204971,CUST10982,2026-08-04,10,Grocery,21.18,0,2.3,13,0
TXN204972,CUST11886,2026-08-11,22,Fuel,130.97,0,5.9,8,0
TXN204973,CUST11382,2026-08-31,17,Electronics,387.01,0,2.0,1330,0
TXN204974,CUST11330,2026-08-21,12,Dining,154.29,0,6.2,171,0
TXN204975,CUST10198,2026-09-12,11,ATM Withdrawal,73.61,0,9.4,1892,0
TXN204976,CUST11092,2026-09-25,14,Online Retail,277.99,0,0.5,427,0
TXN204977,CUST10365,2026-08-16,10,Dining,20.36,0,1.7,1133,0
TXN204978,CUST11303,2026-08-02,14,Fuel,78.87,0,8.6,400,0
TXN204979,CUST10746,2026-07-07,16,Travel,534.92,0,20.2,2000,0
TXN204980,CUST12109,2026-08-16,11,Electronics,257.91,0,5.1,888,0
TXN204981,CUST11308,2026-09-05,17,Grocery,20.28,0,3.5,1103,0
TXN204982,CUST11509,2026-08-19,11,Fuel,51.41,0,1.5,514,0
TXN204983,CUST11868,2026-08-03,17,Grocery,61.97,0,9.3,640,0
TXN204984,CUST10336,2026-09-11,5,Dining,44.99,0,1.8,8,0
TXN204985,CUST12144,2026-09-12,9,Grocery,90.69,0,4.3,163,0
TXN204986,CUST11378,2026-07-11,13,Online Retail,118.73,0,12.2,443,0
TXN204987,CUST10238,2026-08-12,6,Electronics,593.55,0,6.4,207,0
TXN204988,CUST11575,2026-08-01,16,Travel,489.94,0,13.0,310,0
TXN204989,CUST10216,2026-09-20,18,Online Retail,159.8,0,11.5,175,0
TXN204990,CUST11880,2026-07-16,15,Grocery,33.16,0,2.5,552,0
TXN204991,CUST11099,2026-08-08,16,Grocery,25.31,0,8.5,380,0
TXN204992,CUST12318,2026-09-06,11,Travel,1088.03,0,26.7,333,0
TXN204993,CUST10567,2026-08-07,11,Electronics,254.42,0,5.6,93,0
TXN204994,CUST10658,2026-07-12,22,Jewelry,1112.81,1,2.1,361,0
TXN204995,CUST12173,2026-08-03,17,Grocery,37.86,0,36.7,236,0
TXN204996,CUST10532,2026-07-21,18,Electronics,368.96,0,11.6,284,0
TXN204997,CUST12136,2026-08-05,12,Fuel,29.52,0,15.3,187,0
TXN204998,CUST12256,2026-07-06,14,Dining,42.23,1,8.9,68,0
TXN204999,CUST10214,2026-09-14,9,Grocery,48.99,0,5.9,500,0
TXN205000,CUST10774,2026-09-18,13,Dining,34.66,0,2.3,319,0
TXN205001,CUST10315,2026-07-28,11,Online Retail,66.77,0,5.8,264,0
TXN205002,CUST10755,2026-08-31,10,Jewelry,211.96,0,2.2,610,0
TXN205003,CUST12006,2026-07-24,7,Electronics,181.16,0,9.7,1370,0
TXN205004,CUST12463,2026-07-31,10,Travel,1436.9,0,4.2,110,0
TXN205005,CUST11721,2026-07-22,4,Electronics,342.91,0,8.6,61,0
TXN205006,CUST10269,2026-07-11,3,Fuel,24.22,0,34.2,214,0
TXN205007,CUST11105,2026-09-20,12,Fuel,21.8,0,2.3,1568,0
TXN205008,CUST12254,2026-07-25,13,Online Retail,79.82,0,5.6,207,0
TXN205009,CUST11621,2026-08-17,17,Online Retail,31.53,0,2.2,182,0
TXN205010,CUST10908,2026-08-31,0,ATM Withdrawal,246.08,0,21.4,143,0
TXN205011,CUST10323,2026-08-09,13,Online Retail,52.9,0,51.9,73,0
TXN205012,CUST12162,2026-09-21,17,Grocery,79.62,0,3.9,55,0
TXN205013,CUST12335,2026-08-06,23,Grocery,87.36,0,14.7,628,0
TXN205014,CUST10925,2026-07-10,16,Grocery,16.06,1,0.1,912,0
TXN205015,CUST11834,2026-07-29,13,Grocery,46.69,0,11.3,126,0
TXN205016,CUST11585,2026-09-04,14,ATM Withdrawal,101.94,0,1.0,556,0
TXN205017,CUST12212,2026-07-15,12,Online Retail,48.39,0,0.8,38,0
TXN205018,CUST10722,2026-06-29,15,Grocery,52.81,0,8.2,176,0
TXN205019,CUST11667,2026-09-21,22,Online Retail,202.34,0,1.4,1115,0
TXN205020,CUST11632,2026-08-13,15,Travel,2126.62,0,0.6,784,0
TXN205021,CUST10099,2026-07-07,11,Fuel,117.0,1,8.1,221,0
TXN205022,CUST10361,2026-09-01,19,Dining,74.33,0,7.7,309,0
TXN205023,CUST11699,2026-08-26,12,Online Retail,143.31,0,18.6,285,0
TXN205024,CUST12496,2026-07-11,10,Dining,24.93,0,0.6,434,0
TXN205025,CUST10745,2026-07-12,19,Electronics,1017.96,0,5.3,1009,0
TXN205026,CUST10867,2026-08-07,16,Fuel,58.89,0,4.2,455,0
TXN205027,CUST10073,2026-09-20,16,Grocery,25.99,0,5.9,756,0
TXN205028,CUST11958,2026-08-10,12,Fuel,56.36,0,0.6,192,0
TXN205029,CUST12343,2026-09-09,14,Dining,32.96,0,4.8,844,0
TXN205030,CUST11162,2026-07-28,17,Electronics,372.48,0,15.8,6,0
TXN205031,CUST12384,2026-09-05,11,Dining,118.29,0,16.1,5,0
TXN205032,CUST10167,2026-07-22,10,Online Retail,130.2,0,1.4,164,0
TXN205033,CUST11633,2026-09-18,12,Online Retail,95.02,0,4.3,230,0
TXN205034,CUST11258,2026-07-13,13,Grocery,10.92,0,0.1,143,0
TXN205035,CUST11454,2026-08-17,5,Travel,566.81,0,12.1,409,0
TXN205036,CUST10277,2026-08-27,13,Online Retail,96.73,0,1.0,198,0
TXN205037,CUST11380,2026-09-09,14,Online Retail,205.17,0,9.1,511,0
TXN205038,CUST12189,2026-09-05,11,Online Retail,51.89,0,10.3,142,0
TXN205039,CUST10490,2026-09-11,8,Electronics,410.36,0,13.0,120,0
TXN205040,CUST10328,2026-07-08,10,Jewelry,695.03,0,1.2,673,0
TXN205041,CUST12492,2026-09-06,13,ATM Withdrawal,130.3,0,18.3,96,0
TXN205042,CUST11186,2026-07-10,11,Grocery,49.27,0,14.3,18,0
TXN205043,CUST10361,2026-08-01,9,Online Retail,84.44,0,6.6,347,0
TXN205044,CUST10371,2026-09-07,11,Electronics,207.67,1,10.3,250,0
TXN205045,CUST10132,2026-09-05,15,Electronics,248.63,0,18.7,309,0
TXN205046,CUST11446,2026-09-06,23,Online Retail,70.5,0,0.7,544,0
TXN205047,CUST11147,2026-08-27,19,Fuel,135.06,0,4.2,14,0
TXN205048,CUST11204,2026-08-09,13,Dining,65.85,0,2.8,991,0
TXN205049,CUST11723,2026-09-05,20,Online Retail,19.94,0,16.7,487,0
TXN205050,CUST10209,2026-07-05,16,Online Retail,157.29,0,6.4,433,0
TXN205051,CUST11153,2026-09-06,13,Online Retail,148.76,0,3.6,322,0
TXN205052,CUST11482,2026-07-10,18,Online Retail,25.25,0,5.3,121,0
TXN205053,CUST11883,2026-08-21,19,Grocery,28.38,0,1.9,306,0
TXN205054,CUST11621,2026-08-13,7,Grocery,95.65,0,8.8,1371,0
TXN205055,CUST12497,2026-07-18,2,Travel,149.62,0,12.7,720,0
TXN205056,CUST10798,2026-08-22,15,Electronics,115.56,0,16.4,184,0
TXN205057,CUST10404,2026-08-02,11,Grocery,47.79,0,15.4,511,0
TXN205058,CUST12230,2026-09-06,16,Fuel,75.79,0,3.7,417,0
TXN205059,CUST10253,2026-08-18,20,Fuel,45.34,0,10.9,57,0
TXN205060,CUST11269,2026-07-23,16,Jewelry,450.5,0,1.3,164,0
TXN205061,CUST12088,2026-07-28,16,ATM Withdrawal,173.36,0,3.9,56,0
TXN205062,CUST11771,2026-09-18,10,Online Retail,90.41,1,25.8,81,0
TXN205063,CUST12186,2026-07-05,14,Online Retail,284.69,0,12.4,376,0
TXN205064,CUST12139,2026-09-01,3,Travel,607.32,0,36.9,105,0
TXN205065,CUST11449,2026-07-22,8,Grocery,37.59,0,7.3,386,0
TXN205066,CUST10174,2026-09-01,13,Dining,107.45,0,0.9,151,0
TXN205067,CUST11393,2026-07-02,9,ATM Withdrawal,172.71,1,9.4,218,0
TXN205068,CUST11038,2026-08-14,14,Electronics,200.3,0,4.6,644,0
TXN205069,CUST11576,2026-09-05,14,Fuel,65.8,0,1.3,458,0
TXN205070,CUST11014,2026-06-30,17,Dining,18.38,0,20.8,354,0
TXN205071,CUST11702,2026-07-20,11,Online Retail,55.23,0,6.6,1857,0
TXN205072,CUST11594,2026-08-26,15,Dining,38.61,0,0.7,5,0
TXN205073,CUST11453,2026-09-07,9,Grocery,59.38,0,6.0,44,0
TXN205074,CUST10609,2026-08-31,20,Dining,103.33,0,1.9,413,0
TXN205075,CUST10630,2026-08-15,19,Dining,73.83,0,10.4,221,0
TXN205076,CUST10127,2026-08-01,21,Dining,70.75,0,27.4,109,0
TXN205077,CUST10390,2026-08-01,18,Fuel,58.0,0,1.5,55,0
TXN205078,CUST11633,2026-08-31,14,Electronics,616.49,0,1.0,57,0
TXN205079,CUST10861,2026-08-07,12,Dining,90.27,0,2.8,479,0
TXN205080,CUST11439,2026-06-30,10,Travel,859.03,0,14.0,923,0
TXN205081,CUST10342,2026-07-14,12,Travel,368.63,0,0.0,685,0
TXN205082,CUST11759,2026-07-05,19,Travel,507.8,0,0.9,362,0
TXN205083,CUST12257,2026-06-29,8,Dining,48.88,0,17.6,231,0
TXN205084,CUST12045,2026-08-06,20,Grocery,60.37,0,8.2,5,0
TXN205085,CUST11623,2026-09-07,8,Fuel,28.35,0,5.4,146,1
TXN205086,CUST12067,2026-07-04,4,Grocery,28.66,0,7.9,29,0
TXN205087,CUST11483,2026-07-20,15,Fuel,102.75,0,13.2,250,0
TXN205088,CUST11481,2026-07-24,16,Fuel,26.02,0,14.7,68,0
TXN205089,CUST10386,2026-07-19,10,Grocery,27.57,0,3.4,371,0
TXN205090,CUST11528,2026-07-05,14,Online Retail,202.39,0,10.5,238,0
TXN205091,CUST12409,2026-08-08,22,Grocery,56.17,0,0.6,252,0
TXN205092,CUST11053,2026-08-13,10,Dining,76.38,0,3.8,512,0
TXN205093,CUST11393,2026-09-25,16,Dining,61.27,0,5.5,300,0
TXN205094,CUST11369,2026-07-15,9,Grocery,51.21,0,4.3,322,0
TXN205095,CUST11522,2026-07-30,13,Online Retail,71.67,0,1.3,113,0
TXN205096,CUST12439,2026-09-24,5,Grocery,71.08,0,12.0,5,0
TXN205097,CUST12391,2026-08-27,21,Grocery,43.0,0,0.2,461,0
TXN205098,CUST11630,2026-09-23,19,Dining,47.84,0,15.9,387,0
TXN205099,CUST11770,2026-07-02,10,Fuel,11.62,0,6.8,182,0
TXN205100,CUST11921,2026-07-08,18,Dining,36.9,0,16.4,1009,0
TXN205101,CUST12239,2026-07-20,19,ATM Withdrawal,558.47,0,10.2,274,0
TXN205102,CUST11751,2026-09-25,8,Dining,62.69,0,0.7,71,0
TXN205103,CUST11283,2026-08-02,12,ATM Withdrawal,133.28,0,4.2,141,0
TXN205104,CUST10534,2026-09-10,16,Grocery,55.13,1,12.0,800,0
TXN205105,CUST11527,2026-07-03,7,Dining,155.91,0,4.7,129,0
TXN205106,CUST12340,2026-09-08,22,Dining,52.06,0,1.0,5,0
TXN205107,CUST11767,2026-07-09,11,Travel,678.71,0,11.6,251,0
TXN205108,CUST12076,2026-08-11,17,Travel,329.81,0,1.5,52,0
TXN205109,CUST11712,2026-07-22,2,Fuel,49.78,1,6.3,288,0
TXN205110,CUST12498,2026-08-05,9,Grocery,22.7,0,2.8,315,0
TXN205111,CUST11785,2026-07-10,14,Electronics,371.24,0,0.6,507,0
TXN205112,CUST12093,2026-07-01,19,Dining,39.07,0,0.1,40,0
TXN205113,CUST12303,2026-09-15,21,Travel,631.35,0,0.5,581,0
TXN205114,CUST11747,2026-09-24,12,Electronics,257.26,0,2.2,1364,0
TXN205115,CUST10554,2026-08-17,17,Online Retail,210.26,0,0.4,216,0
TXN205116,CUST11386,2026-09-14,16,Online Retail,119.04,0,5.5,302,0
TXN205117,CUST12335,2026-09-09,8,Online Retail,189.09,0,0.2,271,0
TXN205118,CUST10204,2026-07-15,11,Fuel,55.59,0,5.2,69,0
TXN205119,CUST10856,2026-07-05,23,Electronics,1680.08,0,0.3,215,1
TXN205120,CUST12234,2026-08-16,11,Online Retail,361.82,0,22.2,137,0
TXN205121,CUST10676,2026-09-04,6,Online Retail,215.14,0,5.4,733,0
TXN205122,CUST11731,2026-08-25,16,Travel,670.8,0,4.2,135,0
TXN205123,CUST10514,2026-09-26,16,Dining,31.75,0,8.1,208,0
TXN205124,CUST11537,2026-07-30,17,Online Retail,116.24,0,33.1,19,0
TXN205125,CUST10410,2026-09-04,14,Dining,83.41,0,28.2,8,0
TXN205126,CUST12087,2026-07-20,22,Travel,427.09,0,2.8,251,0
TXN205127,CUST10826,2026-09-06,15,Fuel,62.59,0,15.6,21,0
TXN205128,CUST10866,2026-09-17,14,ATM Withdrawal,480.71,0,2.1,24,0
TXN205129,CUST11397,2026-07-11,23,Online Retail,215.96,0,4.0,972,0
TXN205130,CUST11700,2026-09-10,20,Grocery,31.12,0,21.0,276,0
TXN205131,CUST11068,2026-08-21,6,Online Retail,192.01,0,1.3,104,0
TXN205132,CUST11353,2026-09-06,13,Grocery,52.9,0,1.3,21,0
TXN205133,CUST12297,2026-09-13,12,Fuel,84.1,1,29.6,979,0
TXN205134,CUST10196,2026-08-03,12,Dining,62.63,0,0.8,343,0
TXN205135,CUST10161,2026-06-29,18,Dining,204.32,0,7.2,590,0
TXN205136,CUST10518,2026-08-19,10,Fuel,31.82,0,4.7,47,0
TXN205137,CUST12440,2026-08-08,15,Fuel,92.94,0,7.3,18,0
TXN205138,CUST11359,2026-07-12,20,Electronics,175.96,0,1.5,1760,0
TXN205139,CUST11104,2026-07-14,17,ATM Withdrawal,212.07,0,0.7,2538,0
TXN205140,CUST11100,2026-09-12,15,Grocery,31.92,0,20.6,55,0
TXN205141,CUST11590,2026-07-01,15,Grocery,23.84,0,16.7,231,0
TXN205142,CUST10290,2026-07-27,17,Fuel,97.13,0,0.1,247,0
TXN205143,CUST10369,2026-08-24,13,Fuel,55.73,0,13.3,793,0
TXN205144,CUST12479,2026-09-23,9,Grocery,55.22,0,1.9,959,0
TXN205145,CUST11658,2026-08-15,16,Online Retail,80.4,0,8.1,87,0
TXN205146,CUST11605,2026-09-14,14,Fuel,32.78,0,7.0,220,0
TXN205147,CUST11520,2026-08-15,7,Electronics,268.03,1,7.0,342,0
TXN205148,CUST10216,2026-07-22,9,Dining,42.67,0,24.4,509,0
TXN205149,CUST12411,2026-08-06,13,Online Retail,110.41,0,2.2,29,0
TXN205150,CUST10988,2026-09-26,6,Grocery,30.58,0,2.2,1461,0
TXN205151,CUST11632,2026-08-22,12,Dining,63.03,1,4.5,335,0
TXN205152,CUST10731,2026-08-05,14,Grocery,51.63,0,5.4,192,0
TXN205153,CUST11893,2026-09-04,16,Electronics,295.1,0,2.0,304,0
TXN205154,CUST11941,2026-08-16,18,Grocery,73.75,0,24.7,357,0
TXN205155,CUST10557,2026-09-19,16,Online Retail,86.87,0,26.0,511,0
TXN205156,CUST12152,2026-09-04,7,Travel,506.29,0,26.9,331,0
TXN205157,CUST11138,2026-08-12,13,ATM Withdrawal,150.31,0,7.2,541,0
TXN205158,CUST10084,2026-07-31,14,Jewelry,363.97,0,14.5,218,0
TXN205159,CUST10916,2026-07-22,8,Grocery,54.34,0,17.8,280,0
TXN205160,CUST10880,2026-09-08,15,Grocery,28.11,0,10.9,86,0
TXN205161,CUST10689,2026-09-23,18,Dining,67.67,0,1.7,348,0
TXN205162,CUST10592,2026-07-06,7,Electronics,154.53,0,0.8,176,0
TXN205163,CUST11328,2026-07-17,20,Dining,33.05,0,5.1,512,0
TXN205164,CUST11690,2026-08-17,20,Dining,156.74,1,2.0,780,0
TXN205165,CUST10182,2026-08-13,19,Fuel,34.13,0,1.0,542,0
TXN205166,CUST11356,2026-09-06,17,Grocery,14.01,0,11.0,27,0
TXN205167,CUST10104,2026-08-15,17,Grocery,58.64,0,15.3,247,0
TXN205168,CUST12291,2026-09-18,14,Online Retail,88.04,0,10.0,263,0
TXN205169,CUST10395,2026-08-27,17,Online Retail,171.44,0,8.9,306,0
TXN205170,CUST11880,2026-09-23,16,Online Retail,95.34,0,3.5,89,0
TXN205171,CUST11082,2026-07-09,11,Online Retail,122.96,0,10.0,159,0
TXN205172,CUST11535,2026-07-09,10,Grocery,33.83,0,2.5,431,0
TXN205173,CUST10698,2026-08-02,20,ATM Withdrawal,544.04,0,4.2,558,0
TXN205174,CUST10977,2026-08-31,9,Fuel,58.4,0,14.1,40,0
TXN205175,CUST11577,2026-08-10,16,Travel,833.6,0,10.6,178,0
TXN205176,CUST10680,2026-07-07,14,Travel,530.08,0,4.5,859,0
TXN205177,CUST10302,2026-07-05,10,ATM Withdrawal,142.8,0,1.5,165,0
TXN205178,CUST11809,2026-08-11,13,Electronics,361.03,0,4.6,855,0
TXN205179,CUST10290,2026-08-03,14,Online Retail,63.34,0,9.0,895,0
TXN205180,CUST12483,2026-08-20,5,Fuel,28.17,0,6.2,5,0
TXN205181,CUST11821,2026-08-31,22,Dining,26.75,0,1.9,21,0
TXN205182,CUST10068,2026-09-18,11,Online Retail,166.26,0,42.0,659,0
TXN205183,CUST12467,2026-08-27,15,Electronics,332.06,0,7.8,2050,0
TXN205184,CUST10411,2026-09-15,11,Dining,32.44,1,1.8,221,0
TXN205185,CUST10888,2026-08-28,16,Grocery,32.8,0,9.1,561,0
TXN205186,CUST11471,2026-08-15,16,Electronics,464.94,0,1.5,404,0
TXN205187,CUST10725,2026-08-12,9,Dining,132.39,0,1.3,274,0
TXN205188,CUST11459,2026-08-15,15,Grocery,66.9,0,1.8,315,0
TXN205189,CUST10734,2026-08-08,13,Jewelry,599.71,0,3.5,531,0
TXN205190,CUST10603,2026-07-14,7,Grocery,40.25,0,2.0,921,0
TXN205191,CUST10719,2026-09-02,17,Grocery,15.34,0,18.8,123,0
TXN205192,CUST10016,2026-07-22,16,Grocery,32.95,1,1.4,640,0
TXN205193,CUST11922,2026-06-30,7,ATM Withdrawal,423.77,0,3.0,62,0
TXN205194,CUST10722,2026-07-23,18,Dining,50.09,1,5.1,712,0
TXN205195,CUST12138,2026-08-16,7,Dining,79.23,0,1.0,579,0
TXN205196,CUST11588,2026-07-03,15,Dining,82.83,0,1.2,748,0
TXN205197,CUST10872,2026-09-06,22,Electronics,480.98,0,29.3,945,0
TXN205198,CUST11702,2026-07-18,10,Electronics,790.53,0,10.2,748,0
TXN205199,CUST11018,2026-09-17,12,Grocery,20.95,0,0.2,362,0
TXN205200,CUST10224,2026-08-20,19,Fuel,37.79,0,1.7,289,0
TXN205201,CUST11425,2026-09-17,20,ATM Withdrawal,491.29,1,6.1,991,0
TXN205202,CUST12458,2026-09-12,8,ATM Withdrawal,247.99,0,2.3,163,0
TXN205203,CUST10693,2026-08-03,8,Travel,193.3,0,1.6,49,0
TXN205204,CUST12063,2026-07-26,8,Online Retail,137.95,0,3.0,326,0
TXN205205,CUST10416,2026-08-31,16,Grocery,41.12,0,5.2,466,0
TXN205206,CUST10319,2026-08-27,12,Grocery,53.99,0,0.2,200,0
TXN205207,CUST11551,2026-07-21,12,Electronics,266.16,0,2.5,487,0
TXN205208,CUST10806,2026-09-01,15,Online Retail,81.36,0,9.4,329,0
TXN205209,CUST10203,2026-07-02,18,Electronics,285.81,0,3.2,299,0
TXN205210,CUST12444,2026-09-03,0,Dining,100.41,0,3.1,29,0
TXN205211,CUST12375,2026-08-17,20,Fuel,129.05,0,3.6,574,0
TXN205212,CUST10109,2026-09-17,11,Online Retail,77.11,0,8.6,492,0
TXN205213,CUST10124,2026-09-15,13,Dining,36.96,0,13.9,192,0
TXN205214,CUST11288,2026-06-30,16,Dining,32.1,0,6.6,345,0
TXN205215,CUST11259,2026-08-28,17,Electronics,432.32,0,4.0,11,0
TXN205216,CUST10048,2026-07-24,13,Travel,541.27,0,2.9,202,0
TXN205217,CUST11422,2026-07-12,23,Grocery,32.99,0,7.1,16,0
TXN205218,CUST12218,2026-09-15,11,Travel,418.7,0,9.2,67,0
TXN205219,CUST11472,2026-06-30,11,Grocery,35.46,0,11.8,307,0
TXN205220,CUST10324,2026-08-29,18,Travel,569.37,1,2.8,145,0
TXN205221,CUST11045,2026-09-07,21,Online Retail,104.66,0,0.5,894,0
TXN205222,CUST10096,2026-09-20,5,Online Retail,73.1,0,2.7,113,0
TXN205223,CUST10360,2026-07-11,20,Dining,98.04,0,27.7,1419,0
TXN205224,CUST10982,2026-09-25,9,Online Retail,31.06,0,1.1,441,0
TXN205225,CUST12452,2026-09-20,17,Fuel,91.97,0,11.1,238,0
TXN205226,CUST10436,2026-08-10,13,Grocery,40.95,0,4.8,97,0
TXN205227,CUST12033,2026-08-25,9,Dining,122.17,1,1.8,579,0
TXN205228,CUST12110,2026-07-31,14,Grocery,40.46,0,3.2,15,0
TXN205229,CUST10812,2026-08-17,10,Grocery,57.1,0,4.5,371,0
TXN205230,CUST11293,2026-09-15,19,Travel,868.54,0,13.1,356,0
TXN205231,CUST10550,2026-09-07,5,Dining,95.95,0,5.4,154,0
TXN205232,CUST12400,2026-07-19,12,Online Retail,188.81,0,1.8,250,0
TXN205233,CUST10822,2026-07-10,13,Grocery,33.52,0,12.2,94,1
TXN205234,CUST10822,2026-08-01,13,Fuel,76.79,0,4.5,307,0
TXN205235,CUST11227,2026-08-30,10,Grocery,85.37,0,7.3,172,0
TXN205236,CUST10848,2026-09-03,12,Online Retail,67.36,0,9.5,729,0
TXN205237,CUST10006,2026-08-01,17,Travel,635.38,0,12.7,75,0
TXN205238,CUST12062,2026-07-30,12,Dining,51.42,0,21.9,1864,0
TXN205239,CUST10980,2026-08-26,8,Online Retail,103.94,0,5.7,308,0
TXN205240,CUST11420,2026-07-31,20,Online Retail,156.72,0,32.8,26,0
TXN205241,CUST11862,2026-07-20,6,Electronics,342.21,0,16.4,267,0
TXN205242,CUST10311,2026-09-06,9,Electronics,257.55,0,1.2,322,0
TXN205243,CUST11879,2026-07-05,14,Grocery,120.86,0,4.7,235,0
TXN205244,CUST11194,2026-09-03,10,Electronics,345.32,0,1.6,553,0
TXN205245,CUST11548,2026-07-25,8,Grocery,46.32,0,8.3,219,0
TXN205246,CUST10023,2026-09-07,9,Electronics,682.08,0,1.7,199,0
TXN205247,CUST11296,2026-09-09,19,Online Retail,97.07,0,33.8,891,0
TXN205248,CUST11713,2026-07-03,21,Dining,106.75,0,26.5,608,0
TXN205249,CUST10316,2026-09-12,12,ATM Withdrawal,319.75,0,41.5,79,0
TXN205250,CUST10211,2026-09-16,13,ATM Withdrawal,252.96,0,6.1,394,0
TXN205251,CUST12387,2026-09-16,20,Fuel,21.09,0,0.2,1102,0
TXN205252,CUST10877,2026-08-02,10,Dining,40.05,0,3.7,101,0
TXN205253,CUST11459,2026-09-09,9,Travel,570.0,0,13.3,5,0
TXN205254,CUST11345,2026-09-16,6,Online Retail,310.44,0,11.1,1146,0
TXN205255,CUST11351,2026-09-05,17,Dining,28.18,0,3.5,406,0
TXN205256,CUST10380,2026-09-08,9,Dining,29.54,0,7.3,90,0
TXN205257,CUST11309,2026-09-05,7,Dining,53.33,0,4.8,204,0
TXN205258,CUST10927,2026-09-17,16,Dining,97.04,0,9.0,86,0
TXN205259,CUST10784,2026-08-22,19,Online Retail,39.84,0,1.1,513,0
TXN205260,CUST10048,2026-07-14,15,Grocery,14.63,0,1.4,116,0
TXN205261,CUST10882,2026-07-27,5,Grocery,47.72,0,0.5,9,0
TXN205262,CUST12165,2026-07-17,6,Electronics,371.73,0,4.5,44,0
TXN205263,CUST11454,2026-07-15,8,Grocery,35.8,0,4.3,52,0
TXN205264,CUST11800,2026-07-06,12,Dining,44.04,0,14.7,1375,0
TXN205265,CUST10027,2026-08-17,15,Grocery,49.87,0,1.7,73,0
TXN205266,CUST12001,2026-09-17,7,Online Retail,54.24,0,3.6,129,0
TXN205267,CUST10800,2026-08-22,23,Grocery,19.94,0,1.0,946,0
TXN205268,CUST12263,2026-09-18,15,Grocery,35.18,0,12.1,150,0
TXN205269,CUST11468,2026-08-12,23,Dining,86.51,0,3.8,161,0
TXN205270,CUST10952,2026-07-06,19,Electronics,1191.45,0,14.8,189,0
TXN205271,CUST10653,2026-08-13,15,Jewelry,1217.4,0,5.9,58,0
TXN205272,CUST11794,2026-06-30,17,Electronics,95.16,0,10.0,1033,0
TXN205273,CUST11227,2026-08-24,18,Travel,891.18,0,1.7,214,0
TXN205274,CUST11401,2026-06-29,12,Grocery,14.67,0,19.2,67,0
TXN205275,CUST11189,2026-08-15,7,Fuel,27.46,0,25.3,91,0
TXN205276,CUST11852,2026-07-10,12,Dining,54.85,0,12.3,388,0
TXN205277,CUST11971,2026-09-14,17,Travel,413.41,1,3.8,65,0
TXN205278,CUST10347,2026-08-02,18,Electronics,516.76,0,1.0,177,0
TXN205279,CUST12373,2026-07-30,8,Dining,76.21,1,0.9,77,0
TXN205280,CUST10224,2026-09-23,12,Electronics,253.42,0,1.9,721,0
TXN205281,CUST12194,2026-08-11,11,Jewelry,679.09,0,2.3,469,0
TXN205282,CUST12123,2026-09-07,11,Grocery,27.6,0,1.8,522,0
TXN205283,CUST12388,2026-07-05,11,Dining,35.22,0,19.7,595,0
TXN205284,CUST10651,2026-09-20,19,Fuel,149.66,0,14.0,239,0
TXN205285,CUST10385,2026-09-12,14,ATM Withdrawal,121.65,0,3.2,1615,0
TXN205286,CUST12092,2026-07-03,19,Grocery,35.17,0,5.8,248,0
TXN205287,CUST10334,2026-07-22,13,Grocery,32.12,1,5.0,710,0
TXN205288,CUST11478,2026-09-14,12,Online Retail,158.39,0,3.6,45,0
TXN205289,CUST11444,2026-08-11,11,Grocery,59.47,0,14.2,8,0
TXN205290,CUST12042,2026-07-21,20,Electronics,261.92,0,6.7,331,0
TXN205291,CUST11809,2026-07-23,11,Online Retail,228.69,0,3.7,111,0
TXN205292,CUST11030,2026-09-22,10,Dining,13.22,0,1.7,823,0
TXN205293,CUST10115,2026-07-14,16,Travel,521.28,0,6.1,135,0
TXN205294,CUST12234,2026-07-15,6,Online Retail,133.2,0,18.4,30,0
TXN205295,CUST11604,2026-07-06,12,Dining,36.75,0,3.9,205,0
TXN205296,CUST10193,2026-09-13,20,Fuel,43.07,0,23.8,282,0
TXN205297,CUST11097,2026-07-21,15,Grocery,48.74,0,21.3,1292,0
TXN205298,CUST11055,2026-09-03,13,Dining,52.08,0,9.6,134,0
TXN205299,CUST12126,2026-09-04,20,Grocery,46.53,0,0.2,195,0
TXN205300,CUST11621,2026-07-15,5,Online Retail,202.39,1,8.4,117,0
TXN205301,CUST12249,2026-07-02,20,Grocery,27.46,0,6.9,19,0
TXN205302,CUST11529,2026-07-02,7,Grocery,57.12,0,29.3,513,0
TXN205303,CUST10891,2026-09-10,9,Electronics,743.59,0,6.4,135,0
TXN205304,CUST10462,2026-09-01,20,Fuel,19.97,0,2.7,360,0
TXN205305,CUST12299,2026-07-21,10,Fuel,50.89,0,0.8,473,0
TXN205306,CUST12260,2026-09-18,13,Grocery,18.58,0,6.9,171,0
TXN205307,CUST12278,2026-06-30,7,Dining,67.22,0,7.1,80,0
TXN205308,CUST12430,2026-08-25,14,Online Retail,305.11,1,4.9,1324,0
TXN205309,CUST11480,2026-08-01,14,Electronics,329.96,0,0.7,207,0
TXN205310,CUST10098,2026-07-21,13,Grocery,82.94,0,6.8,536,0
TXN205311,CUST10111,2026-08-24,17,Dining,81.24,0,0.1,117,0
TXN205312,CUST10123,2026-08-14,12,Grocery,34.12,1,21.3,24,0
TXN205313,CUST11752,2026-08-21,16,Grocery,51.73,0,2.9,755,0
TXN205314,CUST12207,2026-07-20,11,Online Retail,67.86,0,17.9,131,0
TXN205315,CUST12426,2026-09-18,19,Travel,997.7,1,7.4,622,0
TXN205316,CUST10995,2026-08-19,3,Grocery,88.92,0,26.7,623,0
TXN205317,CUST10558,2026-09-07,11,Dining,30.35,0,5.8,97,0
TXN205318,CUST10354,2026-09-13,13,Dining,53.33,0,10.7,467,0
TXN205319,CUST11431,2026-09-08,12,Online Retail,112.68,0,4.6,640,0
TXN205320,CUST11561,2026-07-02,13,Travel,237.84,0,1.4,26,0
TXN205321,CUST10607,2026-07-29,16,Electronics,378.43,0,18.0,613,1
TXN205322,CUST10573,2026-09-06,23,Grocery,22.28,1,6.2,1131,0
TXN205323,CUST10288,2026-07-13,17,Fuel,45.67,0,2.5,90,0
TXN205324,CUST11799,2026-07-02,7,Fuel,56.33,0,11.1,169,0
TXN205325,CUST12321,2026-09-23,9,Dining,111.28,0,18.4,201,0
TXN205326,CUST10960,2026-09-24,13,ATM Withdrawal,124.86,0,9.5,823,0
TXN205327,CUST12298,2026-09-24,16,Grocery,117.92,0,0.6,345,0
TXN205328,CUST10316,2026-09-22,11,Dining,50.6,0,0.7,106,0
TXN205329,CUST12436,2026-08-04,14,Dining,178.16,0,9.7,483,0
TXN205330,CUST11019,2026-08-25,9,Grocery,42.83,0,0.6,729,0
TXN205331,CUST11655,2026-08-13,8,ATM Withdrawal,718.24,0,5.2,594,0
TXN205332,CUST11310,2026-08-07,12,Online Retail,93.77,0,14.7,111,0
TXN205333,CUST12167,2026-06-30,19,Online Retail,172.14,0,24.6,186,0
TXN205334,CUST11187,2026-08-26,8,Electronics,1947.72,0,16.7,786,1
TXN205335,CUST10360,2026-09-12,9,Electronics,153.38,0,7.9,55,0
TXN205336,CUST10512,2026-09-11,18,Online Retail,386.57,0,17.5,1184,0
TXN205337,CUST11591,2026-08-29,16,Grocery,52.3,0,10.8,31,0
TXN205338,CUST10201,2026-09-05,13,Online Retail,83.95,0,3.5,304,0
TXN205339,CUST10635,2026-08-22,22,Grocery,31.76,0,1.8,418,0
TXN205340,CUST11724,2026-07-05,13,Jewelry,1919.54,0,1.1,371,1
TXN205341,CUST11058,2026-08-27,15,Online Retail,247.2,0,5.7,310,0
TXN205342,CUST10864,2026-08-03,15,Fuel,102.3,0,4.2,54,0
TXN205343,CUST11618,2026-07-21,19,Online Retail,160.43,0,15.8,1649,0
TXN205344,CUST12184,2026-08-14,23,Online Retail,170.79,0,0.1,88,0
TXN205345,CUST12022,2026-09-12,10,Online Retail,290.52,0,1.7,584,0
TXN205346,CUST10368,2026-08-07,21,Online Retail,36.57,0,2.4,22,0
TXN205347,CUST12308,2026-07-25,16,Dining,49.08,0,7.2,104,0
TXN205348,CUST11555,2026-08-20,6,Fuel,88.24,1,4.9,629,0
TXN205349,CUST11794,2026-06-30,13,Dining,48.47,0,3.5,229,0
TXN205350,CUST12425,2026-09-06,13,Electronics,867.9,0,10.9,25,0
TXN205351,CUST11432,2026-09-12,13,Fuel,84.41,0,3.7,440,0
TXN205352,CUST11514,2026-08-25,8,Grocery,58.84,0,8.1,303,0
TXN205353,CUST11516,2026-09-21,17,Jewelry,1261.21,0,6.2,472,0
TXN205354,CUST10638,2026-07-12,12,Fuel,30.39,0,7.6,675,0
TXN205355,CUST11668,2026-07-19,11,Dining,44.54,0,5.8,425,0
TXN205356,CUST10524,2026-09-06,13,Online Retail,111.63,0,9.8,239,0
TXN205357,CUST10679,2026-07-12,17,Grocery,21.76,0,7.4,111,0
TXN205358,CUST10777,2026-07-02,13,Grocery,84.23,0,0.8,148,0
TXN205359,CUST11336,2026-09-14,18,ATM Withdrawal,317.93,0,3.0,1173,0
TXN205360,CUST11626,2026-09-15,18,Online Retail,228.8,0,20.7,113,0
TXN205361,CUST11456,2026-09-20,16,Dining,54.25,0,14.4,520,0
TXN205362,CUST11625,2026-08-13,19,Grocery,46.44,0,4.2,292,0
TXN205363,CUST11023,2026-07-11,23,Fuel,56.69,0,14.4,43,0
TXN205364,CUST10519,2026-08-28,6,ATM Withdrawal,169.37,0,3.0,21,0
TXN205365,CUST11523,2026-08-12,19,Grocery,27.82,0,2.3,1059,0
TXN205366,CUST10603,2026-07-05,11,Online Retail,101.41,0,3.4,81,0
TXN205367,CUST11134,2026-08-30,14,Online Retail,157.38,0,5.3,279,0
TXN205368,CUST10792,2026-09-15,14,Jewelry,1059.17,0,0.5,41,0
TXN205369,CUST11492,2026-08-26,6,ATM Withdrawal,70.11,0,5.4,56,0
TXN205370,CUST12085,2026-08-30,17,Grocery,61.17,0,5.2,651,0
TXN205371,CUST12131,2026-08-17,8,Fuel,42.4,0,0.4,331,0
TXN205372,CUST10904,2026-08-01,10,Dining,39.27,0,7.4,50,0
TXN205373,CUST12409,2026-08-07,18,Grocery,87.59,0,0.9,193,0
TXN205374,CUST11165,2026-09-13,17,Travel,364.98,0,23.6,316,0
TXN205375,CUST12164,2026-08-19,19,Electronics,238.23,1,8.3,313,0
TXN205376,CUST10680,2026-09-01,15,Online Retail,68.84,0,18.6,911,0
TXN205377,CUST10947,2026-07-18,13,Dining,22.78,0,1.1,226,0
TXN205378,CUST10734,2026-07-04,16,Electronics,186.11,0,13.0,18,0
TXN205379,CUST10954,2026-08-01,14,Dining,18.5,0,4.5,791,0
TXN205380,CUST11270,2026-08-10,16,Travel,1072.88,0,6.2,289,0
TXN205381,CUST12147,2026-09-17,18,Dining,43.95,0,1.2,16,0
TXN205382,CUST11574,2026-07-22,15,Online Retail,85.51,0,8.2,265,0
TXN205383,CUST10343,2026-09-02,12,Jewelry,456.89,1,17.3,65,0
TXN205384,CUST11092,2026-08-04,7,Grocery,46.04,0,1.0,315,0
TXN205385,CUST11234,2026-09-06,15,Grocery,25.03,0,17.8,557,0
TXN205386,CUST12378,2026-07-27,9,Dining,219.31,0,5.0,141,0
TXN205387,CUST11036,2026-08-25,10,Online Retail,127.21,0,30.8,389,0
TXN205388,CUST12230,2026-07-18,16,Electronics,221.68,0,14.5,291,0
TXN205389,CUST11718,2026-08-29,15,Online Retail,568.56,0,2.5,1278,0
TXN205390,CUST10907,2026-07-29,11,Jewelry,472.53,0,11.4,933,0
TXN205391,CUST10467,2026-07-15,21,Dining,191.99,0,0.4,41,0
TXN205392,CUST10019,2026-08-05,5,Grocery,50.12,0,4.5,126,0
TXN205393,CUST11592,2026-06-30,7,Grocery,25.57,0,2.0,549,0
TXN205394,CUST11452,2026-09-21,15,Grocery,82.48,0,2.8,752,0
TXN205395,CUST12278,2026-08-08,18,Dining,223.6,0,0.3,993,0
TXN205396,CUST12334,2026-09-18,19,Grocery,19.35,0,6.8,132,0
TXN205397,CUST10386,2026-08-13,20,Jewelry,861.54,0,10.0,293,0
TXN205398,CUST10558,2026-07-25,12,Grocery,51.33,0,1.6,576,0
TXN205399,CUST11990,2026-08-01,23,Travel,645.14,0,19.0,188,0
TXN205400,CUST10877,2026-08-05,10,Jewelry,410.98,0,3.3,53,0
TXN205401,CUST11311,2026-09-11,17,Grocery,21.22,0,5.3,345,0
TXN205402,CUST12083,2026-06-30,10,Fuel,35.97,0,5.4,405,0
TXN205403,CUST11954,2026-07-14,16,Fuel,39.12,0,1.5,611,0
TXN205404,CUST11937,2026-07-21,13,Fuel,101.39,0,3.7,5,0
TXN205405,CUST10525,2026-08-31,11,Dining,54.34,0,5.6,452,0
TXN205406,CUST10849,2026-07-27,23,Grocery,20.85,0,7.3,1460,0
TXN205407,CUST10263,2026-08-12,4,Online Retail,85.98,0,8.3,220,0
TXN205408,CUST10487,2026-09-26,19,Grocery,58.08,0,5.6,1000,0
TXN205409,CUST10285,2026-07-19,10,ATM Withdrawal,149.17,0,7.5,188,0
TXN205410,CUST12255,2026-08-26,12,Online Retail,86.73,0,26.8,232,0
TXN205411,CUST10529,2026-07-15,17,Online Retail,275.72,1,6.4,329,0
TXN205412,CUST10644,2026-08-17,18,Jewelry,1267.41,0,3.8,206,1
TXN205413,CUST11695,2026-07-05,23,Electronics,576.2,1,7.3,289,0
TXN205414,CUST11076,2026-07-16,14,Electronics,215.59,0,1.8,31,0
TXN205415,CUST10206,2026-09-11,11,Electronics,425.5,0,10.8,281,0
TXN205416,CUST11698,2026-09-13,8,Grocery,31.47,0,0.2,447,0
TXN205417,CUST10438,2026-07-19,12,Dining,47.56,0,12.1,937,0
TXN205418,CUST12099,2026-07-08,8,Fuel,55.37,0,3.0,359,0
TXN205419,CUST12430,2026-09-07,13,Grocery,28.21,0,10.1,798,0
TXN205420,CUST10331,2026-07-25,19,Fuel,80.56,0,9.8,158,0
TXN205421,CUST11792,2026-09-19,11,Online Retail,153.79,0,16.8,403,0
TXN205422,CUST10967,2026-07-29,15,ATM Withdrawal,335.13,0,16.4,201,0
TXN205423,CUST10532,2026-07-01,18,ATM Withdrawal,136.31,0,1.1,220,0
TXN205424,CUST10525,2026-09-05,15,Online Retail,333.57,0,3.6,69,0
TXN205425,CUST10136,2026-06-30,9,Travel,670.36,0,7.7,128,0
TXN205426,CUST10371,2026-09-13,15,Online Retail,240.07,0,12.5,401,0
TXN205427,CUST10337,2026-09-17,19,Dining,53.02,0,15.6,430,0
TXN205428,CUST10422,2026-07-06,16,Grocery,37.21,0,4.8,365,0
TXN205429,CUST12470,2026-09-15,16,Travel,143.79,0,16.4,1254,0
TXN205430,CUST11751,2026-09-18,14,Online Retail,33.11,0,10.8,447,0
TXN205431,CUST10597,2026-08-31,16,Grocery,44.02,1,2.0,1516,0
TXN205432,CUST11733,2026-07-11,12,Grocery,45.66,0,0.4,25,0
TXN205433,CUST11701,2026-09-23,11,Fuel,68.24,0,2.9,769,0
TXN205434,CUST12098,2026-08-27,22,Fuel,62.96,0,2.2,121,0
TXN205435,CUST10483,2026-08-03,9,Online Retail,179.3,0,16.5,495,0
TXN205436,CUST10363,2026-07-26,14,Grocery,34.2,0,4.0,543,0
TXN205437,CUST11548,2026-09-13,10,Online Retail,72.1,1,3.9,5,0
TXN205438,CUST11181,2026-09-20,8,Grocery,17.36,0,8.5,116,0
TXN205439,CUST11814,2026-09-02,20,ATM Withdrawal,112.75,0,11.6,686,0
TXN205440,CUST10749,2026-07-25,10,Dining,130.41,0,3.9,293,0
TXN205441,CUST10012,2026-07-02,23,Dining,81.0,0,10.1,542,0
TXN205442,CUST10782,2026-06-29,15,Electronics,1036.74,0,18.0,758,0
TXN205443,CUST11082,2026-07-01,9,Grocery,66.5,0,3.9,32,0
TXN205444,CUST10167,2026-08-23,12,Jewelry,648.86,0,29.1,18,0
TXN205445,CUST10313,2026-07-11,13,Online Retail,50.11,1,7.5,343,0
TXN205446,CUST10114,2026-08-26,12,Grocery,47.71,0,8.7,592,0
TXN205447,CUST10382,2026-07-25,16,Dining,37.96,0,3.2,451,0
TXN205448,CUST11709,2026-09-13,12,Grocery,37.13,0,0.4,235,0
TXN205449,CUST10072,2026-09-13,18,Grocery,38.26,0,8.2,615,0
TXN205450,CUST11795,2026-08-29,12,Grocery,34.76,0,5.8,95,0
TXN205451,CUST12365,2026-08-04,13,Online Retail,152.93,0,9.6,790,0
TXN205452,CUST11554,2026-09-05,15,Fuel,32.77,0,5.7,502,0
TXN205453,CUST11949,2026-09-09,10,Grocery,29.35,1,18.9,986,0
TXN205454,CUST12443,2026-08-05,8,Grocery,88.11,0,2.7,94,0
TXN205455,CUST10978,2026-09-16,15,Grocery,52.28,0,25.9,1096,0
TXN205456,CUST12241,2026-08-20,19,Dining,60.56,0,16.5,81,0
TXN205457,CUST12461,2026-09-14,11,Electronics,205.82,0,0.0,80,0
TXN205458,CUST10760,2026-08-06,14,Grocery,12.91,0,0.7,398,0
TXN205459,CUST10006,2026-09-17,22,Dining,66.88,0,13.5,491,0
TXN205460,CUST11678,2026-08-31,14,Dining,66.38,0,0.5,110,0
TXN205461,CUST11870,2026-07-14,13,Grocery,86.1,0,2.1,33,0
TXN205462,CUST11265,2026-08-10,11,Fuel,43.21,0,9.7,152,0
TXN205463,CUST10907,2026-08-05,18,Online Retail,98.38,0,1.5,837,0
TXN205464,CUST11067,2026-07-05,15,Grocery,38.34,0,0.1,480,0
TXN205465,CUST12031,2026-09-13,9,Grocery,38.37,0,6.3,814,0
TXN205466,CUST10592,2026-09-22,17,Grocery,51.82,0,0.1,189,0
TXN205467,CUST10444,2026-09-11,15,Electronics,96.69,0,1.9,256,0
TXN205468,CUST11158,2026-07-13,17,Online Retail,102.84,0,0.0,415,0
TXN205469,CUST10465,2026-08-16,14,Electronics,275.11,0,2.0,461,0
TXN205470,CUST10455,2026-08-29,17,Grocery,42.39,0,9.3,296,0
TXN205471,CUST10877,2026-07-16,18,Online Retail,227.86,0,2.0,141,0
TXN205472,CUST10568,2026-07-22,13,Fuel,27.57,0,0.0,456,0
TXN205473,CUST12376,2026-08-18,14,Fuel,35.08,0,4.3,62,0
TXN205474,CUST12254,2026-09-06,15,ATM Withdrawal,256.84,1,13.3,295,0
TXN205475,CUST10471,2026-08-17,10,Online Retail,126.18,0,6.4,290,0
TXN205476,CUST12452,2026-09-13,9,Fuel,95.32,0,1.0,609,0
TXN205477,CUST10703,2026-07-07,5,Grocery,36.79,1,6.6,511,0
TXN205478,CUST10955,2026-08-31,15,Jewelry,666.14,1,1.0,794,1
TXN205479,CUST12103,2026-08-26,9,Fuel,32.86,0,1.7,148,0
TXN205480,CUST11923,2026-07-03,13,Electronics,208.32,0,4.4,588,0
TXN205481,CUST11744,2026-07-22,8,Online Retail,15.17,0,9.5,465,0
TXN205482,CUST11805,2026-08-13,19,Grocery,74.89,0,8.1,15,0
TXN205483,CUST10963,2026-08-13,23,Travel,402.12,0,2.2,251,0
TXN205484,CUST10742,2026-08-18,23,Travel,504.03,0,19.7,504,0
TXN205485,CUST11395,2026-08-23,15,ATM Withdrawal,100.79,0,3.3,523,0
TXN205486,CUST10196,2026-07-17,18,Grocery,34.37,0,1.9,9,0
TXN205487,CUST10566,2026-07-27,18,ATM Withdrawal,124.87,0,2.4,130,0
TXN205488,CUST11752,2026-09-16,20,Dining,336.59,0,11.4,11,0
TXN205489,CUST11365,2026-09-12,6,Electronics,362.96,0,0.8,182,0
TXN205490,CUST10233,2026-09-18,23,Fuel,70.36,0,6.8,238,0
TXN205491,CUST11963,2026-08-16,10,Jewelry,659.89,0,7.0,222,0
TXN205492,CUST11799,2026-07-02,6,Grocery,96.24,0,4.6,1471,0
TXN205493,CUST11894,2026-09-09,6,ATM Withdrawal,86.77,0,3.4,198,0
TXN205494,CUST11978,2026-07-22,18,Online Retail,138.0,1,4.7,223,0
TXN205495,CUST10184,2026-09-13,13,Grocery,17.31,0,4.8,89,0
TXN205496,CUST11073,2026-09-04,12,Jewelry,486.16,0,2.6,94,0
TXN205497,CUST11755,2026-07-25,14,Travel,519.7,0,2.5,79,0
TXN205498,CUST10874,2026-07-18,21,Electronics,450.01,0,2.1,456,0
TXN205499,CUST11576,2026-09-09,17,Travel,465.67,0,6.4,464,0
TXN205500,CUST12348,2026-09-25,23,Travel,290.44,0,6.2,104,0
TXN205501,CUST11198,2026-08-03,14,Fuel,120.71,0,0.2,1454,0
TXN205502,CUST11048,2026-09-03,19,Fuel,38.7,0,5.5,342,0
TXN205503,CUST11586,2026-07-25,15,Dining,83.74,0,7.6,182,0
TXN205504,CUST10148,2026-08-06,21,Online Retail,109.71,0,0.5,89,0
TXN205505,CUST11621,2026-09-13,10,Travel,1065.84,0,2.8,771,0
TXN205506,CUST10604,2026-07-02,20,Grocery,36.92,0,9.6,1526,0
TXN205507,CUST12168,2026-07-04,23,Grocery,58.07,0,6.3,470,0
TXN205508,CUST11789,2026-07-02,13,Dining,30.01,0,5.6,369,0
TXN205509,CUST10383,2026-07-04,15,Electronics,609.01,0,9.3,971,0
TXN205510,CUST10752,2026-09-23,9,Online Retail,232.32,0,1.4,5,0
TXN205511,CUST12291,2026-09-04,14,Electronics,532.49,0,1.3,383,0
TXN205512,CUST11341,2026-07-05,12,Dining,39.82,0,31.4,335,0
TXN205513,CUST12419,2026-07-18,12,Grocery,28.2,0,1.5,696,0
TXN205514,CUST10224,2026-07-01,18,Online Retail,66.69,0,11.0,1081,0
TXN205515,CUST10358,2026-07-05,13,Dining,52.59,0,8.3,1313,0
TXN205516,CUST10021,2026-08-06,15,Electronics,605.15,0,3.2,87,0
TXN205517,CUST11720,2026-08-29,20,Fuel,105.23,0,1.2,132,0
TXN205518,CUST10530,2026-09-02,11,Dining,192.74,0,8.5,201,0
TXN205519,CUST11864,2026-08-15,21,Online Retail,52.95,0,9.7,328,0
TXN205520,CUST12190,2026-07-16,9,Online Retail,118.68,0,6.6,352,0
TXN205521,CUST12451,2026-07-08,6,ATM Withdrawal,586.01,0,4.3,288,0
TXN205522,CUST11305,2026-09-04,11,Jewelry,712.15,0,7.3,518,0
TXN205523,CUST11036,2026-07-08,10,Grocery,85.63,0,2.0,734,0
TXN205524,CUST11804,2026-07-29,13,Electronics,247.12,1,2.6,150,0
TXN205525,CUST12440,2026-07-12,22,Grocery,41.51,0,0.7,227,0
TXN205526,CUST12227,2026-07-07,8,Electronics,224.51,0,42.0,660,0
TXN205527,CUST10772,2026-08-02,5,Fuel,88.53,0,9.8,221,0
TXN205528,CUST10231,2026-09-15,17,Grocery,59.65,0,2.0,1276,0
TXN205529,CUST11358,2026-08-09,23,Travel,1232.95,0,0.3,606,0
TXN205530,CUST12488,2026-07-05,7,Grocery,75.56,0,0.8,271,0
TXN205531,CUST10078,2026-07-31,13,Grocery,75.71,0,2.5,260,0
TXN205532,CUST12353,2026-07-14,15,Online Retail,52.13,0,17.3,136,0
TXN205533,CUST11885,2026-09-08,3,Grocery,21.94,0,8.2,39,0
TXN205534,CUST10798,2026-07-01,17,Grocery,37.47,0,33.2,382,0
TXN205535,CUST12175,2026-07-26,16,Dining,125.63,0,8.6,139,0
TXN205536,CUST10369,2026-07-14,12,ATM Withdrawal,125.93,0,1.1,727,0
TXN205537,CUST10689,2026-09-26,15,Online Retail,38.77,0,3.2,837,0
TXN205538,CUST11489,2026-09-13,4,Grocery,34.07,0,7.6,127,0
TXN205539,CUST10032,2026-08-27,12,Jewelry,695.48,0,7.2,17,0
TXN205540,CUST10956,2026-07-02,15,Grocery,62.35,1,2.1,303,0
TXN205541,CUST10683,2026-08-19,9,Online Retail,29.73,0,0.9,73,0
TXN205542,CUST11256,2026-08-08,10,Dining,107.41,0,15.1,22,0
TXN205543,CUST11253,2026-07-01,16,Grocery,25.63,0,0.5,1109,0
TXN205544,CUST11713,2026-08-08,23,Grocery,13.27,0,7.4,1162,0
TXN205545,CUST12266,2026-08-29,21,ATM Withdrawal,235.24,0,3.0,27,0
TXN205546,CUST10327,2026-08-02,20,Grocery,134.94,0,12.1,308,0
TXN205547,CUST12216,2026-08-22,16,Electronics,494.26,0,0.1,110,0
TXN205548,CUST10241,2026-07-08,12,Online Retail,133.08,0,16.9,149,0
TXN205549,CUST12283,2026-08-15,8,Dining,98.94,0,15.3,237,0
TXN205550,CUST10138,2026-09-25,13,Online Retail,94.19,0,24.3,62,0
TXN205551,CUST11071,2026-07-25,7,Grocery,45.49,0,2.2,37,0
TXN205552,CUST11247,2026-09-11,11,ATM Withdrawal,71.86,0,9.3,734,0
TXN205553,CUST10114,2026-08-29,12,Dining,71.31,0,1.5,823,0
TXN205554,CUST12377,2026-08-31,14,Travel,499.06,0,7.0,824,0
TXN205555,CUST12381,2026-07-29,13,Grocery,51.48,0,1.0,168,0
TXN205556,CUST11851,2026-07-27,16,Travel,193.84,0,4.8,480,0
TXN205557,CUST11749,2026-08-09,16,Jewelry,790.17,0,16.6,14,0
TXN205558,CUST10018,2026-07-16,9,Grocery,20.46,0,17.1,1737,0
TXN205559,CUST12464,2026-08-06,6,Electronics,216.48,1,6.7,42,0
TXN205560,CUST11084,2026-08-28,14,Grocery,21.64,0,21.8,501,0
TXN205561,CUST10457,2026-09-21,5,Electronics,93.55,0,4.4,506,0
TXN205562,CUST12362,2026-08-14,9,Travel,603.2,0,2.6,504,0
TXN205563,CUST10508,2026-08-05,7,Dining,62.46,1,1.7,161,0
TXN205564,CUST10201,2026-07-02,14,Fuel,29.8,0,0.9,1294,0
TXN205565,CUST12381,2026-08-27,13,Grocery,35.62,1,12.6,384,0
TXN205566,CUST12060,2026-09-08,14,Grocery,70.17,0,6.5,1583,0
TXN205567,CUST12219,2026-07-15,18,ATM Withdrawal,236.08,0,7.8,520,0
TXN205568,CUST11893,2026-07-20,12,ATM Withdrawal,201.72,0,4.0,153,0
TXN205569,CUST11430,2026-08-20,16,Fuel,27.71,0,4.9,373,0
TXN205570,CUST12207,2026-09-26,17,Online Retail,163.62,0,2.2,1272,0
TXN205571,CUST10085,2026-09-17,18,Grocery,17.39,0,45.5,89,0
TXN205572,CUST12009,2026-07-04,1,Fuel,31.24,0,29.1,118,0
TXN205573,CUST11515,2026-07-25,9,Fuel,38.9,0,5.2,403,0
TXN205574,CUST11558,2026-09-12,18,Travel,479.42,0,12.4,175,0
TXN205575,CUST11200,2026-09-14,20,Electronics,1013.36,0,5.9,938,0
TXN205576,CUST10791,2026-07-29,5,Grocery,107.05,0,8.0,115,0
TXN205577,CUST10504,2026-09-04,12,Online Retail,135.77,0,3.1,747,0
TXN205578,CUST10826,2026-09-05,12,Electronics,351.49,0,3.4,599,0
TXN205579,CUST11199,2026-07-29,11,Dining,37.27,0,6.0,94,0
TXN205580,CUST10953,2026-08-13,17,Dining,48.21,0,20.8,556,0
TXN205581,CUST10005,2026-07-15,17,Grocery,33.67,0,1.9,241,0
TXN205582,CUST11397,2026-09-13,18,Electronics,308.98,0,1.6,559,0
TXN205583,CUST12190,2026-07-28,22,Dining,62.04,0,0.1,248,0
TXN205584,CUST12087,2026-07-28,20,Grocery,68.7,0,6.5,412,0
TXN205585,CUST11663,2026-09-26,18,Online Retail,110.23,0,4.1,135,0
TXN205586,CUST11466,2026-09-19,17,Grocery,84.7,0,0.9,925,0
TXN205587,CUST12137,2026-08-04,19,Fuel,77.03,0,0.7,205,0
TXN205588,CUST10868,2026-08-16,13,Electronics,590.76,0,1.3,9,0
TXN205589,CUST11475,2026-09-23,9,Dining,31.6,0,2.1,24,0
TXN205590,CUST11322,2026-08-30,12,Online Retail,73.84,0,13.6,487,0
TXN205591,CUST10841,2026-09-22,16,ATM Withdrawal,211.78,0,3.2,47,0
TXN205592,CUST12344,2026-08-07,13,Jewelry,380.25,0,1.8,72,1
TXN205593,CUST11765,2026-09-13,12,Dining,34.57,0,3.2,498,0
TXN205594,CUST10614,2026-07-31,11,Online Retail,47.64,0,0.2,58,0
TXN205595,CUST10728,2026-07-10,11,Online Retail,483.94,0,10.0,656,0
TXN205596,CUST11704,2026-09-06,10,Grocery,51.79,0,12.2,452,0
TXN205597,CUST10956,2026-07-13,10,Fuel,35.8,0,16.5,121,0
TXN205598,CUST10979,2026-09-05,7,Fuel,42.08,0,0.9,116,0
TXN205599,CUST10306,2026-07-05,12,Travel,766.3,0,6.7,254,0
TXN205600,CUST11240,2026-08-04,21,Electronics,411.31,0,4.5,127,0
TXN205601,CUST11247,2026-08-23,13,Electronics,114.49,1,0.0,909,0
TXN205602,CUST10961,2026-07-03,22,Dining,119.59,0,26.7,1027,0
TXN205603,CUST11265,2026-08-05,14,ATM Withdrawal,219.23,0,1.5,574,0
TXN205604,CUST10501,2026-09-21,11,Travel,639.28,0,0.2,60,0
TXN205605,CUST12252,2026-09-19,14,Online Retail,80.91,0,37.3,470,0
TXN205606,CUST10228,2026-07-23,22,Dining,41.13,0,1.5,601,0
TXN205607,CUST12145,2026-07-25,21,Dining,48.0,0,9.3,150,0
TXN205608,CUST11679,2026-07-20,11,Dining,69.2,0,3.7,174,0
TXN205609,CUST10157,2026-09-17,16,Grocery,42.82,0,48.5,29,0
TXN205610,CUST10025,2026-08-15,20,ATM Withdrawal,96.59,0,17.1,315,0
TXN205611,CUST11940,2026-08-06,16,Electronics,733.47,0,3.1,154,0
TXN205612,CUST12355,2026-07-12,11,Travel,2790.79,0,18.2,5,1
TXN205613,CUST10969,2026-07-30,8,Grocery,27.53,0,12.1,7,0
TXN205614,CUST12361,2026-09-22,9,Online Retail,224.29,0,1.2,1699,0
TXN205615,CUST11005,2026-07-27,5,Electronics,298.23,0,0.8,299,0
TXN205616,CUST10827,2026-09-01,6,Dining,50.37,0,4.1,399,0
TXN205617,CUST10093,2026-08-27,13,Online Retail,253.07,0,18.8,608,0
TXN205618,CUST10964,2026-08-09,11,Electronics,1344.05,0,2.4,554,0
TXN205619,CUST11300,2026-09-15,21,Fuel,50.68,0,4.3,315,0
TXN205620,CUST11856,2026-07-06,14,Grocery,31.0,0,1.5,481,0
TXN205621,CUST12015,2026-08-14,21,Online Retail,124.65,0,13.7,573,0
TXN205622,CUST10526,2026-07-23,16,ATM Withdrawal,164.15,0,1.3,863,0
TXN205623,CUST11098,2026-07-13,18,Online Retail,112.55,0,7.8,623,0
TXN205624,CUST12164,2026-08-26,21,Fuel,29.09,0,1.0,170,0
TXN205625,CUST12008,2026-09-14,14,Online Retail,291.7,0,11.6,520,0
TXN205626,CUST11947,2026-09-04,10,Dining,42.57,0,12.9,134,0
TXN205627,CUST12459,2026-08-28,11,Electronics,244.39,0,1.4,66,0
TXN205628,CUST11918,2026-08-26,15,Grocery,25.81,0,6.2,143,0
TXN205629,CUST11482,2026-09-02,23,Fuel,85.47,0,1.7,86,0
TXN205630,CUST10744,2026-07-10,14,Travel,194.32,0,2.6,669,0
TXN205631,CUST10238,2026-07-13,9,Grocery,15.2,1,3.5,385,0
TXN205632,CUST11079,2026-09-23,16,Grocery,15.93,0,9.3,1071,0
TXN205633,CUST10944,2026-07-11,18,Electronics,276.0,0,4.3,421,0
TXN205634,CUST10230,2026-07-06,12,Fuel,91.45,0,11.5,406,0
TXN205635,CUST11799,2026-08-09,17,Dining,23.08,0,5.7,317,0
TXN205636,CUST11252,2026-07-05,7,Online Retail,80.87,0,1.3,59,0
TXN205637,CUST10135,2026-07-23,13,Online Retail,168.7,0,4.5,54,0
TXN205638,CUST10724,2026-09-22,21,Electronics,831.94,0,0.0,2579,0
TXN205639,CUST11199,2026-08-22,12,Jewelry,2030.3,0,5.9,621,0
TXN205640,CUST11621,2026-07-13,8,Dining,37.67,0,29.5,2452,0
TXN205641,CUST11984,2026-07-23,5,Electronics,1099.38,0,1.8,304,0
TXN205642,CUST10398,2026-09-21,6,Dining,89.62,0,9.9,29,0
TXN205643,CUST12419,2026-07-29,19,ATM Withdrawal,189.53,0,5.5,33,0
TXN205644,CUST12120,2026-07-28,12,Online Retail,141.04,0,1.5,516,0
TXN205645,CUST11394,2026-07-05,23,Online Retail,96.2,0,13.5,1154,0
TXN205646,CUST10279,2026-08-21,19,Online Retail,124.44,0,0.4,87,0
TXN205647,CUST10828,2026-07-22,23,Dining,82.97,0,16.0,25,0
TXN205648,CUST12236,2026-08-06,0,Online Retail,116.86,0,19.6,331,0
TXN205649,CUST12453,2026-09-25,17,Grocery,13.73,0,5.6,155,0
TXN205650,CUST11308,2026-07-07,20,Grocery,62.94,0,4.5,200,0
TXN205651,CUST10466,2026-07-30,14,Grocery,21.32,0,0.2,411,0
TXN205652,CUST11823,2026-09-09,14,Online Retail,173.26,0,4.5,440,0
TXN205653,CUST10646,2026-07-22,9,Dining,91.99,0,0.4,298,0
TXN205654,CUST10139,2026-09-03,7,ATM Withdrawal,298.53,0,1.2,470,0
TXN205655,CUST11005,2026-08-31,15,Grocery,14.48,0,5.6,459,0
TXN205656,CUST10033,2026-09-10,14,Grocery,72.08,0,6.1,368,0
TXN205657,CUST11360,2026-08-20,13,Grocery,68.53,0,1.9,54,0
TXN205658,CUST10854,2026-07-15,14,Grocery,27.85,0,0.9,6,0
TXN205659,CUST10939,2026-07-10,13,Online Retail,84.95,0,1.8,288,0
TXN205660,CUST11732,2026-07-18,12,Electronics,363.81,0,14.3,134,0
TXN205661,CUST12030,2026-07-01,5,Electronics,203.62,0,0.4,121,0
TXN205662,CUST11718,2026-09-23,21,ATM Withdrawal,203.79,0,1.3,25,0
TXN205663,CUST10452,2026-09-01,21,Online Retail,164.3,0,7.6,18,0
TXN205664,CUST12075,2026-09-26,15,Dining,34.66,1,5.0,173,0
TXN205665,CUST12311,2026-08-16,23,Dining,35.63,0,6.5,132,0
TXN205666,CUST10463,2026-08-06,14,Online Retail,124.36,0,2.7,50,0
TXN205667,CUST10303,2026-08-06,13,Travel,277.79,0,14.6,94,0
TXN205668,CUST11894,2026-07-05,12,Travel,427.05,0,1.4,101,0
TXN205669,CUST11598,2026-09-15,13,Grocery,59.46,0,0.1,6,0
TXN205670,CUST10307,2026-06-29,16,Travel,1301.16,0,5.2,546,1
TXN205671,CUST11326,2026-08-08,18,Grocery,50.57,0,4.6,15,0
TXN205672,CUST12163,2026-08-09,15,Grocery,18.13,0,6.8,317,0
TXN205673,CUST11365,2026-09-21,13,Grocery,40.37,0,10.0,12,0
TXN205674,CUST12106,2026-08-08,15,Dining,59.3,0,1.9,143,0
TXN205675,CUST10808,2026-08-24,12,Electronics,602.16,0,0.9,380,0
TXN205676,CUST11703,2026-08-24,6,Dining,20.43,0,1.0,59,0
TXN205677,CUST10426,2026-08-02,11,Fuel,26.89,0,3.2,393,0
TXN205678,CUST11614,2026-09-06,16,Fuel,104.9,0,2.4,269,0
TXN205679,CUST10113,2026-07-25,14,ATM Withdrawal,308.44,0,11.0,607,0
TXN205680,CUST11094,2026-07-20,19,Fuel,126.84,1,9.7,994,0
TXN205681,CUST12433,2026-07-19,11,Grocery,45.27,0,2.6,427,0
TXN205682,CUST10699,2026-07-08,19,Travel,828.64,0,9.1,178,0
TXN205683,CUST10441,2026-08-15,14,Online Retail,259.04,0,13.5,426,0
TXN205684,CUST11451,2026-08-01,15,Fuel,57.46,0,10.1,33,0
TXN205685,CUST12010,2026-07-17,20,Jewelry,600.99,0,2.5,326,0
TXN205686,CUST11961,2026-08-03,9,Dining,53.44,0,2.6,216,0
TXN205687,CUST11954,2026-07-28,10,Grocery,21.8,0,9.5,413,0
TXN205688,CUST11449,2026-07-05,20,Grocery,75.32,0,4.8,138,0
TXN205689,CUST10933,2026-07-14,19,Grocery,108.52,0,3.2,807,0
TXN205690,CUST12045,2026-08-17,17,Dining,33.0,0,6.9,233,0
TXN205691,CUST10466,2026-08-29,10,Grocery,63.12,0,17.0,595,0
TXN205692,CUST10674,2026-08-20,1,Grocery,117.18,0,19.3,614,0
TXN205693,CUST10968,2026-08-18,9,Online Retail,150.21,0,5.9,153,0
TXN205694,CUST10921,2026-08-10,6,Fuel,69.64,0,4.2,101,0
TXN205695,CUST11945,2026-08-26,17,Jewelry,536.12,0,12.6,97,0
TXN205696,CUST10729,2026-09-13,10,Grocery,49.7,0,1.8,39,0
TXN205697,CUST11102,2026-07-03,4,Online Retail,154.0,0,20.0,1030,0
TXN205698,CUST11519,2026-09-03,17,Grocery,77.53,1,0.6,499,0
TXN205699,CUST10739,2026-09-13,10,Dining,126.54,0,1.5,16,0
TXN205700,CUST10913,2026-08-02,15,Dining,126.94,0,14.1,304,0
TXN205701,CUST10171,2026-07-21,16,Grocery,46.69,0,25.2,305,0
TXN205702,CUST11573,2026-09-02,17,Jewelry,569.88,1,4.5,176,1
TXN205703,CUST11775,2026-09-15,22,Online Retail,49.24,0,6.2,23,0
TXN205704,CUST10721,2026-07-25,11,Online Retail,164.76,0,11.8,10,0
TXN205705,CUST10937,2026-08-07,6,Dining,54.9,1,20.7,5,0
TXN205706,CUST11695,2026-08-20,14,Grocery,12.47,0,2.8,295,0
TXN205707,CUST10406,2026-07-19,9,Jewelry,829.83,0,7.1,376,0
TXN205708,CUST11815,2026-09-18,9,Dining,43.92,0,11.6,90,0
TXN205709,CUST10629,2026-08-06,10,Electronics,282.67,0,3.5,45,0
TXN205710,CUST12213,2026-08-13,20,Grocery,28.63,0,5.4,134,0
TXN205711,CUST10397,2026-08-04,18,Electronics,305.32,0,10.2,1198,0
TXN205712,CUST12430,2026-07-09,10,Dining,32.24,0,21.0,78,0
TXN205713,CUST11976,2026-08-16,20,Dining,58.32,0,6.5,97,0
TXN205714,CUST11647,2026-08-24,22,Dining,57.62,0,1.8,286,0
TXN205715,CUST11724,2026-07-07,17,ATM Withdrawal,179.19,0,13.4,1663,0
TXN205716,CUST11811,2026-08-07,14,Electronics,693.42,0,5.4,924,0
TXN205717,CUST10974,2026-08-09,17,Dining,36.51,0,2.0,214,0
TXN205718,CUST12006,2026-08-15,13,Grocery,11.69,0,3.0,305,0
TXN205719,CUST12438,2026-08-02,10,Grocery,69.53,0,1.0,731,0
TXN205720,CUST12045,2026-08-13,13,ATM Withdrawal,248.95,0,19.9,356,0
TXN205721,CUST10497,2026-09-16,12,Electronics,219.66,1,2.6,137,0
TXN205722,CUST11471,2026-09-03,13,Grocery,31.05,0,4.7,230,0
TXN205723,CUST11489,2026-07-14,17,Dining,224.34,1,27.3,350,0
TXN205724,CUST12036,2026-08-20,18,Jewelry,431.74,0,0.5,99,0
TXN205725,CUST11955,2026-09-10,10,Online Retail,207.01,0,10.8,642,0
TXN205726,CUST11616,2026-07-20,20,Online Retail,301.32,0,2.9,928,0
TXN205727,CUST12407,2026-09-09,8,Dining,69.17,0,0.6,63,0
TXN205728,CUST11949,2026-08-11,12,Fuel,38.98,0,5.5,220,0
TXN205729,CUST11778,2026-08-06,14,Online Retail,43.02,0,2.8,336,0
TXN205730,CUST11042,2026-07-06,11,Dining,198.18,0,5.5,229,0
TXN205731,CUST12355,2026-07-08,19,Dining,106.33,0,0.5,26,0
TXN205732,CUST11352,2026-07-10,4,Grocery,8.78,0,3.2,927,0
TXN205733,CUST11557,2026-07-16,23,Online Retail,116.74,0,14.7,134,0
TXN205734,CUST12236,2026-08-27,8,Dining,47.31,0,10.6,197,0
TXN205735,CUST10271,2026-08-23,17,Electronics,514.17,0,23.8,498,0
TXN205736,CUST12304,2026-09-15,20,Electronics,421.19,0,1.7,387,0
TXN205737,CUST11488,2026-07-09,7,Dining,31.81,0,21.4,237,0
TXN205738,CUST10634,2026-08-18,14,Travel,292.94,0,3.5,481,0
TXN205739,CUST11734,2026-09-14,17,Grocery,52.98,0,0.6,5,0
TXN205740,CUST10019,2026-08-17,7,Travel,413.24,0,12.6,117,0
TXN205741,CUST10751,2026-09-17,9,Dining,87.11,0,0.1,376,0
TXN205742,CUST11215,2026-08-14,15,Electronics,414.81,0,1.9,285,0
TXN205743,CUST10004,2026-09-18,8,Electronics,392.09,0,12.1,225,0
TXN205744,CUST10943,2026-07-21,13,Dining,75.63,0,1.2,668,0
TXN205745,CUST10318,2026-07-01,11,Online Retail,119.5,0,3.5,233,0
TXN205746,CUST12448,2026-07-14,14,Grocery,19.12,0,10.4,660,0
TXN205747,CUST10826,2026-09-05,9,ATM Withdrawal,561.6,0,4.0,276,0
TXN205748,CUST11833,2026-09-13,3,Fuel,129.78,0,12.6,661,0
TXN205749,CUST10693,2026-07-25,9,Grocery,56.3,0,0.7,5,0
TXN205750,CUST11738,2026-07-27,14,ATM Withdrawal,351.47,0,11.5,211,0
TXN205751,CUST10372,2026-07-10,14,Grocery,8.19,0,3.9,419,0
TXN205752,CUST10028,2026-09-20,14,Grocery,32.41,0,6.2,27,1
TXN205753,CUST10616,2026-08-06,8,Online Retail,204.48,0,4.8,62,0
TXN205754,CUST10389,2026-09-09,3,Dining,56.79,0,6.8,219,0
TXN205755,CUST10203,2026-07-07,14,Electronics,119.0,0,15.2,23,0
TXN205756,CUST11230,2026-08-03,13,Grocery,36.64,0,10.0,1517,0
TXN205757,CUST11148,2026-08-03,14,Fuel,23.85,0,3.8,20,0
TXN205758,CUST10427,2026-09-13,7,Electronics,314.36,0,14.4,6,0
TXN205759,CUST10423,2026-09-01,13,Travel,405.43,0,4.5,376,0
TXN205760,CUST11140,2026-09-02,9,Fuel,36.11,0,3.2,392,0
TXN205761,CUST12340,2026-09-10,23,Grocery,79.63,1,22.1,595,0
TXN205762,CUST10146,2026-07-08,5,Online Retail,93.33,0,1.5,146,0
TXN205763,CUST11936,2026-09-19,18,Fuel,57.85,1,2.7,509,0
TXN205764,CUST11250,2026-09-21,8,Dining,168.09,0,7.9,257,0
TXN205765,CUST11911,2026-09-20,13,Dining,66.1,0,15.8,195,0
TXN205766,CUST10238,2026-08-15,14,Travel,858.15,0,13.3,296,0
TXN205767,CUST11553,2026-08-07,17,Electronics,206.35,0,0.0,24,0
TXN205768,CUST10918,2026-08-14,18,Dining,55.28,0,0.4,44,0
TXN205769,CUST10913,2026-09-25,14,Travel,714.52,0,4.2,155,0
TXN205770,CUST11098,2026-09-11,9,Fuel,114.92,0,3.6,212,0
TXN205771,CUST10860,2026-07-01,14,Dining,51.4,0,47.0,1223,0
TXN205772,CUST11488,2026-07-18,13,Grocery,100.04,1,38.1,803,0
TXN205773,CUST10941,2026-08-25,10,Grocery,24.11,0,5.0,982,0
TXN205774,CUST10755,2026-06-29,13,Dining,79.16,0,2.1,570,0
TXN205775,CUST12158,2026-09-03,20,Dining,35.35,0,0.6,47,0
TXN205776,CUST11790,2026-07-23,14,ATM Withdrawal,229.46,0,18.6,366,0
TXN205777,CUST10425,2026-07-04,10,Grocery,106.85,1,1.6,251,0
TXN205778,CUST10292,2026-08-04,20,Travel,524.11,0,18.5,158,0
TXN205779,CUST10736,2026-07-18,23,ATM Withdrawal,157.75,0,10.1,431,0
TXN205780,CUST10574,2026-07-26,21,Grocery,94.72,1,8.3,290,0
TXN205781,CUST10347,2026-08-20,14,Dining,20.79,0,13.0,129,0
TXN205782,CUST10735,2026-08-28,13,Jewelry,804.23,0,0.1,46,0
TXN205783,CUST12318,2026-09-16,16,Online Retail,213.3,0,25.9,135,0
TXN205784,CUST10660,2026-08-20,13,Grocery,61.24,0,3.7,142,0
TXN205785,CUST11431,2026-07-25,4,Fuel,113.3,0,4.4,140,0
TXN205786,CUST11043,2026-07-07,19,Grocery,27.76,0,15.3,316,0
TXN205787,CUST10745,2026-07-21,8,ATM Withdrawal,185.3,0,3.5,418,0
TXN205788,CUST10188,2026-09-17,8,Fuel,58.58,0,2.1,37,0
TXN205789,CUST10785,2026-09-07,12,ATM Withdrawal,158.47,0,3.8,310,0
TXN205790,CUST12236,2026-08-24,20,Dining,99.46,0,16.6,134,0
TXN205791,CUST10536,2026-07-01,13,Electronics,396.53,0,13.3,126,0
TXN205792,CUST11051,2026-07-05,19,Dining,41.69,0,16.9,78,0
TXN205793,CUST11799,2026-09-22,17,Online Retail,213.68,0,21.4,237,0
TXN205794,CUST11984,2026-08-14,18,Online Retail,295.46,0,0.1,951,0
TXN205795,CUST12447,2026-07-16,9,Online Retail,112.87,0,5.1,122,0
TXN205796,CUST10192,2026-08-05,6,Electronics,343.47,0,1.8,164,0
TXN205797,CUST11388,2026-09-09,8,Grocery,35.95,0,7.0,211,0
TXN205798,CUST10315,2026-07-08,23,Online Retail,191.1,0,3.1,185,0
TXN205799,CUST11282,2026-06-29,8,Electronics,237.09,0,9.9,526,1
TXN205800,CUST11455,2026-08-27,22,Travel,462.92,0,1.0,686,0
TXN205801,CUST10336,2026-07-23,13,Fuel,9.71,0,7.4,271,0
TXN205802,CUST10814,2026-07-02,8,Grocery,57.93,0,4.4,238,0
TXN205803,CUST11079,2026-09-12,10,Online Retail,128.92,1,9.3,1361,0
TXN205804,CUST11849,2026-08-20,19,Grocery,29.59,0,8.3,1191,0
TXN205805,CUST12196,2026-07-13,12,Travel,1129.39,1,0.5,1255,0
TXN205806,CUST11493,2026-08-05,10,Dining,115.56,0,11.0,78,0
TXN205807,CUST10859,2026-06-29,19,Grocery,41.78,0,1.9,223,0
TXN205808,CUST11716,2026-09-05,11,Online Retail,137.45,0,11.7,753,0
TXN205809,CUST10840,2026-09-04,11,Grocery,35.88,0,2.5,81,0
TXN205810,CUST12379,2026-09-08,19,Fuel,25.42,1,8.1,133,0
TXN205811,CUST11845,2026-07-24,18,Grocery,64.42,1,4.2,520,0
TXN205812,CUST10274,2026-07-25,15,Dining,61.06,0,0.5,600,0
TXN205813,CUST11017,2026-08-31,11,Travel,390.68,0,2.1,363,0
TXN205814,CUST11381,2026-07-09,11,Grocery,66.14,1,4.8,35,0
TXN205815,CUST11374,2026-07-14,23,Electronics,403.12,0,32.5,1685,0
TXN205816,CUST10271,2026-08-13,7,Fuel,94.38,0,2.7,702,0
TXN205817,CUST11639,2026-08-07,3,Online Retail,83.42,0,0.7,429,0
TXN205818,CUST12067,2026-08-06,14,Online Retail,266.46,0,14.5,125,0
TXN205819,CUST12040,2026-07-19,11,Online Retail,90.24,0,30.6,101,0
TXN205820,CUST10045,2026-07-15,18,Grocery,43.59,0,1.2,406,0
TXN205821,CUST11386,2026-09-03,11,Dining,19.27,0,1.3,412,0
TXN205822,CUST11409,2026-07-08,17,Online Retail,237.08,0,4.9,11,0
TXN205823,CUST10771,2026-07-10,13,Online Retail,56.4,0,10.5,5,0
TXN205824,CUST12239,2026-08-01,11,Electronics,821.36,0,14.2,29,0
TXN205825,CUST10129,2026-09-01,15,Jewelry,434.5,0,7.1,708,0
TXN205826,CUST10740,2026-07-21,10,Grocery,72.53,0,7.1,39,0
TXN205827,CUST11912,2026-07-14,23,Travel,248.05,0,0.8,340,0
TXN205828,CUST11189,2026-06-30,19,Electronics,278.6,0,19.6,9,0
TXN205829,CUST11626,2026-08-06,15,ATM Withdrawal,213.67,0,4.2,648,0
TXN205830,CUST11105,2026-07-13,17,Travel,232.85,0,1.1,102,0
TXN205831,CUST10472,2026-07-31,11,Online Retail,319.96,0,3.0,549,0
TXN205832,CUST11535,2026-08-31,14,Grocery,55.47,0,4.1,438,0
TXN205833,CUST11701,2026-08-26,16,Online Retail,85.27,0,23.1,278,0
TXN205834,CUST10990,2026-08-06,19,ATM Withdrawal,211.55,0,1.4,472,0
TXN205835,CUST10602,2026-08-03,16,Travel,1225.87,0,12.7,708,0
TXN205836,CUST10915,2026-07-08,16,Travel,698.92,0,1.3,164,0
TXN205837,CUST10879,2026-09-09,23,Grocery,16.48,0,0.4,258,0
TXN205838,CUST11371,2026-06-30,16,Dining,51.3,1,0.2,233,0
TXN205839,CUST11755,2026-09-16,9,Electronics,1038.34,0,10.0,1065,0
TXN205840,CUST11318,2026-07-31,15,ATM Withdrawal,135.14,0,1.7,132,0
TXN205841,CUST12122,2026-08-15,14,Dining,74.26,0,5.6,367,0
TXN205842,CUST10045,2026-07-05,19,Grocery,23.13,0,0.2,1899,0
TXN205843,CUST10976,2026-07-25,4,Dining,54.36,0,6.3,851,0
TXN205844,CUST12248,2026-07-19,21,Dining,72.62,0,5.6,92,0
TXN205845,CUST12285,2026-07-13,7,Grocery,30.9,0,14.3,25,0
TXN205846,CUST11310,2026-08-19,20,Grocery,35.58,0,12.7,961,0
TXN205847,CUST12444,2026-08-10,17,Dining,111.59,0,2.9,704,0
TXN205848,CUST12155,2026-07-26,9,Grocery,62.69,0,4.6,1118,0
TXN205849,CUST11590,2026-09-07,11,Dining,51.97,0,1.1,223,0
TXN205850,CUST11487,2026-07-11,12,Travel,637.14,0,7.9,175,0
TXN205851,CUST10470,2026-09-23,15,Grocery,45.2,0,2.6,640,0
TXN205852,CUST11187,2026-09-19,8,Online Retail,112.11,0,2.5,264,0
TXN205853,CUST11567,2026-09-03,12,Electronics,229.68,0,3.3,118,0
TXN205854,CUST11262,2026-09-22,18,Grocery,38.4,0,1.5,1062,0
TXN205855,CUST11689,2026-09-07,14,Dining,138.69,0,6.8,308,0
TXN205856,CUST11072,2026-08-01,13,Dining,15.91,0,8.8,1301,0
TXN205857,CUST10241,2026-08-09,17,Fuel,38.79,0,6.1,851,0
TXN205858,CUST10572,2026-07-01,9,ATM Withdrawal,284.63,0,1.1,888,0
TXN205859,CUST12446,2026-07-15,8,Grocery,19.76,0,1.2,347,0
TXN205860,CUST10592,2026-07-30,12,ATM Withdrawal,232.33,1,3.2,53,0
TXN205861,CUST11641,2026-08-19,15,Online Retail,104.56,0,0.2,260,0
TXN205862,CUST10393,2026-09-04,10,Dining,119.71,0,8.4,1810,0
TXN205863,CUST11117,2026-09-21,14,Travel,371.03,0,7.9,142,0
TXN205864,CUST10022,2026-09-22,15,Grocery,48.9,0,6.5,178,0
TXN205865,CUST10658,2026-07-16,16,Grocery,44.16,0,6.5,1090,0
TXN205866,CUST10617,2026-08-02,17,Fuel,45.08,0,6.4,995,0
TXN205867,CUST11959,2026-09-24,12,Electronics,284.5,0,0.4,315,0
TXN205868,CUST10946,2026-07-24,21,Dining,73.43,0,7.7,217,0
TXN205869,CUST11949,2026-07-23,15,Grocery,31.5,0,12.5,1183,0
TXN205870,CUST11929,2026-09-23,12,Online Retail,70.43,0,1.7,570,0
TXN205871,CUST10987,2026-08-17,20,Travel,403.54,0,11.7,404,0
TXN205872,CUST10923,2026-07-15,12,ATM Withdrawal,126.58,0,19.2,86,0
TXN205873,CUST12024,2026-07-25,8,ATM Withdrawal,268.05,1,11.3,304,0
TXN205874,CUST11768,2026-09-19,15,Grocery,45.92,0,25.7,150,0
TXN205875,CUST12303,2026-07-27,5,Grocery,33.31,0,3.5,1457,0
TXN205876,CUST10226,2026-09-01,11,Online Retail,108.0,0,7.4,383,0
TXN205877,CUST10633,2026-09-12,14,Grocery,49.23,0,13.5,1323,0
TXN205878,CUST11838,2026-07-20,16,Online Retail,108.37,0,9.1,669,0
TXN205879,CUST11803,2026-09-06,18,Dining,64.8,0,5.4,17,0
TXN205880,CUST12014,2026-06-29,16,Online Retail,149.62,0,1.1,224,0
TXN205881,CUST12177,2026-08-11,15,Jewelry,1034.15,0,14.5,284,0
TXN205882,CUST11168,2026-07-28,10,Online Retail,103.25,0,1.4,221,0
TXN205883,CUST10528,2026-09-22,16,Online Retail,132.76,0,10.5,193,0
TXN205884,CUST10763,2026-08-23,11,Electronics,138.47,0,6.8,18,0
TXN205885,CUST10143,2026-08-17,12,Grocery,36.63,0,7.8,17,0
TXN205886,CUST11721,2026-09-13,11,Fuel,133.72,0,4.0,65,0
TXN205887,CUST11352,2026-09-08,21,Dining,47.19,0,2.0,143,0
TXN205888,CUST11307,2026-09-20,20,ATM Withdrawal,126.76,0,4.2,57,0
TXN205889,CUST10588,2026-07-28,3,Travel,260.56,0,7.7,1242,0
TXN205890,CUST12200,2026-09-10,12,Fuel,79.24,0,0.7,121,0
TXN205891,CUST12480,2026-09-01,8,Travel,415.45,0,3.2,111,0
TXN205892,CUST10747,2026-09-03,13,Fuel,102.02,0,1.2,82,0
TXN205893,CUST11820,2026-08-26,20,Grocery,168.46,0,0.5,141,0
TXN205894,CUST12496,2026-09-13,14,Grocery,17.29,0,2.5,50,0
TXN205895,CUST11714,2026-09-19,19,Fuel,112.79,0,17.3,55,0
TXN205896,CUST11118,2026-09-18,9,Dining,34.44,0,11.0,226,0
TXN205897,CUST10665,2026-08-08,22,Grocery,50.25,0,16.3,59,0
TXN205898,CUST12245,2026-09-04,23,Electronics,128.77,0,0.7,48,0
TXN205899,CUST12136,2026-07-09,14,Fuel,49.77,0,0.1,613,0
TXN205900,CUST11462,2026-07-24,0,Travel,389.61,0,8.7,181,0
TXN205901,CUST11270,2026-08-08,6,Dining,27.01,0,34.9,64,0
TXN205902,CUST11890,2026-08-08,7,Grocery,31.31,0,7.3,69,0
TXN205903,CUST11577,2026-07-20,18,Dining,145.53,0,9.8,1213,0
TXN205904,CUST12234,2026-08-22,13,Online Retail,163.67,0,1.3,274,0
TXN205905,CUST12311,2026-09-19,8,Online Retail,116.63,0,13.0,552,0
TXN205906,CUST10434,2026-08-16,17,Dining,64.91,0,24.4,360,0
TXN205907,CUST11331,2026-08-31,11,Grocery,37.74,0,3.0,35,0
TXN205908,CUST11047,2026-08-14,5,Online Retail,135.32,0,2.4,154,0
TXN205909,CUST10769,2026-07-18,3,Electronics,236.06,0,17.5,107,0
TXN205910,CUST10301,2026-09-21,17,Fuel,57.94,0,26.9,452,0
TXN205911,CUST10746,2026-08-28,17,Fuel,31.94,0,8.9,411,0
TXN205912,CUST10726,2026-09-08,9,Grocery,77.83,0,6.1,5,0
TXN205913,CUST11061,2026-07-02,8,Travel,703.68,0,4.2,571,0
TXN205914,CUST12464,2026-08-02,11,Online Retail,178.68,0,4.6,31,0
TXN205915,CUST11129,2026-09-17,23,Fuel,40.07,0,8.4,189,0
TXN205916,CUST10339,2026-09-21,15,Grocery,30.99,0,5.3,298,0
TXN205917,CUST12005,2026-08-09,11,Grocery,94.12,0,5.5,696,0
TXN205918,CUST11887,2026-07-22,10,Dining,33.11,0,1.9,10,0
TXN205919,CUST12029,2026-08-08,17,Grocery,62.66,0,0.4,144,0
TXN205920,CUST10682,2026-08-10,19,Jewelry,2606.23,0,23.9,147,1
TXN205921,CUST11855,2026-07-01,8,Travel,269.47,0,2.3,408,0
TXN205922,CUST11051,2026-07-03,11,Travel,214.81,0,2.1,103,0
TXN205923,CUST12365,2026-08-18,14,Dining,217.58,0,19.6,130,0
TXN205924,CUST10715,2026-09-11,13,Online Retail,237.45,0,13.6,262,0
TXN205925,CUST12394,2026-08-25,14,Fuel,80.68,0,6.9,266,0
TXN205926,CUST11973,2026-07-24,13,Jewelry,805.25,0,4.9,164,0
TXN205927,CUST10591,2026-07-16,22,Dining,36.02,0,5.1,971,0
TXN205928,CUST12146,2026-07-04,11,Grocery,21.71,0,10.2,231,0
TXN205929,CUST11222,2026-09-07,19,Dining,59.92,0,7.2,6,0
TXN205930,CUST10653,2026-07-25,11,Grocery,37.63,0,3.3,979,0
TXN205931,CUST11826,2026-07-04,23,Online Retail,192.8,0,19.7,109,0
TXN205932,CUST11465,2026-07-29,12,Fuel,55.18,0,7.6,451,0
TXN205933,CUST11580,2026-08-10,13,Electronics,120.24,0,7.4,204,0
TXN205934,CUST10956,2026-09-24,19,Dining,60.91,0,8.5,24,0
TXN205935,CUST11210,2026-07-04,9,Dining,69.9,0,28.4,319,0
TXN205936,CUST10570,2026-09-09,18,Dining,50.13,0,7.2,321,0
TXN205937,CUST12432,2026-08-29,13,ATM Withdrawal,184.62,0,13.8,87,0
TXN205938,CUST12278,2026-08-30,13,Grocery,89.35,0,11.2,145,0
TXN205939,CUST12171,2026-09-09,9,Grocery,62.88,0,3.5,602,0
TXN205940,CUST11079,2026-08-03,16,Online Retail,146.08,0,7.9,80,0
TXN205941,CUST10442,2026-06-30,10,Online Retail,118.18,1,1.4,227,0
TXN205942,CUST11645,2026-07-22,14,Online Retail,34.35,0,9.4,332,0
TXN205943,CUST11693,2026-09-01,13,Fuel,33.57,1,1.3,244,0
TXN205944,CUST12358,2026-08-11,15,Fuel,79.4,0,0.9,361,0
TXN205945,CUST10105,2026-08-03,13,Travel,387.45,0,19.5,9,0
TXN205946,CUST10822,2026-07-31,19,Dining,71.37,0,7.9,321,0
TXN205947,CUST10350,2026-07-17,7,Dining,28.72,0,5.1,598,0
TXN205948,CUST12407,2026-08-31,13,Grocery,29.85,0,10.1,179,0
TXN205949,CUST11766,2026-07-13,19,ATM Withdrawal,70.47,0,30.0,355,0
TXN205950,CUST11668,2026-09-11,17,Online Retail,81.43,1,9.3,291,0
TXN205951,CUST12310,2026-08-16,19,Online Retail,158.63,0,5.7,551,0
TXN205952,CUST10532,2026-07-24,9,Electronics,470.87,0,0.8,715,0
TXN205953,CUST11493,2026-08-10,21,Fuel,41.66,0,5.1,36,0
TXN205954,CUST10418,2026-08-20,11,Travel,364.01,1,12.8,225,0
TXN205955,CUST11705,2026-08-28,14,Online Retail,111.5,0,5.2,611,0
TXN205956,CUST10440,2026-09-18,10,Grocery,61.97,0,13.7,1124,0
TXN205957,CUST10165,2026-09-23,18,Online Retail,113.61,0,13.2,219,0
TXN205958,CUST10426,2026-08-21,18,Electronics,666.38,0,23.9,485,0
TXN205959,CUST11063,2026-08-31,5,ATM Withdrawal,305.49,0,2.3,1156,0
TXN205960,CUST12195,2026-07-07,2,ATM Withdrawal,267.48,0,12.6,348,0
TXN205961,CUST10634,2026-07-02,17,Dining,54.15,0,15.4,799,0
TXN205962,CUST10371,2026-06-30,11,Grocery,75.93,0,12.2,1086,0
TXN205963,CUST11651,2026-08-15,17,Dining,98.11,0,1.7,447,0
TXN205964,CUST11507,2026-07-21,15,Travel,712.17,0,7.7,170,0
TXN205965,CUST10225,2026-08-02,14,Jewelry,335.0,0,0.7,18,0
TXN205966,CUST11108,2026-09-22,12,Online Retail,199.55,0,13.3,219,0
TXN205967,CUST10059,2026-07-17,7,Fuel,108.21,0,5.0,596,0
TXN205968,CUST11737,2026-09-07,10,Online Retail,209.75,0,1.2,23,0
TXN205969,CUST10031,2026-07-12,16,Dining,122.05,0,4.3,197,0
TXN205970,CUST11345,2026-09-02,16,Electronics,394.57,0,0.3,119,0
TXN205971,CUST11849,2026-06-30,20,Dining,17.15,0,8.2,126,0
TXN205972,CUST10332,2026-07-27,12,Electronics,638.35,0,3.5,442,0
TXN205973,CUST11437,2026-09-10,12,Grocery,35.75,0,7.4,424,0
TXN205974,CUST10251,2026-08-08,15,Grocery,74.57,0,1.7,18,0
TXN205975,CUST11727,2026-09-17,1,ATM Withdrawal,169.44,0,9.8,1599,0
TXN205976,CUST11457,2026-09-03,19,Electronics,899.93,0,4.5,425,0
TXN205977,CUST11952,2026-08-15,12,Dining,64.67,0,0.2,102,0
TXN205978,CUST11474,2026-09-21,13,Travel,654.62,0,8.8,592,0
TXN205979,CUST10482,2026-07-26,14,Grocery,66.92,0,4.4,460,0
TXN205980,CUST10946,2026-08-01,8,Grocery,50.61,0,17.4,737,0
TXN205981,CUST11188,2026-08-26,16,Jewelry,1041.97,0,0.0,327,0
TXN205982,CUST11689,2026-08-20,9,Grocery,29.24,0,5.9,204,0
TXN205983,CUST12032,2026-07-14,0,Dining,62.59,0,18.4,332,0
TXN205984,CUST11560,2026-07-12,17,Fuel,40.17,0,63.8,1098,0
TXN205985,CUST10424,2026-09-18,23,Online Retail,159.6,1,1.1,1217,0
TXN205986,CUST10984,2026-09-14,17,Grocery,36.77,0,2.4,301,0
TXN205987,CUST11795,2026-07-25,17,Online Retail,172.39,0,2.4,376,0
TXN205988,CUST11309,2026-07-15,13,Dining,87.49,0,9.9,431,0
TXN205989,CUST10480,2026-08-24,23,Electronics,182.07,1,2.3,356,0
TXN205990,CUST11117,2026-09-16,22,Online Retail,32.84,0,0.4,113,0
TXN205991,CUST10706,2026-09-20,11,Grocery,65.64,0,6.1,568,0
TXN205992,CUST12130,2026-09-03,13,Dining,78.95,0,0.8,476,0
TXN205993,CUST10495,2026-09-26,8,Fuel,118.14,1,15.1,435,0
TXN205994,CUST10353,2026-07-22,14,Dining,60.74,0,10.6,819,0
TXN205995,CUST10473,2026-08-09,5,Fuel,73.41,1,8.5,978,0
TXN205996,CUST11005,2026-08-29,10,Grocery,106.82,0,2.9,254,0
TXN205997,CUST12316,2026-08-02,13,Electronics,101.87,0,5.0,5,0
TXN205998,CUST11009,2026-08-30,4,Electronics,328.31,0,8.5,281,0
TXN205999,CUST11114,2026-08-17,10,Dining,121.83,0,1.2,238,0
TXN206000,CUST11835,2026-09-17,18,Jewelry,421.11,0,4.9,69,0
TXN206001,CUST12022,2026-07-25,18,Fuel,46.79,0,0.7,396,0
TXN206002,CUST11156,2026-08-10,8,ATM Withdrawal,143.65,0,9.1,248,0
TXN206003,CUST11424,2026-09-05,12,Electronics,295.87,0,18.3,25,0
TXN206004,CUST10664,2026-09-19,12,Grocery,91.32,0,6.0,463,0
TXN206005,CUST11952,2026-08-10,13,Online Retail,42.08,0,21.0,101,0
TXN206006,CUST11554,2026-08-21,12,Grocery,25.53,0,1.9,14,0
TXN206007,CUST10439,2026-08-05,8,Grocery,27.35,1,2.8,128,0
TXN206008,CUST12369,2026-07-25,19,Fuel,80.72,0,0.1,370,0
TXN206009,CUST10589,2026-07-21,14,Online Retail,190.38,0,4.9,84,0
TXN206010,CUST10191,2026-08-09,9,Online Retail,129.78,0,4.7,441,0
TXN206011,CUST12048,2026-06-30,14,Online Retail,52.35,0,12.5,79,0
TXN206012,CUST10564,2026-07-26,17,ATM Withdrawal,135.74,0,8.0,1200,0
TXN206013,CUST10760,2026-09-11,16,Dining,27.53,0,4.0,780,0
TXN206014,CUST10166,2026-07-01,23,ATM Withdrawal,527.08,0,33.4,130,0
TXN206015,CUST10472,2026-08-21,8,Electronics,137.46,0,10.9,1409,0
TXN206016,CUST11237,2026-08-29,10,Electronics,973.48,1,9.6,1763,0
TXN206017,CUST11565,2026-07-03,8,Grocery,26.89,0,1.7,1172,0
TXN206018,CUST11139,2026-08-17,7,Travel,386.35,0,5.2,390,0
TXN206019,CUST12303,2026-09-09,20,Fuel,28.7,0,0.2,49,0
TXN206020,CUST11208,2026-09-07,14,Fuel,15.11,1,3.7,1271,0
TXN206021,CUST11549,2026-07-08,13,Online Retail,172.89,0,14.1,61,0
TXN206022,CUST11759,2026-08-30,19,Travel,560.15,0,4.5,102,0
TXN206023,CUST10611,2026-08-30,11,Travel,232.01,0,12.1,307,0
TXN206024,CUST11751,2026-08-29,6,Fuel,124.32,0,3.6,583,0
TXN206025,CUST11139,2026-08-28,13,Grocery,37.16,0,44.7,939,0
TXN206026,CUST12032,2026-09-09,9,Online Retail,88.58,0,1.7,28,0
TXN206027,CUST11643,2026-09-02,6,Electronics,429.11,0,4.1,15,0
TXN206028,CUST10865,2026-07-24,23,Grocery,50.08,0,3.2,15,0
TXN206029,CUST11523,2026-09-22,15,Dining,152.01,0,5.4,214,0
TXN206030,CUST10172,2026-07-30,17,Online Retail,77.79,0,2.8,921,0
TXN206031,CUST12438,2026-08-26,22,Fuel,71.7,1,5.0,9,0
TXN206032,CUST10956,2026-06-30,14,Grocery,41.72,0,20.1,625,0
TXN206033,CUST11810,2026-08-26,17,Grocery,37.13,1,8.3,5,0
TXN206034,CUST10269,2026-08-08,11,Fuel,43.17,0,1.2,21,0
TXN206035,CUST11603,2026-08-17,4,Electronics,502.14,0,22.4,2815,0
TXN206036,CUST10326,2026-09-09,17,Dining,48.25,0,4.8,202,0
TXN206037,CUST10712,2026-08-03,20,Online Retail,63.59,0,8.1,874,0
TXN206038,CUST10347,2026-09-08,11,Travel,230.26,0,34.3,100,0
TXN206039,CUST11868,2026-08-31,12,Travel,328.84,0,3.2,873,0
TXN206040,CUST12269,2026-09-02,5,Grocery,55.57,0,7.8,74,0
TXN206041,CUST11455,2026-08-29,8,Dining,67.61,0,10.8,128,0
TXN206042,CUST11119,2026-08-31,21,Grocery,23.88,0,3.2,36,0
TXN206043,CUST10621,2026-08-24,11,Travel,298.23,0,9.8,532,0
TXN206044,CUST11115,2026-08-30,10,Jewelry,840.13,0,7.9,304,0
TXN206045,CUST11861,2026-07-06,12,Online Retail,393.52,0,0.9,5,0
TXN206046,CUST11541,2026-06-30,8,Grocery,76.84,0,0.8,155,0
TXN206047,CUST10583,2026-08-25,7,Dining,46.96,0,20.5,321,0
TXN206048,CUST11564,2026-07-03,6,Jewelry,276.6,0,14.0,25,0
TXN206049,CUST12167,2026-06-30,14,Online Retail,236.53,1,14.5,833,0
TXN206050,CUST11588,2026-08-21,11,Fuel,76.72,0,0.1,910,0
TXN206051,CUST10543,2026-08-05,11,Fuel,52.36,0,14.6,1174,0
TXN206052,CUST10625,2026-07-12,17,Travel,545.39,0,5.3,176,0
TXN206053,CUST11186,2026-09-21,23,Dining,61.35,0,6.6,50,0
TXN206054,CUST12064,2026-08-01,11,Dining,142.15,0,1.8,77,0
TXN206055,CUST11975,2026-09-03,7,Online Retail,108.77,0,0.1,617,0
TXN206056,CUST12322,2026-07-02,7,Online Retail,74.94,0,1.1,262,0
TXN206057,CUST11702,2026-07-31,19,Online Retail,39.68,0,2.2,46,0
TXN206058,CUST10962,2026-07-31,8,Grocery,63.4,0,3.6,576,0
TXN206059,CUST10987,2026-07-25,16,ATM Withdrawal,287.2,0,1.6,237,0
TXN206060,CUST10269,2026-09-15,21,Fuel,43.62,0,11.2,583,0
TXN206061,CUST11059,2026-07-16,13,Online Retail,90.57,0,36.1,275,0
TXN206062,CUST11536,2026-07-26,13,Travel,181.94,0,2.0,10,0
TXN206063,CUST12312,2026-08-18,16,ATM Withdrawal,408.56,0,10.6,1541,0
TXN206064,CUST11369,2026-09-26,22,Online Retail,126.08,0,14.6,190,0
TXN206065,CUST11131,2026-07-03,10,Electronics,672.72,0,20.8,300,0
TXN206066,CUST10509,2026-08-23,14,Grocery,41.28,0,4.4,1527,0
TXN206067,CUST11713,2026-08-10,11,Travel,659.74,0,2.6,257,0
TXN206068,CUST12029,2026-08-31,12,Fuel,20.53,0,20.4,533,0
TXN206069,CUST10555,2026-08-17,8,Online Retail,119.46,0,4.8,353,0
TXN206070,CUST12086,2026-09-22,21,Dining,18.09,0,4.4,179,0
TXN206071,CUST10531,2026-08-07,17,Grocery,43.54,0,16.8,23,0
TXN206072,CUST12242,2026-09-03,16,Travel,613.84,0,13.5,75,0
TXN206073,CUST10702,2026-07-15,18,Travel,409.53,0,9.8,9,0
TXN206074,CUST12051,2026-09-19,16,Online Retail,53.57,0,4.3,539,0
TXN206075,CUST10756,2026-07-02,20,Grocery,45.93,0,15.4,67,0
TXN206076,CUST10502,2026-08-07,11,Grocery,32.43,0,0.1,124,0
TXN206077,CUST10206,2026-07-06,13,Dining,129.89,0,7.1,114,0
TXN206078,CUST11400,2026-09-10,12,Fuel,32.37,0,2.7,209,0
TXN206079,CUST11555,2026-07-30,15,Grocery,17.64,0,1.1,46,0
TXN206080,CUST11070,2026-09-11,7,Electronics,240.23,0,8.7,417,0
TXN206081,CUST11006,2026-07-15,23,Online Retail,70.53,0,0.3,196,0
TXN206082,CUST11271,2026-09-01,9,Electronics,403.42,0,7.8,105,0
TXN206083,CUST12469,2026-09-13,13,Travel,407.88,0,13.5,166,0
TXN206084,CUST10489,2026-07-06,21,ATM Withdrawal,328.22,0,5.7,674,0
TXN206085,CUST12185,2026-09-23,12,Electronics,250.29,0,6.3,384,0
TXN206086,CUST11550,2026-07-10,18,Travel,405.3,0,0.3,276,0
TXN206087,CUST12361,2026-07-11,20,Online Retail,170.7,0,0.2,106,0
TXN206088,CUST12444,2026-07-14,4,Dining,143.61,0,5.7,729,0
TXN206089,CUST12051,2026-09-23,9,Jewelry,254.68,0,14.6,23,0
TXN206090,CUST11182,2026-09-23,15,Grocery,90.16,0,6.9,36,0
TXN206091,CUST12032,2026-09-03,8,Dining,83.38,0,1.7,80,0
TXN206092,CUST11624,2026-09-10,20,Dining,90.82,0,0.2,116,0
TXN206093,CUST10373,2026-07-20,20,Online Retail,421.4,0,3.9,241,0
TXN206094,CUST10370,2026-09-08,18,Fuel,69.31,0,0.4,388,0
TXN206095,CUST11957,2026-09-10,11,Online Retail,192.25,0,8.6,131,0
TXN206096,CUST10786,2026-08-27,11,Grocery,124.78,0,15.9,156,0
TXN206097,CUST10977,2026-08-01,17,Jewelry,622.54,0,2.7,27,0
TXN206098,CUST11961,2026-09-10,4,Grocery,27.85,0,0.9,244,0
TXN206099,CUST10566,2026-08-30,9,Electronics,663.81,0,0.7,32,0
TXN206100,CUST10964,2026-07-24,18,Electronics,1262.73,0,2.9,535,0
TXN206101,CUST10088,2026-07-23,14,Online Retail,181.6,0,9.2,140,0
TXN206102,CUST10180,2026-09-02,6,Electronics,187.74,0,18.3,913,0
TXN206103,CUST10419,2026-09-09,16,Electronics,458.5,0,9.4,460,0
TXN206104,CUST10090,2026-08-03,17,Online Retail,499.46,0,1.0,1194,0
TXN206105,CUST12204,2026-08-21,11,Grocery,195.83,0,3.7,111,0
TXN206106,CUST12082,2026-06-29,4,Electronics,446.99,0,13.0,104,0
TXN206107,CUST11027,2026-07-21,8,Grocery,41.72,0,1.8,291,0
TXN206108,CUST11960,2026-08-29,13,Online Retail,95.17,0,1.7,252,0
TXN206109,CUST12190,2026-07-05,12,Jewelry,533.67,0,2.3,353,0
TXN206110,CUST10359,2026-07-25,6,Dining,173.81,0,15.0,6,0
TXN206111,CUST12297,2026-07-26,10,Online Retail,212.89,0,5.8,74,1
TXN206112,CUST10170,2026-08-01,11,Fuel,38.91,0,2.1,59,0
TXN206113,CUST11173,2026-09-24,16,Online Retail,198.89,0,5.5,247,0
TXN206114,CUST11792,2026-09-16,6,Grocery,116.15,0,26.5,45,0
TXN206115,CUST11581,2026-07-09,8,Electronics,259.87,0,8.1,41,0
TXN206116,CUST11594,2026-07-18,19,Dining,24.79,0,30.2,49,0
TXN206117,CUST12245,2026-09-14,6,Grocery,43.73,0,2.6,227,0
TXN206118,CUST12488,2026-08-27,2,Grocery,47.72,1,1.6,55,0
TXN206119,CUST10650,2026-09-26,6,Dining,64.53,0,2.1,49,0
TXN206120,CUST12064,2026-07-26,10,ATM Withdrawal,116.88,0,10.7,1210,0
TXN206121,CUST11311,2026-09-22,9,Travel,443.6,0,1.1,84,0
TXN206122,CUST10650,2026-09-19,13,Electronics,421.42,0,0.0,930,0
TXN206123,CUST11201,2026-08-10,12,Travel,308.12,0,3.6,48,0
TXN206124,CUST12102,2026-08-21,7,Electronics,387.23,0,10.8,22,0
TXN206125,CUST10217,2026-08-10,18,Dining,62.7,0,6.9,902,0
TXN206126,CUST11647,2026-09-01,8,Online Retail,96.04,0,1.8,606,0
TXN206127,CUST11336,2026-09-21,19,Dining,63.84,0,1.9,334,0
TXN206128,CUST12010,2026-08-13,8,Online Retail,214.38,0,9.8,169,0
TXN206129,CUST11444,2026-07-06,13,Electronics,578.44,0,2.1,36,0
TXN206130,CUST12438,2026-07-06,19,ATM Withdrawal,233.66,0,12.1,79,0
TXN206131,CUST11430,2026-07-10,11,Electronics,590.69,0,6.9,44,0
TXN206132,CUST10472,2026-09-24,16,Dining,132.52,0,15.7,38,0
TXN206133,CUST11052,2026-09-14,19,Fuel,153.23,0,1.3,572,0
TXN206134,CUST11953,2026-08-21,6,Online Retail,101.47,0,1.6,566,0
TXN206135,CUST11350,2026-07-24,8,Online Retail,101.73,0,19.6,382,0
TXN206136,CUST11879,2026-07-24,13,Dining,154.71,0,8.3,346,0
TXN206137,CUST11332,2026-08-15,6,Online Retail,215.89,0,1.9,185,0
TXN206138,CUST12002,2026-07-14,13,Electronics,256.04,0,11.3,156,0
TXN206139,CUST12318,2026-08-03,15,Grocery,15.96,0,0.0,44,0
TXN206140,CUST10955,2026-07-17,12,Travel,358.51,0,21.1,427,0
TXN206141,CUST12437,2026-07-08,10,Grocery,16.62,0,11.6,189,0
TXN206142,CUST11503,2026-08-14,14,Online Retail,49.04,0,1.4,1186,0
TXN206143,CUST10952,2026-09-06,11,Online Retail,106.51,0,10.4,188,0
TXN206144,CUST10422,2026-08-09,13,Online Retail,66.4,0,5.3,1879,0
TXN206145,CUST11447,2026-08-12,9,Grocery,23.7,0,0.3,311,0
TXN206146,CUST12013,2026-08-17,21,Online Retail,94.66,0,7.8,171,0
TXN206147,CUST11520,2026-09-04,20,Grocery,12.92,0,9.0,1910,0
TXN206148,CUST10632,2026-08-27,17,Dining,55.75,0,21.0,600,0
TXN206149,CUST11002,2026-09-19,13,Electronics,662.3,0,3.0,386,0
TXN206150,CUST11884,2026-07-04,16,Jewelry,575.84,0,2.3,246,0
TXN206151,CUST11038,2026-07-18,15,Grocery,46.84,0,11.7,481,0
TXN206152,CUST12167,2026-07-10,12,Dining,54.71,0,3.0,12,0
TXN206153,CUST11567,2026-08-28,20,Online Retail,56.39,1,0.5,503,0
TXN206154,CUST11978,2026-09-13,22,Online Retail,95.73,0,4.1,6,0
TXN206155,CUST12432,2026-08-28,1,Travel,584.86,0,8.4,85,0
TXN206156,CUST11819,2026-07-31,17,Jewelry,821.93,0,15.4,479,0
TXN206157,CUST10003,2026-07-30,15,Online Retail,354.04,0,1.7,140,0
TXN206158,CUST10235,2026-08-08,15,Dining,83.7,0,0.7,353,0
TXN206159,CUST11150,2026-07-04,10,Online Retail,47.83,0,7.7,1147,0
TXN206160,CUST11259,2026-08-29,16,Online Retail,118.67,0,16.8,208,0
TXN206161,CUST11205,2026-08-06,12,ATM Withdrawal,134.64,0,0.6,400,0
TXN206162,CUST12075,2026-07-17,6,Dining,50.8,0,3.6,295,0
TXN206163,CUST10115,2026-09-12,12,Travel,613.1,0,2.3,158,0
TXN206164,CUST11346,2026-07-25,23,Travel,795.44,0,6.1,40,0
TXN206165,CUST10825,2026-08-01,13,Fuel,19.89,1,29.5,325,0
TXN206166,CUST11555,2026-08-01,11,Grocery,20.93,0,6.3,178,0
TXN206167,CUST11031,2026-08-17,8,Grocery,17.88,0,32.4,120,0
TXN206168,CUST10206,2026-08-09,20,Dining,48.25,0,3.1,45,0
TXN206169,CUST11793,2026-07-15,16,Dining,99.15,0,2.9,619,0
TXN206170,CUST11611,2026-08-22,11,Online Retail,98.37,0,5.3,19,0
TXN206171,CUST12249,2026-09-20,21,Grocery,50.76,0,9.3,453,0
TXN206172,CUST11437,2026-07-22,14,Fuel,18.23,0,8.7,193,0
TXN206173,CUST10607,2026-08-03,17,Fuel,148.76,0,5.7,845,0
TXN206174,CUST11950,2026-09-08,11,Electronics,531.34,0,2.4,91,0
TXN206175,CUST10317,2026-07-06,23,Online Retail,161.37,1,0.9,213,0
TXN206176,CUST12401,2026-07-21,7,Grocery,98.72,0,1.5,127,0
TXN206177,CUST10186,2026-08-30,19,Online Retail,57.4,0,31.3,469,0
TXN206178,CUST12064,2026-07-17,12,Electronics,208.89,0,1.5,366,0
TXN206179,CUST12356,2026-09-12,7,Fuel,50.67,0,10.0,152,0
TXN206180,CUST11490,2026-07-14,16,Grocery,31.4,0,8.4,521,0
TXN206181,CUST10914,2026-08-11,8,Online Retail,145.28,0,1.0,86,0
TXN206182,CUST12497,2026-07-14,10,Grocery,97.75,0,11.7,32,0
TXN206183,CUST10258,2026-08-09,16,Dining,87.46,0,2.3,338,0
TXN206184,CUST10883,2026-08-13,18,Electronics,231.78,0,4.2,125,0
TXN206185,CUST11976,2026-07-11,23,Travel,766.74,0,1.0,746,0
TXN206186,CUST10841,2026-09-18,12,Dining,66.38,0,12.4,230,0
TXN206187,CUST10489,2026-08-23,14,Fuel,130.86,0,4.9,362,0
TXN206188,CUST11495,2026-07-16,0,Fuel,78.96,0,1.7,1134,0
TXN206189,CUST11851,2026-08-04,13,Grocery,55.33,0,12.6,694,0
TXN206190,CUST11171,2026-09-22,5,Online Retail,169.47,0,1.3,125,0
TXN206191,CUST11249,2026-08-01,11,Dining,42.04,0,21.0,217,0
TXN206192,CUST10793,2026-07-23,12,ATM Withdrawal,414.18,1,6.8,206,0
TXN206193,CUST11254,2026-07-16,16,Grocery,45.14,1,10.6,524,0
TXN206194,CUST11101,2026-08-30,15,Online Retail,106.66,0,5.1,1159,0
TXN206195,CUST12191,2026-07-23,17,Travel,283.38,0,0.8,311,0
TXN206196,CUST10784,2026-07-04,8,Dining,97.52,0,0.6,268,0
TXN206197,CUST10294,2026-08-25,2,Grocery,13.95,0,3.0,173,0
TXN206198,CUST10891,2026-08-19,21,Grocery,27.27,0,0.2,706,0
TXN206199,CUST10689,2026-08-24,12,Grocery,43.43,0,9.0,727,0
TXN206200,CUST12287,2026-07-16,16,Electronics,157.47,0,16.1,154,0
TXN206201,CUST11796,2026-07-04,9,Jewelry,1990.87,0,8.5,29,0
TXN206202,CUST10688,2026-08-18,10,Dining,55.45,0,16.8,1689,0
TXN206203,CUST11146,2026-07-04,11,Online Retail,90.32,0,3.6,106,0
TXN206204,CUST12351,2026-08-26,11,Electronics,451.94,0,3.2,1348,0
TXN206205,CUST12042,2026-08-26,16,Grocery,83.48,0,30.9,151,0
TXN206206,CUST11076,2026-08-04,12,Dining,64.23,0,3.4,233,0
TXN206207,CUST12331,2026-07-02,12,Online Retail,141.59,0,7.1,190,0
TXN206208,CUST12276,2026-07-29,13,Electronics,679.03,0,3.9,2107,0
TXN206209,CUST12157,2026-07-11,12,Dining,72.46,0,4.1,5,0
TXN206210,CUST10624,2026-09-13,11,Travel,3259.34,0,2.7,402,1
TXN206211,CUST10599,2026-08-28,20,Electronics,196.86,0,5.6,47,0
TXN206212,CUST10131,2026-08-03,14,Online Retail,62.78,0,2.4,203,0
TXN206213,CUST11400,2026-08-22,23,Fuel,102.72,0,19.0,113,0
TXN206214,CUST10825,2026-07-23,14,Fuel,105.02,0,37.2,251,0
TXN206215,CUST10594,2026-08-25,9,Dining,66.31,0,12.0,138,1
TXN206216,CUST12478,2026-07-25,8,Online Retail,45.89,0,0.0,334,0
TXN206217,CUST11106,2026-07-31,13,Online Retail,167.55,0,5.7,790,0
TXN206218,CUST11658,2026-09-23,8,Grocery,25.75,0,4.0,189,0
TXN206219,CUST12063,2026-09-12,11,Fuel,42.99,0,10.4,1903,0
TXN206220,CUST11175,2026-09-22,9,Jewelry,4090.05,0,0.7,103,1
TXN206221,CUST10792,2026-08-22,20,Online Retail,190.29,0,0.4,301,0
TXN206222,CUST11129,2026-07-17,14,Grocery,74.81,1,12.1,380,0
TXN206223,CUST12327,2026-06-29,12,Jewelry,461.82,0,13.2,90,0
TXN206224,CUST10865,2026-09-04,11,Dining,112.41,0,4.0,349,0
TXN206225,CUST12413,2026-08-14,8,Online Retail,72.66,0,4.8,279,0
TXN206226,CUST10549,2026-09-18,9,Grocery,47.68,0,9.9,481,0
TXN206227,CUST10523,2026-09-19,13,Grocery,27.1,0,1.0,683,0
TXN206228,CUST10293,2026-07-19,20,Electronics,89.22,0,2.4,766,0
TXN206229,CUST11250,2026-09-01,16,Dining,23.35,0,1.0,559,0
TXN206230,CUST12219,2026-07-03,11,Fuel,30.82,0,7.3,14,0
TXN206231,CUST11403,2026-08-29,14,Electronics,79.97,0,3.1,469,0
TXN206232,CUST11733,2026-07-08,16,Online Retail,101.32,0,1.8,739,0
TXN206233,CUST11060,2026-07-31,6,Online Retail,198.59,0,14.3,872,0
TXN206234,CUST11885,2026-07-25,13,Fuel,103.47,1,3.5,72,0
TXN206235,CUST10626,2026-09-21,9,Grocery,50.75,1,6.5,337,0
TXN206236,CUST11514,2026-09-19,9,Dining,221.44,0,12.5,1537,0
TXN206237,CUST10252,2026-07-25,17,Online Retail,144.4,0,21.7,686,0
TXN206238,CUST11273,2026-07-15,16,Jewelry,265.17,0,29.3,684,0
TXN206239,CUST10347,2026-09-07,17,Jewelry,1085.54,0,8.8,591,0
TXN206240,CUST10777,2026-07-18,8,Travel,656.35,0,0.4,610,0
TXN206241,CUST11722,2026-07-23,14,Grocery,60.94,0,3.8,1183,0
TXN206242,CUST10814,2026-09-07,17,Grocery,45.1,0,23.0,187,0
TXN206243,CUST10763,2026-07-13,9,Travel,420.59,0,0.9,47,0
TXN206244,CUST11938,2026-07-20,14,Fuel,32.92,0,1.6,5,0
TXN206245,CUST10988,2026-07-18,12,Travel,462.88,0,3.9,51,0
TXN206246,CUST12027,2026-08-05,21,Online Retail,142.87,0,0.2,587,0
TXN206247,CUST11444,2026-09-14,10,Electronics,420.11,0,1.7,2064,0
TXN206248,CUST11590,2026-07-25,9,Dining,56.29,0,3.5,159,0
TXN206249,CUST10953,2026-08-01,15,Electronics,591.33,0,10.2,29,0
TXN206250,CUST11510,2026-09-04,9,Dining,73.39,0,0.5,72,0
TXN206251,CUST10228,2026-08-21,16,Online Retail,91.79,0,1.7,335,0
TXN206252,CUST12304,2026-08-22,18,Fuel,66.26,0,3.8,111,0
TXN206253,CUST12114,2026-07-14,16,Online Retail,125.36,0,1.2,256,0
TXN206254,CUST10696,2026-09-15,16,Dining,133.48,0,1.6,323,0
TXN206255,CUST11341,2026-08-15,11,Dining,114.69,0,0.7,837,0
TXN206256,CUST12489,2026-09-21,19,Grocery,50.65,0,6.1,44,0
TXN206257,CUST10071,2026-08-23,14,Dining,114.96,0,2.4,510,0
TXN206258,CUST10311,2026-09-18,17,Jewelry,653.5,0,28.0,761,0
TXN206259,CUST11032,2026-09-05,8,Dining,32.89,0,2.1,1101,0
TXN206260,CUST11981,2026-09-12,12,Online Retail,162.02,0,13.1,163,0
TXN206261,CUST10985,2026-07-16,0,Travel,356.99,0,6.2,294,0
TXN206262,CUST12232,2026-08-15,2,Fuel,61.63,0,1.1,97,0
TXN206263,CUST11026,2026-08-01,23,Grocery,22.57,0,2.6,44,0
TXN206264,CUST10826,2026-08-04,15,Grocery,28.81,0,4.2,5,0
TXN206265,CUST11044,2026-09-24,6,Grocery,38.68,0,15.8,387,0
TXN206266,CUST10330,2026-07-05,9,Travel,627.55,0,23.1,86,0
TXN206267,CUST10860,2026-08-25,8,Online Retail,150.6,0,0.4,179,0
TXN206268,CUST11845,2026-07-19,23,Grocery,62.33,0,3.8,338,0
TXN206269,CUST11480,2026-08-27,13,ATM Withdrawal,386.3,0,12.4,572,0
TXN206270,CUST11610,2026-08-25,9,Grocery,47.3,0,17.8,23,0
TXN206271,CUST11401,2026-09-21,17,Online Retail,23.31,0,6.6,427,0
TXN206272,CUST10963,2026-07-17,16,Grocery,70.45,0,6.7,287,0
TXN206273,CUST10431,2026-08-08,19,Online Retail,176.53,0,3.5,416,0
TXN206274,CUST10850,2026-09-05,14,Online Retail,180.55,0,13.0,836,0
TXN206275,CUST12314,2026-08-09,16,Grocery,30.43,0,4.4,1185,0
TXN206276,CUST12212,2026-08-07,12,Dining,193.81,0,7.5,457,0
TXN206277,CUST11987,2026-07-13,15,Travel,424.12,0,2.5,148,0
TXN206278,CUST11541,2026-07-09,8,ATM Withdrawal,544.15,0,10.0,672,0
TXN206279,CUST10016,2026-08-19,8,Travel,860.84,0,4.9,22,0
TXN206280,CUST12442,2026-09-23,13,Electronics,307.69,0,1.1,170,0
TXN206281,CUST11456,2026-09-11,16,Electronics,234.23,0,0.5,397,0
TXN206282,CUST11496,2026-08-23,23,Dining,31.34,0,6.1,286,0
TXN206283,CUST11426,2026-09-14,14,Fuel,75.91,0,8.1,616,0
TXN206284,CUST10795,2026-07-04,13,Fuel,116.82,0,15.7,189,0
TXN206285,CUST12025,2026-08-06,17,Jewelry,990.73,0,0.8,543,0
TXN206286,CUST11428,2026-07-31,6,Dining,151.2,0,3.0,163,0
TXN206287,CUST12048,2026-07-05,10,Online Retail,154.23,0,18.4,435,0
TXN206288,CUST12305,2026-08-09,21,Dining,46.27,0,5.7,194,0
TXN206289,CUST10871,2026-08-25,13,Grocery,50.54,0,0.0,76,0
TXN206290,CUST11185,2026-09-26,15,Electronics,347.93,0,18.8,113,0
TXN206291,CUST11524,2026-09-13,12,Fuel,193.83,0,6.3,184,0
TXN206292,CUST10255,2026-08-11,15,Dining,55.92,0,28.9,102,0
TXN206293,CUST12224,2026-09-03,23,Grocery,22.8,0,6.8,142,0
TXN206294,CUST11533,2026-07-29,9,Grocery,39.82,0,13.1,141,0
TXN206295,CUST12482,2026-09-24,15,Dining,31.26,0,19.8,74,0
TXN206296,CUST11171,2026-07-08,10,Jewelry,569.93,0,7.9,670,0
TXN206297,CUST11731,2026-09-11,15,Online Retail,154.12,0,4.9,163,0
TXN206298,CUST10224,2026-08-08,14,Dining,20.32,0,15.3,39,0
TXN206299,CUST11276,2026-09-02,20,Fuel,65.92,0,7.5,652,0
TXN206300,CUST11221,2026-08-27,17,Grocery,45.19,0,5.8,496,1
TXN206301,CUST12410,2026-09-24,8,Dining,58.58,0,10.5,98,0
TXN206302,CUST10453,2026-07-30,15,Fuel,54.11,0,2.8,613,0
TXN206303,CUST11579,2026-09-04,17,Online Retail,53.43,0,8.5,525,0
TXN206304,CUST11178,2026-07-07,14,Online Retail,186.62,0,7.6,24,0
TXN206305,CUST10744,2026-07-31,13,Online Retail,165.28,0,20.1,262,0
TXN206306,CUST10505,2026-08-07,4,Dining,84.84,0,2.5,436,0
TXN206307,CUST11672,2026-09-01,13,Fuel,126.68,1,5.8,141,0
TXN206308,CUST11222,2026-07-11,15,Online Retail,38.32,0,3.8,14,0
TXN206309,CUST12472,2026-09-17,19,Fuel,25.48,0,14.9,317,0
TXN206310,CUST11147,2026-09-15,12,Electronics,353.2,1,11.7,360,1
TXN206311,CUST12074,2026-09-08,8,Travel,265.99,0,12.8,116,0
TXN206312,CUST12376,2026-08-19,13,Dining,174.98,0,0.4,402,0
TXN206313,CUST10904,2026-08-03,15,Jewelry,1035.93,0,3.5,1054,0
TXN206314,CUST11881,2026-07-17,13,Dining,61.74,0,24.0,393,0
TXN206315,CUST11313,2026-07-30,5,Jewelry,529.69,0,0.4,107,0
TXN206316,CUST10776,2026-07-03,12,Grocery,21.58,0,2.0,122,0
TXN206317,CUST11852,2026-09-24,11,Grocery,40.05,0,5.9,369,0
TXN206318,CUST11171,2026-08-24,6,Grocery,63.27,0,8.2,632,0
TXN206319,CUST11895,2026-07-19,12,Online Retail,99.08,0,7.9,497,0
TXN206320,CUST10432,2026-08-02,7,Online Retail,71.01,0,24.3,49,0
TXN206321,CUST10552,2026-09-23,10,Travel,747.21,0,0.8,272,0
TXN206322,CUST11309,2026-07-24,17,Dining,60.99,0,10.8,198,0
TXN206323,CUST11726,2026-07-26,18,Online Retail,202.08,1,8.6,417,0
TXN206324,CUST10704,2026-09-08,16,Grocery,9.89,0,1.0,717,0
TXN206325,CUST10350,2026-09-07,15,Grocery,32.82,0,0.6,446,0
TXN206326,CUST11736,2026-07-21,5,Dining,41.78,0,2.3,212,0
TXN206327,CUST11995,2026-08-31,9,Online Retail,75.07,0,4.6,289,0
TXN206328,CUST10763,2026-07-09,14,Fuel,185.96,0,3.2,134,0
TXN206329,CUST11640,2026-07-18,22,Fuel,91.78,0,1.3,42,0
TXN206330,CUST12085,2026-07-25,14,Online Retail,62.18,0,2.6,557,0
TXN206331,CUST10184,2026-08-22,7,Dining,19.68,0,23.7,161,0
TXN206332,CUST12457,2026-07-06,9,Dining,99.8,1,0.4,600,0
TXN206333,CUST12061,2026-07-08,11,Grocery,36.63,0,6.2,247,0
TXN206334,CUST11316,2026-07-17,19,Online Retail,125.41,0,3.9,222,0
TXN206335,CUST10182,2026-08-06,18,Travel,418.45,0,5.8,283,0
TXN206336,CUST11106,2026-08-23,14,Grocery,66.6,0,7.5,393,0
TXN206337,CUST11716,2026-08-28,11,Fuel,190.35,0,7.3,194,0
TXN206338,CUST10441,2026-07-22,8,Grocery,25.88,0,3.4,339,0
TXN206339,CUST11881,2026-07-09,11,Dining,62.92,1,2.5,178,0
TXN206340,CUST10719,2026-08-18,10,Electronics,152.67,1,23.2,551,0
TXN206341,CUST10111,2026-08-21,9,Online Retail,140.35,1,18.6,362,0
TXN206342,CUST10642,2026-08-12,12,Grocery,21.22,0,29.1,198,0
TXN206343,CUST10475,2026-09-08,14,Online Retail,35.11,0,28.4,879,0
TXN206344,CUST10584,2026-08-05,10,Fuel,47.27,0,12.4,461,0
TXN206345,CUST10259,2026-07-10,22,Grocery,55.42,0,0.3,1064,0
TXN206346,CUST12317,2026-07-31,11,Online Retail,89.26,0,11.8,98,0
TXN206347,CUST12224,2026-07-22,10,Grocery,120.46,0,4.8,390,0
TXN206348,CUST10647,2026-09-01,5,Grocery,50.76,0,8.6,53,0
TXN206349,CUST10133,2026-09-19,13,Fuel,37.68,0,5.8,1155,0
TXN206350,CUST10269,2026-09-14,23,Travel,617.98,0,0.2,423,0
TXN206351,CUST11765,2026-09-01,11,Dining,83.36,0,1.4,297,0
TXN206352,CUST11025,2026-08-09,16,Grocery,61.2,0,7.4,91,0
TXN206353,CUST12047,2026-08-04,19,Fuel,78.1,0,9.0,923,0
TXN206354,CUST10282,2026-07-16,21,Fuel,47.55,0,14.4,654,0
TXN206355,CUST12332,2026-09-18,20,Jewelry,1783.42,0,0.7,386,1
TXN206356,CUST11715,2026-07-07,7,Grocery,37.68,0,3.0,1258,0
TXN206357,CUST10572,2026-06-29,16,Travel,148.16,1,4.4,8,0
TXN206358,CUST10899,2026-09-04,20,Dining,90.71,0,39.5,135,0
TXN206359,CUST10110,2026-08-28,17,Dining,36.28,0,1.8,149,0
TXN206360,CUST10236,2026-07-13,11,Dining,42.27,0,6.5,359,0
TXN206361,CUST10281,2026-08-18,12,Electronics,4787.19,0,0.3,1086,1
TXN206362,CUST10290,2026-09-12,12,Grocery,71.04,0,7.3,5,0
TXN206363,CUST10597,2026-09-10,6,Dining,22.89,0,5.0,355,0
TXN206364,CUST10279,2026-07-10,14,Online Retail,135.96,0,2.9,1121,0
TXN206365,CUST12404,2026-08-24,23,Electronics,414.25,0,2.7,121,0
TXN206366,CUST10893,2026-07-17,16,Fuel,41.1,0,1.1,1034,0
TXN206367,CUST10055,2026-08-27,16,ATM Withdrawal,383.67,0,3.0,2441,0
TXN206368,CUST12288,2026-07-11,10,Dining,48.94,0,0.4,211,0
TXN206369,CUST10549,2026-07-11,7,Electronics,230.47,0,0.4,140,0
TXN206370,CUST10296,2026-09-22,12,Online Retail,179.34,0,1.2,757,0
TXN206371,CUST12356,2026-07-17,15,Grocery,277.23,0,1.0,368,0
TXN206372,CUST12306,2026-08-16,9,ATM Withdrawal,456.58,0,1.5,1129,0
TXN206373,CUST11688,2026-08-17,14,Online Retail,188.67,1,2.2,331,0
TXN206374,CUST10195,2026-07-13,14,Electronics,346.6,0,16.4,1263,0
TXN206375,CUST12127,2026-07-08,21,Dining,207.76,0,5.2,117,0
TXN206376,CUST10503,2026-09-11,14,Grocery,18.12,0,2.7,77,0
TXN206377,CUST11537,2026-08-26,22,Grocery,36.14,0,16.8,1977,0
TXN206378,CUST11173,2026-07-01,16,Travel,1336.94,0,0.4,65,0
TXN206379,CUST12286,2026-07-19,7,Travel,783.02,0,5.2,525,0
TXN206380,CUST10184,2026-07-23,15,Fuel,100.9,0,13.9,1707,0
TXN206381,CUST10269,2026-07-26,16,Grocery,7.64,0,12.8,16,0
TXN206382,CUST11534,2026-09-18,10,Dining,98.84,0,15.3,434,0
TXN206383,CUST10127,2026-08-31,15,Online Retail,170.34,0,1.3,130,0
TXN206384,CUST11681,2026-08-09,23,Grocery,58.55,0,3.4,117,0
TXN206385,CUST11506,2026-08-20,8,Travel,638.43,0,9.7,155,0
TXN206386,CUST12156,2026-09-16,12,Dining,30.3,0,7.8,163,0
TXN206387,CUST10578,2026-07-09,17,Online Retail,191.67,0,6.9,250,0
TXN206388,CUST12337,2026-09-12,10,Grocery,61.1,1,4.2,143,0
TXN206389,CUST10985,2026-09-12,10,Jewelry,132.19,0,4.2,156,0
TXN206390,CUST10145,2026-09-15,20,Dining,75.97,0,2.7,212,0
TXN206391,CUST12114,2026-08-30,14,Grocery,34.37,0,1.3,715,0
TXN206392,CUST12136,2026-08-23,9,Electronics,262.61,0,3.0,1062,0
TXN206393,CUST10712,2026-08-05,13,Online Retail,91.27,0,13.5,444,0
TXN206394,CUST11273,2026-07-24,13,Electronics,579.41,0,1.7,15,0
TXN206395,CUST12478,2026-08-13,14,Travel,361.97,0,1.5,872,0
TXN206396,CUST11551,2026-09-25,16,Grocery,43.53,0,13.0,554,0
TXN206397,CUST11052,2026-09-13,7,Online Retail,149.06,0,7.0,355,0
TXN206398,CUST10826,2026-08-28,20,Dining,97.6,0,2.3,633,0
TXN206399,CUST10644,2026-09-26,8,ATM Withdrawal,231.94,0,2.3,39,0
TXN206400,CUST10024,2026-09-21,17,Grocery,18.92,0,9.2,735,0
TXN206401,CUST10993,2026-08-07,19,Fuel,22.98,0,0.9,1092,0
TXN206402,CUST10620,2026-06-30,12,Grocery,23.29,0,1.2,37,0
TXN206403,CUST12007,2026-09-14,12,Fuel,20.1,0,0.2,3000,0
TXN206404,CUST11928,2026-09-11,17,Online Retail,156.12,1,0.5,1050,0
TXN206405,CUST10311,2026-06-29,18,Dining,245.31,0,3.2,315,0
TXN206406,CUST11274,2026-09-22,15,Online Retail,119.42,0,6.7,126,0
TXN206407,CUST10142,2026-07-14,5,Grocery,99.34,0,7.8,93,0
TXN206408,CUST11626,2026-08-18,11,Online Retail,36.98,0,24.4,26,0
TXN206409,CUST12093,2026-08-12,19,Grocery,44.0,0,1.2,401,0
TXN206410,CUST12036,2026-08-21,6,Dining,147.98,0,2.6,17,0
TXN206411,CUST10049,2026-07-05,7,Dining,145.0,0,20.6,341,0
TXN206412,CUST10719,2026-08-08,16,Grocery,88.95,0,1.1,38,0
TXN206413,CUST11869,2026-08-24,10,ATM Withdrawal,764.9,0,8.6,664,0
TXN206414,CUST11990,2026-07-19,11,Dining,40.1,0,18.1,239,0
TXN206415,CUST11424,2026-07-13,12,ATM Withdrawal,324.04,0,5.6,1346,0
TXN206416,CUST12257,2026-09-04,11,Online Retail,128.89,1,5.6,235,0
TXN206417,CUST11668,2026-07-05,15,Electronics,1035.73,0,8.3,18,0
TXN206418,CUST12391,2026-07-14,20,Fuel,43.57,0,0.2,1085,0
TXN206419,CUST11513,2026-08-02,9,Electronics,813.15,0,13.6,179,0
TXN206420,CUST12204,2026-08-29,14,Fuel,33.74,0,5.1,109,0
TXN206421,CUST10499,2026-07-12,10,Travel,794.27,0,7.2,443,0
TXN206422,CUST10834,2026-09-20,17,Fuel,97.47,1,1.8,239,0
TXN206423,CUST10590,2026-07-27,12,Dining,44.67,0,5.6,741,0
TXN206424,CUST10429,2026-08-15,23,Dining,17.74,0,9.4,630,0
TXN206425,CUST10791,2026-07-04,15,Online Retail,107.92,0,0.5,61,0
TXN206426,CUST10573,2026-07-02,15,Dining,20.03,0,5.0,133,0
TXN206427,CUST12215,2026-07-04,20,Dining,89.7,0,15.8,711,0
TXN206428,CUST10979,2026-07-03,11,Grocery,67.69,0,12.4,71,0
TXN206429,CUST10508,2026-08-26,11,Online Retail,81.06,0,1.8,239,0
TXN206430,CUST11132,2026-07-08,14,Electronics,273.64,0,2.1,443,0
TXN206431,CUST10848,2026-09-19,11,Online Retail,76.88,0,1.4,926,0
TXN206432,CUST11957,2026-07-19,5,Grocery,51.49,0,6.9,77,0
TXN206433,CUST10359,2026-07-28,10,Dining,34.0,0,11.3,791,0
TXN206434,CUST12326,2026-09-26,12,Online Retail,132.87,0,4.4,1185,0
TXN206435,CUST11590,2026-07-26,18,Online Retail,63.08,0,0.5,60,0
TXN206436,CUST12297,2026-08-27,11,Dining,116.88,0,21.7,130,0
TXN206437,CUST10280,2026-07-15,6,Grocery,21.77,0,10.4,293,0
TXN206438,CUST11704,2026-08-07,7,Fuel,72.81,0,25.7,476,0
TXN206439,CUST10300,2026-07-23,21,Online Retail,141.32,0,5.9,278,0
TXN206440,CUST10026,2026-07-18,14,Grocery,80.63,0,3.0,437,0
TXN206441,CUST11534,2026-09-12,20,Grocery,64.99,0,15.0,70,0
TXN206442,CUST11704,2026-07-27,23,Electronics,656.65,1,8.2,277,0
TXN206443,CUST12000,2026-08-04,8,Online Retail,203.64,0,5.5,234,0
TXN206444,CUST11681,2026-09-10,12,Travel,514.25,0,17.7,451,0
TXN206445,CUST12078,2026-09-25,4,Electronics,179.19,0,6.4,60,0
TXN206446,CUST11021,2026-08-21,10,Fuel,53.32,0,20.9,206,0
TXN206447,CUST10512,2026-09-16,10,Travel,314.1,0,7.3,158,0
TXN206448,CUST11386,2026-09-01,20,Jewelry,364.31,0,2.1,267,0
TXN206449,CUST11210,2026-07-23,12,Dining,30.55,0,5.9,35,0
TXN206450,CUST11880,2026-08-24,10,Dining,136.2,0,2.8,75,0
TXN206451,CUST10490,2026-07-22,23,Online Retail,250.81,0,33.8,628,0
TXN206452,CUST10138,2026-07-05,4,Dining,93.38,0,6.9,91,0
TXN206453,CUST11387,2026-08-05,20,Dining,68.06,0,2.2,53,0
TXN206454,CUST12077,2026-09-09,16,Online Retail,197.81,0,11.9,209,0
TXN206455,CUST10310,2026-08-01,10,Online Retail,134.18,0,3.1,718,0
TXN206456,CUST11409,2026-09-19,9,Fuel,166.97,0,34.0,63,0
TXN206457,CUST11807,2026-07-22,12,Grocery,71.74,0,3.5,5,0
TXN206458,CUST11913,2026-07-03,13,Dining,134.03,0,2.0,583,0
TXN206459,CUST12473,2026-07-02,14,ATM Withdrawal,176.87,0,3.8,5,0
TXN206460,CUST10782,2026-09-26,15,Grocery,127.67,0,8.8,190,0
TXN206461,CUST11919,2026-07-05,15,Online Retail,326.84,0,10.3,926,0
TXN206462,CUST10164,2026-07-16,12,Fuel,73.74,0,31.2,26,0
TXN206463,CUST10686,2026-07-04,17,Electronics,365.15,0,2.2,167,0
TXN206464,CUST10224,2026-09-25,14,Fuel,46.47,0,1.5,53,0
TXN206465,CUST10836,2026-09-03,4,Grocery,24.62,0,32.0,291,0
TXN206466,CUST10019,2026-06-29,10,Travel,954.8,0,21.2,175,0
TXN206467,CUST11217,2026-09-07,22,Electronics,1103.85,0,4.3,30,0
TXN206468,CUST10989,2026-07-23,17,Electronics,159.62,0,5.8,906,0
TXN206469,CUST10735,2026-07-02,23,Fuel,46.46,0,9.2,239,0
TXN206470,CUST11313,2026-07-02,11,Dining,60.21,0,1.2,1090,0
TXN206471,CUST10930,2026-09-24,8,Electronics,420.12,0,3.3,187,0
TXN206472,CUST10206,2026-08-30,16,Grocery,19.71,0,0.4,1475,0
TXN206473,CUST10888,2026-08-25,11,Dining,66.66,0,2.1,1079,0
TXN206474,CUST11715,2026-08-11,12,Online Retail,369.27,0,10.6,2823,0
TXN206475,CUST11018,2026-08-23,8,Online Retail,209.89,0,6.0,182,0
TXN206476,CUST11656,2026-09-24,13,Online Retail,100.58,1,2.1,293,0
TXN206477,CUST11879,2026-09-22,18,ATM Withdrawal,118.52,0,18.9,540,0
TXN206478,CUST10267,2026-07-06,13,Online Retail,120.46,1,11.7,72,0
TXN206479,CUST10535,2026-07-24,15,Dining,37.95,0,18.8,115,0
TXN206480,CUST11491,2026-08-16,13,Online Retail,101.21,1,8.1,34,0
TXN206481,CUST11691,2026-09-25,20,Travel,921.84,0,1.3,82,0
TXN206482,CUST12327,2026-09-04,19,ATM Withdrawal,361.06,0,8.3,508,0
TXN206483,CUST10341,2026-09-03,11,Grocery,41.17,0,5.1,7,0
TXN206484,CUST11525,2026-08-01,8,Online Retail,70.17,0,0.2,866,0
TXN206485,CUST11902,2026-09-01,13,Grocery,29.97,0,2.1,33,0
TXN206486,CUST12288,2026-08-05,13,Grocery,148.21,0,2.6,243,0
TXN206487,CUST10574,2026-07-26,16,Dining,33.88,0,2.1,329,0
TXN206488,CUST12179,2026-09-17,8,Travel,1055.21,0,0.6,82,0
TXN206489,CUST11272,2026-08-16,21,Travel,479.71,0,4.9,799,0
TXN206490,CUST10925,2026-07-23,22,Dining,73.56,0,2.6,339,0
TXN206491,CUST10315,2026-09-12,8,Electronics,256.91,0,5.7,617,0
TXN206492,CUST11291,2026-07-12,13,Dining,68.15,0,2.4,37,0
TXN206493,CUST11342,2026-08-15,10,Electronics,318.61,0,1.2,255,0
TXN206494,CUST12240,2026-09-18,11,Grocery,70.65,1,5.5,199,0
TXN206495,CUST12241,2026-08-17,23,Dining,135.83,0,3.0,57,0
TXN206496,CUST12494,2026-07-30,15,Electronics,511.1,0,0.7,480,0
TXN206497,CUST11204,2026-08-16,14,Fuel,36.39,0,11.5,171,0
TXN206498,CUST10727,2026-07-12,19,Fuel,36.38,0,1.0,455,0
TXN206499,CUST12101,2026-08-26,4,Electronics,951.92,0,25.2,184,1
TXN206500,CUST11024,2026-07-30,22,Dining,34.62,0,7.6,650,0
TXN206501,CUST11396,2026-07-23,23,Online Retail,91.39,0,12.3,218,0
TXN206502,CUST10705,2026-08-06,15,Electronics,417.71,0,4.1,39,0
TXN206503,CUST11945,2026-09-09,3,ATM Withdrawal,118.93,0,10.6,462,0
TXN206504,CUST10291,2026-08-10,12,Electronics,221.45,0,13.6,706,0
TXN206505,CUST11264,2026-08-10,22,Electronics,140.8,0,3.1,714,0
TXN206506,CUST10580,2026-07-21,12,Fuel,35.73,0,5.7,177,0
TXN206507,CUST11478,2026-09-20,5,Dining,40.98,0,0.1,381,0
TXN206508,CUST11774,2026-07-30,14,Grocery,19.35,1,14.2,636,0
TXN206509,CUST11202,2026-08-18,4,Jewelry,224.31,0,5.8,303,0
TXN206510,CUST11386,2026-07-18,13,Travel,714.18,0,15.7,5,0
TXN206511,CUST10765,2026-09-06,12,Grocery,22.82,0,6.8,117,0
TXN206512,CUST11207,2026-07-06,11,Fuel,44.49,0,3.5,190,0
TXN206513,CUST10200,2026-08-22,19,Electronics,375.7,0,10.4,426,0
TXN206514,CUST10983,2026-09-14,15,ATM Withdrawal,163.53,0,13.4,528,0
TXN206515,CUST10849,2026-08-31,20,Dining,41.66,0,0.2,460,0
TXN206516,CUST10879,2026-08-01,14,Online Retail,228.44,0,5.8,58,0
TXN206517,CUST10907,2026-07-14,11,Electronics,459.78,0,18.3,936,0
TXN206518,CUST10825,2026-08-20,12,Grocery,57.61,0,2.7,407,0
TXN206519,CUST10297,2026-06-29,11,Online Retail,92.29,0,7.3,466,0
TXN206520,CUST11426,2026-08-19,4,Grocery,91.51,0,1.7,35,0
TXN206521,CUST11475,2026-08-30,16,Online Retail,216.45,0,17.4,270,0
TXN206522,CUST11257,2026-09-25,16,Grocery,27.26,0,2.1,117,0
TXN206523,CUST12053,2026-09-21,17,Jewelry,1674.51,0,4.1,240,0
TXN206524,CUST10991,2026-09-26,11,Online Retail,58.48,0,4.2,331,0
TXN206525,CUST10033,2026-09-22,16,Fuel,185.05,0,1.4,762,0
TXN206526,CUST10510,2026-07-23,9,Grocery,40.23,0,5.4,470,0
TXN206527,CUST11882,2026-07-16,12,Electronics,173.31,0,1.8,326,0
TXN206528,CUST11537,2026-09-16,12,Online Retail,348.08,1,4.3,83,0
TXN206529,CUST10658,2026-09-18,11,Online Retail,28.03,0,9.8,548,0
TXN206530,CUST11982,2026-09-22,14,Grocery,40.03,0,1.5,150,0
TXN206531,CUST11767,2026-09-21,21,ATM Withdrawal,347.23,0,7.2,130,0
TXN206532,CUST10849,2026-08-20,21,Fuel,18.21,0,0.5,73,0
TXN206533,CUST12154,2026-07-09,11,Fuel,59.65,0,0.4,758,0
TXN206534,CUST11251,2026-08-27,20,Travel,613.38,0,36.1,43,0
TXN206535,CUST10178,2026-07-14,2,Travel,617.77,0,9.9,439,0
TXN206536,CUST10124,2026-07-05,15,Travel,730.72,0,0.5,1576,0
TXN206537,CUST12015,2026-08-25,10,Online Retail,107.97,0,9.6,100,0
TXN206538,CUST11751,2026-08-31,12,Jewelry,491.99,1,8.5,191,0
TXN206539,CUST12308,2026-07-22,17,Online Retail,191.22,0,6.8,324,0
TXN206540,CUST12118,2026-08-29,19,ATM Withdrawal,127.03,0,6.9,369,0
TXN206541,CUST11332,2026-07-28,16,Online Retail,234.45,0,15.8,246,0
TXN206542,CUST12097,2026-07-04,10,Online Retail,148.07,0,21.6,543,0
TXN206543,CUST11810,2026-09-20,10,Electronics,482.15,0,34.4,499,0
TXN206544,CUST10342,2026-08-10,17,Travel,1217.72,0,7.1,820,0
TXN206545,CUST11945,2026-07-07,13,ATM Withdrawal,76.48,0,3.5,517,0
TXN206546,CUST11620,2026-08-02,11,Grocery,65.74,0,5.9,59,0
TXN206547,CUST12289,2026-08-07,12,Online Retail,210.43,0,23.7,134,0
TXN206548,CUST11761,2026-08-23,6,Grocery,27.15,0,0.9,194,0
TXN206549,CUST11470,2026-08-20,18,Electronics,328.48,1,8.9,440,0
TXN206550,CUST11352,2026-09-26,10,Grocery,49.38,0,5.0,212,0
TXN206551,CUST12101,2026-08-29,13,Fuel,64.52,0,5.2,319,0
TXN206552,CUST10700,2026-08-08,22,Dining,72.26,0,5.5,86,0
TXN206553,CUST11905,2026-08-18,23,Online Retail,143.76,0,5.7,52,0
TXN206554,CUST10889,2026-08-28,3,Online Retail,155.68,0,1.3,121,0
TXN206555,CUST11281,2026-09-25,15,Dining,79.23,0,6.8,159,0
TXN206556,CUST11105,2026-09-20,7,ATM Withdrawal,81.43,0,24.2,940,0
TXN206557,CUST11072,2026-08-24,9,Online Retail,213.08,0,6.8,366,0
TXN206558,CUST11916,2026-09-05,13,Online Retail,151.23,0,14.9,839,0
TXN206559,CUST11078,2026-08-26,17,Grocery,10.2,0,14.4,1205,0
TXN206560,CUST11273,2026-09-09,16,Online Retail,258.03,0,0.7,1210,0
TXN206561,CUST12304,2026-09-23,10,Fuel,57.27,0,4.2,87,0
TXN206562,CUST12235,2026-07-09,13,Electronics,246.34,0,2.1,493,0
TXN206563,CUST10840,2026-09-15,23,Fuel,29.55,0,0.5,67,0
TXN206564,CUST10496,2026-09-26,16,Fuel,43.48,0,16.0,18,0
TXN206565,CUST10411,2026-06-30,4,Fuel,76.13,0,0.5,44,0
TXN206566,CUST11930,2026-08-01,16,Dining,75.83,0,0.5,185,0
TXN206567,CUST10912,2026-08-02,6,Dining,76.08,1,3.5,63,0
TXN206568,CUST11074,2026-08-19,12,Fuel,15.82,0,20.7,485,0
TXN206569,CUST11174,2026-09-17,21,Electronics,172.76,0,25.3,275,0
TXN206570,CUST10061,2026-07-18,15,Travel,658.35,0,1.7,101,0
TXN206571,CUST10405,2026-09-04,7,Grocery,30.84,0,2.0,557,0
TXN206572,CUST11000,2026-08-23,22,Grocery,24.05,0,24.4,104,0
TXN206573,CUST10155,2026-09-21,11,Jewelry,569.88,0,1.3,360,0
TXN206574,CUST11658,2026-07-06,13,Online Retail,122.54,0,9.2,576,0
TXN206575,CUST10150,2026-09-18,20,Fuel,62.27,0,4.4,197,0
TXN206576,CUST10898,2026-07-14,20,Online Retail,66.52,0,5.4,836,0
TXN206577,CUST10654,2026-07-09,19,Jewelry,785.25,0,7.4,418,0
TXN206578,CUST10123,2026-09-11,11,Jewelry,1116.67,0,29.7,690,0
TXN206579,CUST10439,2026-08-25,8,Grocery,77.5,0,0.2,44,0
TXN206580,CUST10618,2026-09-23,12,Electronics,583.56,0,2.3,148,0
TXN206581,CUST10679,2026-07-27,17,Fuel,18.18,0,3.8,289,0
TXN206582,CUST11449,2026-08-03,19,Online Retail,62.76,0,10.0,724,0
TXN206583,CUST10106,2026-07-27,20,Grocery,144.98,0,7.3,255,0
TXN206584,CUST11963,2026-08-27,17,Electronics,156.75,0,2.2,988,0
TXN206585,CUST11043,2026-09-19,7,Online Retail,88.57,0,10.6,189,0
TXN206586,CUST10197,2026-07-05,12,Online Retail,150.17,0,0.3,81,0
TXN206587,CUST10493,2026-07-29,19,Grocery,56.47,0,2.0,747,0
TXN206588,CUST10985,2026-08-16,5,Fuel,55.33,0,5.9,375,0
TXN206589,CUST11735,2026-07-16,7,Electronics,239.64,0,15.8,217,0
TXN206590,CUST11877,2026-09-01,13,Grocery,64.49,0,3.0,967,0
TXN206591,CUST10055,2026-08-28,13,Dining,51.64,0,10.3,76,0
TXN206592,CUST10184,2026-08-06,13,Electronics,320.17,0,13.8,695,0
TXN206593,CUST11194,2026-07-31,19,Travel,577.47,0,0.6,161,0
TXN206594,CUST12094,2026-08-07,16,Dining,49.57,0,10.4,455,0
TXN206595,CUST10930,2026-07-05,16,Grocery,29.12,0,0.1,98,0
TXN206596,CUST10526,2026-07-03,14,Grocery,34.62,0,7.6,348,0
TXN206597,CUST11658,2026-07-17,20,Grocery,17.05,0,17.3,120,0
TXN206598,CUST12113,2026-09-03,21,Online Retail,121.14,0,15.1,1139,0
TXN206599,CUST11724,2026-08-13,23,Fuel,60.92,1,43.0,78,0
TXN206600,CUST10959,2026-09-08,15,Jewelry,1367.53,0,2.4,94,1
TXN206601,CUST11033,2026-09-26,16,Online Retail,84.2,0,4.0,143,0
TXN206602,CUST11464,2026-08-18,7,Dining,56.41,0,4.6,1559,0
TXN206603,CUST10898,2026-09-19,10,Dining,26.54,0,20.1,273,0
TXN206604,CUST11474,2026-08-21,9,Dining,74.09,0,5.1,296,0
TXN206605,CUST12271,2026-08-23,23,Travel,512.77,0,38.1,518,0
TXN206606,CUST11321,2026-07-17,20,Jewelry,500.09,0,24.0,111,0
TXN206607,CUST10199,2026-08-26,5,Fuel,62.02,0,3.5,470,0
TXN206608,CUST12481,2026-07-13,20,Dining,104.8,0,5.8,1018,0
TXN206609,CUST11424,2026-08-10,11,Online Retail,65.78,0,7.1,202,0
TXN206610,CUST10938,2026-08-18,10,Fuel,57.12,0,0.2,947,0
TXN206611,CUST11378,2026-08-08,16,Online Retail,27.36,0,1.2,17,0
TXN206612,CUST12072,2026-08-11,5,Dining,58.09,0,5.9,457,0
TXN206613,CUST11208,2026-07-15,5,Fuel,36.74,0,1.5,472,0
TXN206614,CUST11387,2026-07-29,21,Dining,77.1,0,22.5,20,0
TXN206615,CUST11950,2026-07-13,16,Grocery,42.43,0,17.8,23,0
TXN206616,CUST11127,2026-08-18,13,Dining,76.86,0,2.0,111,0
TXN206617,CUST10307,2026-09-26,17,Dining,46.42,0,3.4,556,0
TXN206618,CUST10306,2026-08-25,16,Grocery,29.23,1,6.1,480,0
TXN206619,CUST10836,2026-09-07,8,Fuel,23.31,0,16.9,622,0
TXN206620,CUST11641,2026-07-06,16,Grocery,42.74,0,1.6,148,0
TXN206621,CUST10372,2026-06-30,13,Dining,85.3,0,25.6,172,0
TXN206622,CUST11870,2026-07-28,14,ATM Withdrawal,268.72,0,5.9,5,0
TXN206623,CUST11374,2026-07-19,9,Travel,483.14,0,4.7,52,0
TXN206624,CUST11608,2026-08-20,9,Fuel,39.4,0,5.5,1461,0
TXN206625,CUST10720,2026-09-06,23,Electronics,176.34,0,9.3,1484,0
TXN206626,CUST12379,2026-07-15,14,Dining,82.48,0,13.3,268,0
TXN206627,CUST11617,2026-08-18,15,Fuel,42.53,0,16.6,15,0
TXN206628,CUST12444,2026-09-12,23,Electronics,316.56,0,1.9,63,0
TXN206629,CUST11861,2026-08-10,15,Online Retail,82.79,0,14.7,263,0
TXN206630,CUST10144,2026-09-04,17,Fuel,35.47,0,1.4,5,0
TXN206631,CUST11864,2026-08-13,6,Electronics,512.67,0,0.1,149,0
TXN206632,CUST11838,2026-07-20,17,Electronics,323.6,0,3.6,154,0
TXN206633,CUST11120,2026-08-06,23,Fuel,40.76,0,2.2,174,0
TXN206634,CUST10139,2026-09-08,15,Online Retail,182.82,0,0.1,2123,0
TXN206635,CUST11336,2026-09-09,8,Dining,34.82,0,2.6,87,0
TXN206636,CUST10627,2026-09-10,4,Electronics,505.25,0,10.0,613,0
TXN206637,CUST10642,2026-06-29,15,Travel,479.53,0,11.9,352,0
TXN206638,CUST11576,2026-09-21,4,Online Retail,46.89,1,4.3,1014,0
TXN206639,CUST10788,2026-07-07,11,Dining,147.07,0,16.3,1527,0
TXN206640,CUST12165,2026-08-14,10,ATM Withdrawal,91.76,0,4.1,11,0
TXN206641,CUST10016,2026-07-17,9,Dining,92.17,1,5.9,12,0
TXN206642,CUST11168,2026-09-16,19,Fuel,133.58,0,5.8,27,0
TXN206643,CUST12069,2026-08-27,7,Grocery,31.88,0,5.2,571,0
TXN206644,CUST10249,2026-09-16,15,Online Retail,54.68,0,12.0,284,0
TXN206645,CUST10949,2026-08-11,16,Grocery,73.69,1,19.6,310,0
TXN206646,CUST12187,2026-09-08,10,Dining,112.51,0,11.8,774,0
TXN206647,CUST12250,2026-09-18,10,Jewelry,951.01,1,7.2,82,1
TXN206648,CUST10246,2026-09-20,18,Electronics,413.4,0,0.5,5,0
TXN206649,CUST10545,2026-07-15,11,Dining,121.45,0,1.8,480,0
TXN206650,CUST11614,2026-07-17,12,Dining,45.07,0,0.2,9,0
TXN206651,CUST12224,2026-09-21,19,Electronics,422.37,0,33.4,1501,0
TXN206652,CUST10895,2026-07-07,18,Jewelry,436.62,0,13.2,57,0
TXN206653,CUST11509,2026-07-27,23,Online Retail,396.46,0,7.0,555,0
TXN206654,CUST12201,2026-07-23,16,Grocery,49.49,0,5.4,1192,0
TXN206655,CUST11173,2026-09-17,12,Dining,48.69,0,12.0,77,0
TXN206656,CUST10741,2026-08-25,19,ATM Withdrawal,178.49,0,1.2,1202,0
TXN206657,CUST11707,2026-07-11,15,Grocery,45.4,0,23.3,582,0
TXN206658,CUST10198,2026-09-14,19,Grocery,37.01,0,32.0,44,0
TXN206659,CUST12215,2026-08-15,14,Dining,95.79,0,10.2,261,0
TXN206660,CUST10409,2026-07-27,12,Grocery,67.84,0,1.9,150,0
TXN206661,CUST11766,2026-07-18,15,Electronics,360.61,0,16.6,619,0
TXN206662,CUST10950,2026-07-25,16,ATM Withdrawal,152.1,0,4.5,754,0
TXN206663,CUST11602,2026-09-14,20,Online Retail,345.61,0,2.0,468,0
TXN206664,CUST10932,2026-09-17,23,Jewelry,1178.88,0,10.2,969,0
TXN206665,CUST10369,2026-07-18,13,Travel,615.33,0,7.2,842,1
TXN206666,CUST12475,2026-07-09,8,Electronics,1146.43,0,14.9,177,0
TXN206667,CUST11171,2026-09-23,9,Dining,15.25,0,11.3,128,0
TXN206668,CUST12004,2026-09-11,10,Electronics,191.75,0,2.3,968,0
TXN206669,CUST11659,2026-07-12,16,Electronics,430.26,0,9.1,16,0
TXN206670,CUST10708,2026-09-03,8,Online Retail,86.05,0,8.3,666,0
TXN206671,CUST12462,2026-07-26,11,Dining,78.64,0,0.6,795,0
TXN206672,CUST11125,2026-08-10,15,Dining,128.37,1,2.1,590,0
TXN206673,CUST10596,2026-09-08,11,Dining,68.9,0,2.1,91,0
TXN206674,CUST11069,2026-08-04,2,Fuel,82.01,0,7.1,350,0
TXN206675,CUST11432,2026-09-22,17,Dining,40.4,0,1.6,739,0
TXN206676,CUST10687,2026-08-19,16,Online Retail,90.37,0,2.1,47,0
TXN206677,CUST11527,2026-07-02,23,Grocery,39.9,0,0.6,75,0
TXN206678,CUST10584,2026-08-06,23,Travel,606.67,0,1.0,36,0
TXN206679,CUST10068,2026-08-12,15,Online Retail,120.08,0,28.6,891,0
TXN206680,CUST11863,2026-08-06,1,Electronics,153.11,0,2.3,581,0
TXN206681,CUST11356,2026-08-23,9,Grocery,44.19,0,2.8,205,0
TXN206682,CUST10160,2026-07-18,14,ATM Withdrawal,234.08,0,9.1,103,0
TXN206683,CUST11394,2026-08-10,17,Fuel,69.93,0,4.5,1249,0
TXN206684,CUST10134,2026-08-19,1,Online Retail,79.09,0,36.4,96,0
TXN206685,CUST12114,2026-07-19,19,Grocery,48.6,0,14.7,69,0
TXN206686,CUST10095,2026-07-08,15,Grocery,24.32,0,8.9,409,0
TXN206687,CUST11449,2026-09-03,16,Dining,110.11,0,61.5,705,0
TXN206688,CUST12499,2026-07-27,15,Grocery,28.89,0,0.7,307,0
TXN206689,CUST10082,2026-08-31,7,Dining,38.7,0,0.8,99,0
TXN206690,CUST12483,2026-07-15,17,Fuel,163.83,0,39.2,240,0
TXN206691,CUST11040,2026-08-03,15,Travel,977.31,0,9.1,369,0
TXN206692,CUST10407,2026-07-04,8,Fuel,28.58,0,2.1,213,0
TXN206693,CUST11838,2026-08-30,17,Electronics,279.96,0,16.8,285,0
TXN206694,CUST11292,2026-08-16,14,Electronics,351.02,0,5.9,343,0
TXN206695,CUST10598,2026-06-29,18,Grocery,83.08,0,3.1,35,0
TXN206696,CUST12000,2026-09-22,14,Dining,80.13,0,9.5,341,0
TXN206697,CUST11453,2026-07-02,7,Grocery,16.8,0,16.3,291,0
TXN206698,CUST10096,2026-07-16,11,Online Retail,200.04,1,6.4,257,0
TXN206699,CUST10029,2026-07-22,11,Grocery,24.59,0,9.2,1075,0
TXN206700,CUST10142,2026-08-22,13,Grocery,41.65,0,2.5,267,0
TXN206701,CUST10394,2026-08-17,18,Fuel,25.14,0,11.4,488,0
TXN206702,CUST11185,2026-09-03,9,Travel,441.23,0,3.3,860,0
TXN206703,CUST11749,2026-08-08,16,Dining,153.48,0,1.1,27,0
TXN206704,CUST11001,2026-08-30,8,Grocery,75.48,0,2.9,1103,0
TXN206705,CUST11684,2026-09-01,21,ATM Withdrawal,233.43,0,10.5,107,0
TXN206706,CUST10558,2026-07-24,12,Grocery,45.64,0,0.4,755,0
TXN206707,CUST10333,2026-09-06,12,Grocery,59.66,0,20.3,367,0
TXN206708,CUST11008,2026-07-27,9,Online Retail,525.91,0,16.8,52,0
TXN206709,CUST11548,2026-08-21,23,Jewelry,886.51,0,4.5,476,0
TXN206710,CUST11274,2026-08-18,4,Electronics,664.75,0,6.3,230,0
TXN206711,CUST11377,2026-07-02,20,Travel,525.45,0,16.1,790,0
TXN206712,CUST10590,2026-08-16,16,Online Retail,79.27,0,9.8,1502,0
TXN206713,CUST12060,2026-07-03,5,Electronics,202.03,0,17.7,305,0
TXN206714,CUST11237,2026-08-24,14,Fuel,70.23,0,13.4,330,0
TXN206715,CUST11227,2026-08-13,8,Grocery,36.41,0,16.9,28,0
TXN206716,CUST10351,2026-09-11,12,Online Retail,243.01,0,19.8,461,0
TXN206717,CUST11107,2026-06-29,11,Dining,49.48,0,24.4,317,0
TXN206718,CUST12179,2026-09-26,18,Dining,67.35,0,5.3,137,0
TXN206719,CUST11654,2026-07-24,18,Dining,193.37,0,16.8,27,0
TXN206720,CUST11069,2026-07-26,18,Electronics,435.29,0,0.7,283,0
TXN206721,CUST11025,2026-08-23,9,Dining,25.07,0,0.0,801,0
TXN206722,CUST10523,2026-07-23,13,Jewelry,530.36,0,9.2,619,0
TXN206723,CUST10955,2026-07-23,6,Online Retail,94.8,0,0.3,61,0
TXN206724,CUST10917,2026-09-18,15,Electronics,522.11,0,0.8,158,0
TXN206725,CUST11089,2026-09-06,8,Electronics,517.6,0,2.7,55,0
TXN206726,CUST12165,2026-09-08,11,Jewelry,399.33,0,10.2,21,0
TXN206727,CUST10086,2026-07-24,1,Fuel,82.48,0,0.1,222,0
TXN206728,CUST11291,2026-07-26,11,ATM Withdrawal,593.12,0,8.3,745,0
TXN206729,CUST10402,2026-08-20,10,Fuel,39.84,0,0.2,1897,0
TXN206730,CUST11432,2026-07-27,8,Online Retail,91.55,0,2.8,612,0
TXN206731,CUST11488,2026-09-04,15,Electronics,478.42,0,9.0,206,0
TXN206732,CUST10152,2026-08-01,10,Dining,89.3,0,1.1,268,0
TXN206733,CUST11108,2026-07-27,13,Grocery,45.73,0,25.1,140,0
TXN206734,CUST10494,2026-08-28,14,Fuel,48.33,0,6.0,734,0
TXN206735,CUST10193,2026-08-16,10,Fuel,24.23,0,23.0,218,0
TXN206736,CUST11049,2026-07-11,13,Electronics,312.0,0,9.1,876,0
TXN206737,CUST11887,2026-07-26,10,Electronics,284.18,0,0.3,522,0
TXN206738,CUST12203,2026-07-16,8,Grocery,98.48,0,9.4,11,0
TXN206739,CUST11736,2026-09-02,11,Electronics,109.11,0,10.7,116,0
TXN206740,CUST12364,2026-08-30,13,Dining,48.33,0,9.1,470,0
TXN206741,CUST10177,2026-08-12,14,Grocery,54.08,0,2.7,582,0
TXN206742,CUST11481,2026-08-29,20,ATM Withdrawal,157.7,0,3.9,145,0
TXN206743,CUST11457,2026-09-17,19,Fuel,28.18,0,31.5,106,0
TXN206744,CUST10391,2026-08-12,11,Grocery,17.55,0,2.1,863,0
TXN206745,CUST10743,2026-08-09,21,Dining,74.93,0,1.5,350,0
TXN206746,CUST10889,2026-09-02,17,Dining,134.11,0,3.2,38,0
TXN206747,CUST10108,2026-06-29,10,Grocery,209.73,0,5.5,108,0
TXN206748,CUST12416,2026-09-20,9,Dining,49.09,0,1.4,587,0
TXN206749,CUST11441,2026-07-24,19,Travel,257.73,0,13.8,366,0
TXN206750,CUST11614,2026-07-07,12,Grocery,43.78,0,12.5,879,0
TXN206751,CUST11808,2026-07-12,19,Dining,109.71,0,9.0,329,0
TXN206752,CUST10207,2026-09-17,23,Dining,97.13,0,0.3,397,0
TXN206753,CUST10564,2026-07-03,9,Jewelry,646.55,0,10.3,497,0
TXN206754,CUST11322,2026-08-16,15,Online Retail,344.87,0,12.2,800,0
TXN206755,CUST11091,2026-06-30,20,ATM Withdrawal,128.13,0,3.3,5,0
TXN206756,CUST10851,2026-07-02,12,Fuel,59.89,1,6.0,124,0
TXN206757,CUST10098,2026-09-26,7,Dining,51.0,0,18.6,7,0
TXN206758,CUST11620,2026-07-20,20,Dining,76.38,1,10.9,786,0
TXN206759,CUST12056,2026-08-06,19,Grocery,34.07,0,28.6,524,0
TXN206760,CUST10440,2026-06-29,19,Electronics,116.65,0,5.4,348,0
TXN206761,CUST10031,2026-08-20,9,Jewelry,1567.82,0,10.9,278,1
TXN206762,CUST11394,2026-08-11,9,Grocery,106.47,0,2.8,32,0
TXN206763,CUST11764,2026-09-08,13,Grocery,127.35,0,1.4,153,0
TXN206764,CUST12325,2026-09-08,11,Grocery,18.84,0,8.4,8,0
TXN206765,CUST10456,2026-09-16,15,Online Retail,225.96,0,4.2,185,0
TXN206766,CUST10217,2026-07-27,19,Dining,80.22,1,13.9,489,0
TXN206767,CUST11580,2026-09-18,14,Jewelry,542.38,0,0.0,251,1
TXN206768,CUST11619,2026-07-20,14,Online Retail,191.83,0,4.8,178,0
TXN206769,CUST10648,2026-07-09,20,Dining,116.71,0,15.2,495,0
TXN206770,CUST11439,2026-08-06,12,Dining,36.65,0,1.2,424,0
TXN206771,CUST10040,2026-09-25,0,Grocery,32.2,0,2.3,1485,0
TXN206772,CUST11749,2026-09-10,11,Online Retail,62.79,0,16.9,5,0
TXN206773,CUST11198,2026-08-22,21,Fuel,61.55,0,7.5,97,0
TXN206774,CUST10317,2026-07-10,19,Grocery,38.05,0,0.6,262,0
TXN206775,CUST10626,2026-08-24,17,Fuel,57.81,1,7.2,185,0
TXN206776,CUST10981,2026-09-09,10,Grocery,121.23,0,5.0,751,0
TXN206777,CUST10669,2026-07-30,13,Electronics,217.71,0,25.9,748,0
TXN206778,CUST10607,2026-08-04,11,Electronics,462.84,0,4.7,665,0
TXN206779,CUST11434,2026-08-02,11,Dining,37.59,0,6.9,90,0
TXN206780,CUST12457,2026-08-27,15,Grocery,37.22,0,11.1,253,0
TXN206781,CUST11361,2026-09-23,9,Grocery,29.55,0,21.1,194,0
TXN206782,CUST12270,2026-09-01,20,Travel,365.83,0,9.2,206,0
TXN206783,CUST11049,2026-07-22,11,Dining,113.58,0,3.6,429,0
TXN206784,CUST12257,2026-07-16,18,Fuel,96.44,0,1.7,440,0
TXN206785,CUST10780,2026-09-14,21,Electronics,844.33,0,3.8,256,0
TXN206786,CUST11030,2026-08-29,4,Grocery,51.32,1,5.9,64,0
TXN206787,CUST12381,2026-09-03,10,Dining,73.22,0,14.8,157,0
TXN206788,CUST11064,2026-07-03,11,Grocery,14.84,0,3.5,403,0
TXN206789,CUST10741,2026-09-25,3,Dining,196.66,0,16.5,475,0
TXN206790,CUST12223,2026-09-24,15,Dining,170.98,0,8.6,298,0
TXN206791,CUST11917,2026-08-15,14,Online Retail,46.3,0,10.3,602,0
TXN206792,CUST11036,2026-09-11,19,Online Retail,170.97,1,4.5,144,0
TXN206793,CUST11364,2026-08-09,11,Grocery,31.35,0,1.1,286,0
TXN206794,CUST10201,2026-07-14,16,Grocery,23.81,0,0.9,577,0
TXN206795,CUST11546,2026-08-11,8,Online Retail,471.28,0,2.5,231,0
TXN206796,CUST10845,2026-08-11,15,Fuel,54.63,0,25.7,160,0
TXN206797,CUST10089,2026-09-24,4,Online Retail,185.63,0,0.9,820,0
TXN206798,CUST10131,2026-08-31,15,Dining,129.46,0,2.8,2008,0
TXN206799,CUST10782,2026-09-02,12,Grocery,23.46,0,20.9,120,0
TXN206800,CUST11431,2026-08-05,18,Electronics,335.72,0,12.1,454,0
TXN206801,CUST12392,2026-07-18,23,ATM Withdrawal,197.58,0,2.1,255,0
TXN206802,CUST12079,2026-09-05,15,Jewelry,536.07,0,6.3,257,0
TXN206803,CUST11355,2026-07-15,16,Online Retail,116.67,0,4.7,1664,0
TXN206804,CUST11815,2026-09-14,15,Online Retail,78.57,0,9.9,515,0
TXN206805,CUST10216,2026-08-04,16,Electronics,302.73,0,5.8,661,0
TXN206806,CUST11476,2026-09-13,9,Travel,1035.47,0,2.0,107,0
TXN206807,CUST11194,2026-08-01,10,Electronics,455.63,0,4.1,247,0
TXN206808,CUST10498,2026-06-29,2,Dining,61.11,0,2.9,305,0
TXN206809,CUST11595,2026-09-16,10,Grocery,35.43,0,10.3,796,0
TXN206810,CUST11994,2026-09-21,21,Online Retail,184.02,1,8.8,388,0
TXN206811,CUST11892,2026-07-24,11,Grocery,42.7,0,1.1,1895,0
TXN206812,CUST12109,2026-07-25,7,Fuel,30.43,0,0.9,333,0
TXN206813,CUST11991,2026-07-30,16,Dining,97.24,0,0.2,243,0
TXN206814,CUST12154,2026-07-13,19,Online Retail,134.27,0,6.8,136,0
TXN206815,CUST11160,2026-07-20,13,Electronics,285.47,0,9.7,462,0
TXN206816,CUST10083,2026-09-22,14,Travel,416.23,0,1.7,113,0
TXN206817,CUST11128,2026-07-12,20,Grocery,34.84,0,7.7,694,0
TXN206818,CUST10037,2026-08-02,5,Electronics,359.0,0,1.3,40,0
TXN206819,CUST12149,2026-07-19,22,Grocery,33.29,0,1.4,123,0
TXN206820,CUST11188,2026-08-19,11,Dining,107.81,0,26.4,662,0
TXN206821,CUST11270,2026-09-22,14,Online Retail,133.04,0,9.5,39,0
TXN206822,CUST10839,2026-08-25,3,Grocery,74.84,0,2.9,25,0
TXN206823,CUST11389,2026-08-07,17,Dining,41.89,0,1.0,139,0
TXN206824,CUST11138,2026-07-04,17,Grocery,60.17,0,7.5,301,0
TXN206825,CUST11132,2026-08-22,17,Grocery,24.54,0,2.1,316,1
TXN206826,CUST11972,2026-08-08,14,Online Retail,122.8,0,5.4,52,0
TXN206827,CUST11093,2026-09-18,20,Online Retail,142.85,0,5.5,854,0
TXN206828,CUST10082,2026-08-01,14,Online Retail,111.77,0,0.4,369,0
TXN206829,CUST10730,2026-09-24,18,Fuel,49.86,0,14.5,170,0
TXN206830,CUST11597,2026-08-12,12,Grocery,35.61,0,11.2,122,0
TXN206831,CUST11448,2026-07-11,15,Dining,90.9,0,8.4,23,0
TXN206832,CUST10561,2026-09-03,21,Online Retail,126.12,0,20.0,35,0
TXN206833,CUST11340,2026-07-25,9,Online Retail,43.02,0,19.9,76,0
TXN206834,CUST11003,2026-07-02,14,Dining,57.58,0,14.4,10,0
TXN206835,CUST11788,2026-09-04,7,Fuel,101.01,0,13.6,1406,0
TXN206836,CUST11011,2026-06-30,14,Online Retail,154.63,0,2.6,31,0
TXN206837,CUST11714,2026-08-21,12,Dining,57.02,0,14.0,151,1
TXN206838,CUST12438,2026-07-21,13,Fuel,103.57,0,14.7,797,0
TXN206839,CUST11941,2026-08-16,13,Dining,87.21,0,7.6,154,0
TXN206840,CUST10159,2026-08-07,17,Dining,55.87,0,24.0,83,0
TXN206841,CUST11277,2026-09-14,13,Fuel,38.58,0,5.7,1705,0
TXN206842,CUST12465,2026-07-24,18,Online Retail,94.87,0,19.0,478,0
TXN206843,CUST10735,2026-09-19,13,Fuel,25.61,0,5.8,141,0
TXN206844,CUST10605,2026-07-02,10,Grocery,35.11,0,0.2,55,0
TXN206845,CUST12014,2026-09-04,18,Electronics,47.44,0,4.2,57,0
TXN206846,CUST10180,2026-09-03,15,Fuel,86.13,0,11.6,1215,0
TXN206847,CUST11101,2026-07-17,13,Fuel,29.12,0,12.2,505,0
TXN206848,CUST11766,2026-07-29,4,Online Retail,75.85,0,2.1,567,0
TXN206849,CUST10203,2026-09-17,11,Jewelry,785.55,0,7.7,287,0
TXN206850,CUST10391,2026-08-01,14,Grocery,40.05,0,3.2,784,0
TXN206851,CUST11306,2026-09-14,15,Electronics,490.83,0,15.9,331,0
TXN206852,CUST10701,2026-09-20,2,Electronics,194.7,0,14.8,1829,0
TXN206853,CUST12435,2026-07-02,5,Travel,830.11,0,3.0,1878,0
TXN206854,CUST12313,2026-07-02,21,Fuel,31.19,0,15.2,278,0
TXN206855,CUST11283,2026-07-22,12,Online Retail,72.68,1,24.5,239,0
TXN206856,CUST10784,2026-08-24,18,Grocery,40.61,0,0.2,37,0
TXN206857,CUST10648,2026-07-19,14,Dining,36.05,0,3.1,354,0
TXN206858,CUST10177,2026-08-22,10,Dining,55.79,0,43.5,432,0
TXN206859,CUST10927,2026-07-05,7,Grocery,48.68,0,8.2,332,0
TXN206860,CUST10470,2026-08-02,13,Dining,165.78,0,20.5,1112,0
TXN206861,CUST11666,2026-08-06,17,Grocery,87.76,0,1.2,50,0
TXN206862,CUST12233,2026-07-06,14,Grocery,50.99,0,0.7,157,0
TXN206863,CUST12440,2026-09-24,5,Grocery,30.35,0,6.8,157,0
TXN206864,CUST12319,2026-08-03,9,Travel,379.49,0,4.4,157,0
TXN206865,CUST11982,2026-07-25,12,Dining,155.11,0,5.0,898,0
TXN206866,CUST11256,2026-09-17,14,Grocery,19.36,0,0.2,300,0
TXN206867,CUST11932,2026-08-15,19,Fuel,57.49,0,0.1,481,0
TXN206868,CUST12049,2026-08-02,23,Dining,72.79,0,2.9,157,0
TXN206869,CUST10380,2026-08-06,5,Electronics,1034.41,0,1.6,400,0
TXN206870,CUST10297,2026-08-25,19,Fuel,71.25,0,4.4,82,0
TXN206871,CUST12300,2026-08-06,17,Electronics,241.68,0,18.8,826,0
TXN206872,CUST11054,2026-07-03,19,Electronics,142.52,0,3.6,604,0
TXN206873,CUST11493,2026-07-05,13,Grocery,55.25,0,10.5,464,0
TXN206874,CUST10281,2026-08-29,2,Electronics,366.35,0,2.1,70,1
TXN206875,CUST12429,2026-08-13,10,Dining,37.62,0,4.1,168,0
TXN206876,CUST11980,2026-07-25,22,Jewelry,477.85,0,6.9,31,0
TXN206877,CUST10532,2026-07-26,14,Dining,19.49,0,5.7,12,0
TXN206878,CUST10431,2026-09-20,6,Grocery,32.26,0,3.9,423,0
TXN206879,CUST11997,2026-07-19,19,Fuel,43.38,0,2.5,170,0
TXN206880,CUST11574,2026-09-13,16,Online Retail,108.33,0,8.4,24,0
TXN206881,CUST12497,2026-09-25,8,Dining,85.88,0,5.9,757,0
TXN206882,CUST11079,2026-08-22,11,Online Retail,132.22,0,14.8,564,0
TXN206883,CUST11022,2026-08-18,11,Grocery,40.56,0,2.7,136,0
TXN206884,CUST11547,2026-09-17,12,ATM Withdrawal,49.84,0,3.0,740,0
TXN206885,CUST12494,2026-07-09,9,Jewelry,370.47,0,4.3,76,0
TXN206886,CUST11338,2026-08-08,5,Electronics,455.53,0,1.4,530,0
TXN206887,CUST11001,2026-08-15,15,Grocery,25.35,0,3.6,33,0
TXN206888,CUST11707,2026-08-28,19,Dining,61.07,0,2.7,125,0
TXN206889,CUST11387,2026-07-16,12,ATM Withdrawal,165.18,0,28.2,149,0
TXN206890,CUST10757,2026-08-13,17,Electronics,277.53,0,0.6,377,0
TXN206891,CUST11515,2026-08-05,5,Jewelry,1059.31,0,3.1,602,0
TXN206892,CUST12129,2026-07-05,4,Online Retail,100.5,0,0.1,202,0
TXN206893,CUST10800,2026-09-03,11,Dining,24.87,0,2.2,111,0
TXN206894,CUST12437,2026-08-23,15,Grocery,37.72,0,20.8,67,0
TXN206895,CUST11188,2026-07-08,13,ATM Withdrawal,432.05,0,44.6,1610,0
TXN206896,CUST11699,2026-07-11,22,Online Retail,54.4,0,1.7,16,0
TXN206897,CUST11849,2026-09-12,17,Electronics,138.24,0,1.0,223,0
TXN206898,CUST11636,2026-07-08,10,Dining,88.96,0,4.3,689,0
TXN206899,CUST11187,2026-08-06,16,Dining,55.0,0,5.7,451,0
TXN206900,CUST12024,2026-07-09,15,Jewelry,649.35,0,2.0,121,0
TXN206901,CUST10257,2026-08-12,16,Dining,42.46,0,2.5,383,0
TXN206902,CUST11835,2026-08-13,21,Online Retail,125.24,0,11.7,5,0
TXN206903,CUST12342,2026-07-23,13,Dining,30.54,0,17.1,1908,0
TXN206904,CUST12480,2026-08-02,16,ATM Withdrawal,102.93,0,21.4,1000,0
TXN206905,CUST11132,2026-08-28,21,Dining,46.19,0,31.6,32,0
TXN206906,CUST11065,2026-07-14,15,Grocery,41.89,0,11.9,278,0
TXN206907,CUST10212,2026-07-25,17,Dining,30.91,0,10.8,165,0
TXN206908,CUST11198,2026-09-05,16,ATM Withdrawal,259.19,0,1.8,796,0
TXN206909,CUST10827,2026-08-10,16,ATM Withdrawal,228.48,0,3.7,659,0
TXN206910,CUST10594,2026-08-06,8,Fuel,90.97,0,2.3,49,0
TXN206911,CUST10546,2026-07-31,7,Fuel,38.33,0,2.4,195,0
TXN206912,CUST10783,2026-08-06,2,Fuel,18.29,0,20.4,884,0
TXN206913,CUST10764,2026-09-08,12,Fuel,109.41,0,15.8,80,0
TXN206914,CUST10926,2026-08-03,11,Fuel,71.55,0,62.0,70,0
TXN206915,CUST11237,2026-08-10,11,Fuel,43.62,0,12.5,103,0
TXN206916,CUST11166,2026-09-22,13,Dining,47.92,0,9.7,277,0
TXN206917,CUST10482,2026-08-30,17,Online Retail,193.22,0,2.6,956,0
TXN206918,CUST10532,2026-09-05,11,Online Retail,120.33,0,20.9,1150,0
TXN206919,CUST11404,2026-08-07,14,Grocery,24.73,0,0.8,738,0
TXN206920,CUST11265,2026-09-14,7,Electronics,276.85,0,4.0,45,0
TXN206921,CUST10916,2026-07-31,9,Online Retail,48.76,1,13.6,591,0
TXN206922,CUST11804,2026-09-26,20,Online Retail,190.6,0,3.0,541,0
TXN206923,CUST10807,2026-08-26,16,Dining,67.6,0,10.9,447,0
TXN206924,CUST11717,2026-08-05,9,Dining,82.25,0,4.8,77,0
TXN206925,CUST11070,2026-08-08,17,Dining,152.54,0,5.0,113,0
TXN206926,CUST10936,2026-08-24,8,Online Retail,174.8,0,2.3,599,0
TXN206927,CUST11817,2026-07-09,11,Fuel,21.64,0,0.2,37,0
TXN206928,CUST10233,2026-09-02,8,Fuel,161.15,0,4.1,200,0
TXN206929,CUST12421,2026-07-20,10,Fuel,45.13,0,21.4,976,0
TXN206930,CUST10647,2026-08-10,15,Jewelry,607.64,0,0.8,442,0
TXN206931,CUST12487,2026-07-29,13,Online Retail,232.26,0,0.5,271,1
TXN206932,CUST10326,2026-08-25,11,Grocery,29.07,0,5.9,65,0
TXN206933,CUST10908,2026-08-22,13,Fuel,34.32,0,4.6,48,0
TXN206934,CUST10677,2026-08-04,15,ATM Withdrawal,616.77,0,2.7,1037,0
TXN206935,CUST10555,2026-07-11,17,Online Retail,116.87,0,6.9,103,0
TXN206936,CUST10543,2026-09-23,12,Travel,1850.15,0,9.2,301,0
TXN206937,CUST10471,2026-08-07,18,Travel,188.89,0,9.3,288,0
TXN206938,CUST12399,2026-06-30,12,Jewelry,1212.3,0,3.7,934,0
TXN206939,CUST12421,2026-08-01,13,Online Retail,141.48,0,14.3,1300,0
TXN206940,CUST10483,2026-07-09,12,Electronics,639.46,0,1.5,423,0
TXN206941,CUST11644,2026-09-14,12,Travel,1829.41,0,2.0,35,1
TXN206942,CUST10657,2026-07-21,13,Grocery,98.85,0,9.1,218,0
TXN206943,CUST10545,2026-09-05,10,Travel,981.16,0,4.2,7,0
TXN206944,CUST11507,2026-08-28,16,Grocery,31.35,0,3.6,177,0
TXN206945,CUST11211,2026-07-05,12,Electronics,193.56,0,11.6,186,0
TXN206946,CUST11122,2026-09-17,9,Electronics,1082.06,1,6.8,7,1
TXN206947,CUST10966,2026-08-17,18,Online Retail,120.62,0,4.4,215,0
TXN206948,CUST10274,2026-09-14,17,Fuel,29.41,0,26.1,281,0
TXN206949,CUST11914,2026-07-27,18,Travel,355.73,0,0.0,11,0
TXN206950,CUST12132,2026-09-15,18,Online Retail,234.43,0,0.4,168,0
TXN206951,CUST11892,2026-06-29,12,Dining,38.24,0,9.7,119,0
TXN206952,CUST12349,2026-07-21,14,Electronics,250.36,1,0.8,513,0
TXN206953,CUST10996,2026-08-11,16,Grocery,38.58,0,1.2,1072,0
TXN206954,CUST10284,2026-09-05,17,Grocery,29.03,0,8.4,297,0
TXN206955,CUST10467,2026-07-20,15,Dining,222.62,0,10.8,273,0
TXN206956,CUST11403,2026-07-19,12,Dining,38.4,0,0.5,307,0
TXN206957,CUST11655,2026-07-25,10,Dining,81.59,0,13.3,492,0
TXN206958,CUST10359,2026-08-23,20,Online Retail,60.49,0,3.3,164,0
TXN206959,CUST10038,2026-07-12,19,Travel,598.81,0,25.3,218,0
TXN206960,CUST12090,2026-09-04,18,Grocery,19.26,0,14.5,540,0
TXN206961,CUST10785,2026-07-08,2,Fuel,30.54,0,13.7,82,0
TXN206962,CUST10230,2026-07-22,17,Travel,375.24,0,6.4,530,0
TXN206963,CUST10365,2026-08-22,12,Fuel,246.06,0,5.8,132,0
TXN206964,CUST10051,2026-08-25,11,Online Retail,58.97,0,2.5,1638,0
TXN206965,CUST11718,2026-09-05,3,Dining,75.83,0,0.6,501,0
TXN206966,CUST10356,2026-07-28,7,Grocery,59.59,0,22.1,60,0
TXN206967,CUST10312,2026-09-22,19,Online Retail,180.66,0,4.8,730,0
TXN206968,CUST11099,2026-07-21,17,Jewelry,927.04,0,8.1,59,0
TXN206969,CUST12278,2026-09-17,19,Electronics,364.12,0,11.3,818,0
TXN206970,CUST10340,2026-09-24,11,Dining,39.85,0,2.8,264,0
TXN206971,CUST11858,2026-07-25,18,Grocery,32.68,0,15.7,6,0
TXN206972,CUST10815,2026-08-01,19,Grocery,72.71,0,12.8,211,0
TXN206973,CUST12361,2026-07-12,18,Grocery,9.35,0,9.0,163,0
TXN206974,CUST10970,2026-07-26,10,Grocery,26.5,0,4.4,93,0
TXN206975,CUST10551,2026-08-01,11,Dining,39.83,0,0.9,661,0
TXN206976,CUST12311,2026-06-29,14,Electronics,387.94,0,36.5,106,1
TXN206977,CUST10182,2026-09-07,15,Grocery,38.16,0,3.2,131,0
TXN206978,CUST11474,2026-08-15,5,Online Retail,198.09,0,5.5,9,0
TXN206979,CUST10433,2026-08-25,17,Grocery,77.38,0,2.2,1395,0
TXN206980,CUST11712,2026-08-20,10,Electronics,259.63,0,9.9,474,0
TXN206981,CUST11032,2026-09-06,12,Dining,44.73,0,0.1,682,0
TXN206982,CUST12350,2026-09-11,17,Online Retail,87.84,0,19.1,494,0
TXN206983,CUST11456,2026-07-27,17,Dining,33.42,0,1.9,212,0
TXN206984,CUST10610,2026-08-23,23,Grocery,29.78,0,0.1,156,0
TXN206985,CUST12042,2026-08-12,15,Dining,35.41,0,13.4,2430,0
TXN206986,CUST12087,2026-07-19,13,ATM Withdrawal,129.78,0,4.5,1016,0
TXN206987,CUST11532,2026-07-03,4,Dining,52.09,0,1.2,314,0
TXN206988,CUST10433,2026-07-24,7,Electronics,216.59,0,6.5,70,0
TXN206989,CUST11004,2026-08-27,17,ATM Withdrawal,552.87,0,2.7,1447,0
TXN206990,CUST11220,2026-07-17,17,Grocery,21.49,0,12.0,1117,0
TXN206991,CUST11475,2026-08-26,18,Grocery,56.85,0,19.2,518,0
TXN206992,CUST12094,2026-08-15,14,Fuel,15.7,0,1.7,613,0
TXN206993,CUST11223,2026-08-16,6,Travel,274.45,0,18.3,25,0
TXN206994,CUST11984,2026-07-16,2,Fuel,57.79,0,33.8,49,0
TXN206995,CUST12452,2026-07-24,9,Dining,16.52,0,9.1,147,0
TXN206996,CUST10713,2026-07-23,11,Electronics,214.06,0,6.9,118,0
TXN206997,CUST10297,2026-07-22,16,ATM Withdrawal,293.8,0,4.3,56,0
TXN206998,CUST10366,2026-07-23,20,Grocery,233.72,0,3.7,502,0
TXN206999,CUST10698,2026-07-04,20,Electronics,102.12,0,3.4,54,0
TXN207000,CUST11906,2026-09-11,7,Grocery,21.29,0,8.1,544,0
TXN207001,CUST12484,2026-08-25,7,Grocery,18.71,0,8.3,24,0
TXN207002,CUST10146,2026-09-06,7,Online Retail,180.04,0,6.2,272,0
TXN207003,CUST11708,2026-08-12,15,Dining,33.65,0,8.7,69,0
TXN207004,CUST11254,2026-08-18,15,Fuel,85.22,0,6.6,335,0
TXN207005,CUST12481,2026-09-09,12,Jewelry,482.92,0,9.3,248,0
TXN207006,CUST10806,2026-07-10,15,Online Retail,186.79,0,7.6,143,0
TXN207007,CUST11313,2026-07-22,18,Online Retail,32.83,0,9.9,21,0
TXN207008,CUST10344,2026-09-25,14,Dining,54.25,0,3.9,217,0
TXN207009,CUST11493,2026-08-03,19,Online Retail,241.16,0,14.6,751,0
TXN207010,CUST11514,2026-09-26,19,Electronics,611.55,0,8.3,419,0
TXN207011,CUST12454,2026-08-22,13,Online Retail,148.85,0,32.1,36,0
TXN207012,CUST10051,2026-07-27,17,Grocery,38.99,0,0.1,515,0
TXN207013,CUST10013,2026-07-18,9,Travel,939.58,0,5.9,580,0
TXN207014,CUST10077,2026-07-24,15,Grocery,19.41,0,10.0,251,0
TXN207015,CUST10760,2026-08-30,10,Electronics,386.79,0,12.1,897,0
TXN207016,CUST11982,2026-07-17,21,Fuel,99.33,0,4.9,141,0
TXN207017,CUST12231,2026-08-27,18,Electronics,728.29,0,11.4,639,1
TXN207018,CUST11218,2026-08-14,0,Grocery,98.25,0,6.2,584,0
TXN207019,CUST11518,2026-08-08,17,Grocery,58.83,0,4.7,598,0
TXN207020,CUST10004,2026-09-25,17,Online Retail,128.93,0,9.5,241,0
TXN207021,CUST11100,2026-09-02,17,Online Retail,357.59,0,0.6,402,0
TXN207022,CUST10243,2026-07-04,4,Grocery,52.08,0,2.2,347,0
TXN207023,CUST10665,2026-09-16,19,Grocery,16.26,0,0.3,458,0
TXN207024,CUST11650,2026-09-11,16,Dining,61.7,0,3.6,445,0
TXN207025,CUST11265,2026-09-02,10,Dining,147.54,0,1.3,13,0
TXN207026,CUST10797,2026-07-11,19,Fuel,36.67,0,0.2,200,0
TXN207027,CUST11655,2026-09-21,16,ATM Withdrawal,69.4,0,11.8,510,0
TXN207028,CUST11077,2026-07-10,18,Fuel,36.58,0,3.9,432,0
TXN207029,CUST10203,2026-09-04,8,Grocery,43.04,0,6.8,306,0
TXN207030,CUST10666,2026-09-06,7,Travel,236.74,0,5.4,165,0
TXN207031,CUST11752,2026-08-04,14,Online Retail,254.14,0,1.0,119,0
TXN207032,CUST10529,2026-09-02,9,Grocery,43.42,0,20.7,396,0
TXN207033,CUST10216,2026-09-12,14,Travel,592.19,0,1.3,75,0
TXN207034,CUST10477,2026-08-21,6,Fuel,72.76,0,14.6,146,0
TXN207035,CUST11613,2026-07-22,4,Dining,80.19,0,0.1,12,0
TXN207036,CUST12264,2026-09-26,14,Dining,44.76,0,3.7,329,0
TXN207037,CUST10598,2026-07-30,5,Grocery,33.81,0,2.6,234,0
TXN207038,CUST10894,2026-09-24,16,Grocery,25.01,0,2.3,571,0
TXN207039,CUST10279,2026-08-10,12,Fuel,30.38,0,3.5,360,0
TXN207040,CUST10383,2026-09-03,14,Dining,25.4,0,5.3,627,0
TXN207041,CUST10446,2026-09-21,13,Travel,235.99,0,9.4,1107,0
TXN207042,CUST11371,2026-08-30,20,Dining,38.42,0,10.9,32,0
TXN207043,CUST11516,2026-09-18,21,Electronics,548.12,0,2.2,107,0
TXN207044,CUST10347,2026-09-09,12,Grocery,20.34,0,4.0,359,0
TXN207045,CUST11997,2026-07-12,16,Grocery,45.63,1,1.0,73,0
TXN207046,CUST10445,2026-08-21,21,Fuel,26.71,0,2.8,1649,0
TXN207047,CUST10852,2026-07-18,18,Electronics,473.58,0,14.8,257,0
TXN207048,CUST11144,2026-09-15,11,Travel,1097.86,1,16.9,631,0
TXN207049,CUST11891,2026-08-27,16,Online Retail,59.65,0,0.7,33,0
TXN207050,CUST12184,2026-09-08,13,Dining,52.53,0,7.3,221,0
TXN207051,CUST10107,2026-09-25,9,Grocery,24.66,0,5.1,152,0
TXN207052,CUST12072,2026-06-29,13,Grocery,27.32,0,10.4,164,0
TXN207053,CUST12057,2026-09-19,11,Dining,85.37,0,0.3,1378,0
TXN207054,CUST10671,2026-08-27,10,Online Retail,141.75,0,3.2,491,0
TXN207055,CUST12022,2026-07-24,22,Travel,225.82,1,5.9,22,0
TXN207056,CUST11825,2026-07-23,12,Online Retail,198.43,0,18.6,344,0
TXN207057,CUST11737,2026-09-08,11,Fuel,45.29,0,1.7,102,0
TXN207058,CUST10025,2026-07-31,19,Travel,668.25,0,0.4,553,0
TXN207059,CUST11790,2026-08-01,10,Electronics,415.08,0,2.0,192,0
TXN207060,CUST10445,2026-07-22,15,Grocery,54.98,0,12.3,844,0
TXN207061,CUST10763,2026-08-20,13,Grocery,46.91,0,9.9,300,0
TXN207062,CUST11344,2026-08-17,10,Grocery,45.45,1,4.4,82,0
TXN207063,CUST10182,2026-08-10,15,Fuel,97.58,0,2.8,11,0
TXN207064,CUST11007,2026-08-29,23,Electronics,377.73,0,9.7,1171,0
TXN207065,CUST11664,2026-08-09,4,Fuel,81.79,0,0.1,147,0
TXN207066,CUST12039,2026-08-20,9,Fuel,106.43,0,48.7,67,0
TXN207067,CUST10383,2026-07-03,2,Fuel,35.22,0,5.2,91,0
TXN207068,CUST12077,2026-09-15,12,Electronics,251.04,0,12.3,1454,0
TXN207069,CUST10936,2026-07-04,2,Online Retail,68.94,0,16.3,162,0
TXN207070,CUST10240,2026-07-31,9,Travel,600.22,0,6.5,255,0
TXN207071,CUST10546,2026-08-17,14,Travel,558.64,0,2.6,53,0
TXN207072,CUST11182,2026-07-29,23,Travel,729.35,0,7.6,396,0
TXN207073,CUST10612,2026-07-01,19,Online Retail,110.69,0,3.8,765,0
TXN207074,CUST10792,2026-09-16,16,Dining,61.45,0,2.0,168,0
TXN207075,CUST12166,2026-09-16,17,Fuel,72.72,0,0.6,37,0
TXN207076,CUST10450,2026-09-23,9,Fuel,70.32,0,0.1,84,0
TXN207077,CUST11048,2026-07-27,16,Electronics,70.48,0,5.4,251,0
TXN207078,CUST10803,2026-09-10,18,Fuel,67.76,0,5.2,1395,0
TXN207079,CUST10240,2026-08-09,8,Grocery,40.8,0,16.0,947,0
TXN207080,CUST10309,2026-08-07,20,Electronics,516.14,0,5.6,42,1
TXN207081,CUST11118,2026-08-23,8,Fuel,85.6,0,12.4,159,0
TXN207082,CUST10853,2026-09-05,16,Fuel,13.04,0,5.1,932,0
TXN207083,CUST11887,2026-08-12,10,Travel,1223.67,0,0.6,970,0
TXN207084,CUST10427,2026-08-26,3,Travel,373.82,0,0.1,263,0
TXN207085,CUST12188,2026-09-18,5,Electronics,339.86,0,19.7,360,0
TXN207086,CUST10312,2026-08-22,18,Grocery,58.59,0,7.4,118,0
TXN207087,CUST10367,2026-09-01,14,Grocery,36.44,0,4.3,690,0
TXN207088,CUST12342,2026-08-22,18,Travel,232.64,0,5.0,219,0
TXN207089,CUST11371,2026-07-24,11,Electronics,636.65,0,2.2,15,0
TXN207090,CUST11811,2026-07-12,12,Jewelry,625.37,0,1.3,1469,0
TXN207091,CUST12435,2026-08-04,4,Jewelry,637.67,0,0.6,96,0
TXN207092,CUST11412,2026-07-26,13,Grocery,52.63,1,11.8,97,0
TXN207093,CUST10627,2026-09-23,7,Grocery,7.03,0,1.5,251,0
TXN207094,CUST10750,2026-07-20,13,Electronics,499.07,0,1.5,407,0
TXN207095,CUST10758,2026-08-08,15,Grocery,38.75,0,0.6,117,0
TXN207096,CUST10377,2026-08-18,11,Travel,487.83,0,14.8,699,0
TXN207097,CUST10024,2026-09-22,22,Dining,85.15,0,4.9,1531,0
TXN207098,CUST10673,2026-08-21,14,Electronics,144.73,0,34.5,499,0
TXN207099,CUST12448,2026-08-28,10,Grocery,43.59,0,4.2,135,0
TXN207100,CUST12413,2026-07-17,17,Dining,30.41,0,10.0,973,0
TXN207101,CUST10972,2026-08-11,14,Travel,117.61,0,0.9,1038,0
TXN207102,CUST11833,2026-09-12,10,Grocery,103.75,0,0.0,1159,0
TXN207103,CUST11378,2026-07-15,9,Fuel,122.43,0,2.3,33,0
TXN207104,CUST12292,2026-09-18,14,Online Retail,103.32,0,18.3,63,0
TXN207105,CUST12147,2026-07-14,6,Grocery,57.58,0,1.7,13,0
TXN207106,CUST10230,2026-08-14,10,Fuel,30.17,0,1.1,256,0
TXN207107,CUST11807,2026-08-16,15,Jewelry,780.42,0,6.6,28,0
TXN207108,CUST11215,2026-07-17,21,Grocery,70.13,0,4.2,224,0
TXN207109,CUST11751,2026-07-26,17,Grocery,24.12,0,15.5,89,0
TXN207110,CUST12487,2026-07-02,18,Dining,25.41,0,0.3,324,0
TXN207111,CUST11709,2026-09-07,2,Grocery,31.17,0,10.1,204,0
TXN207112,CUST10433,2026-07-22,19,Grocery,15.82,0,6.7,322,0
TXN207113,CUST11051,2026-07-31,14,Dining,124.96,0,1.9,508,0
TXN207114,CUST11034,2026-08-03,11,Online Retail,218.35,0,1.5,30,0
TXN207115,CUST11868,2026-08-16,14,Dining,70.4,0,4.9,41,0
TXN207116,CUST11830,2026-08-11,4,Fuel,70.93,0,12.8,398,0
TXN207117,CUST12194,2026-08-08,19,Travel,1480.44,0,19.9,74,0
TXN207118,CUST11710,2026-09-09,12,ATM Withdrawal,156.66,0,2.0,121,0
TXN207119,CUST10070,2026-08-21,5,Travel,1092.92,0,15.7,164,0
TXN207120,CUST11248,2026-07-11,5,Grocery,45.56,0,0.8,605,0
TXN207121,CUST12374,2026-08-08,8,Grocery,19.17,0,6.7,828,0
TXN207122,CUST12343,2026-08-14,15,Fuel,11.16,0,10.1,398,0
TXN207123,CUST11675,2026-08-29,0,Fuel,82.17,0,13.1,132,0
TXN207124,CUST12217,2026-09-06,23,Grocery,28.78,0,8.2,68,0
TXN207125,CUST10834,2026-07-30,8,Grocery,26.41,0,2.0,454,0
TXN207126,CUST11752,2026-08-17,17,Electronics,736.27,0,2.7,48,0
TXN207127,CUST10192,2026-08-12,5,Grocery,7.54,0,1.7,268,0
TXN207128,CUST11601,2026-08-18,15,Online Retail,380.1,0,6.7,789,0
TXN207129,CUST11376,2026-07-14,14,Dining,43.33,0,17.3,377,0
TXN207130,CUST11890,2026-06-30,15,Online Retail,209.13,0,1.3,905,0
TXN207131,CUST11054,2026-08-15,18,Electronics,288.35,0,3.3,1378,0
TXN207132,CUST11803,2026-07-22,16,Electronics,630.54,0,5.5,321,0
TXN207133,CUST10744,2026-08-20,0,Travel,625.16,0,17.1,662,0
TXN207134,CUST12101,2026-08-08,16,Online Retail,39.65,0,2.2,160,0
TXN207135,CUST12252,2026-08-13,9,Fuel,30.6,0,1.5,54,0
TXN207136,CUST10785,2026-08-07,9,Dining,27.16,0,1.3,225,0
TXN207137,CUST12295,2026-08-09,17,Grocery,21.37,0,0.3,576,0
TXN207138,CUST10902,2026-07-01,23,Grocery,51.55,0,0.2,30,0
TXN207139,CUST12491,2026-07-10,19,Electronics,316.29,0,15.1,900,0
TXN207140,CUST12088,2026-09-23,8,Online Retail,147.26,0,10.9,651,0
TXN207141,CUST11540,2026-07-09,13,Travel,295.01,0,5.0,762,0
TXN207142,CUST11650,2026-08-28,15,Dining,71.31,0,21.8,58,0
TXN207143,CUST11117,2026-08-14,7,Online Retail,58.31,0,16.1,518,0
TXN207144,CUST10408,2026-07-06,21,Jewelry,552.24,0,0.4,97,0
TXN207145,CUST12095,2026-09-20,17,Dining,87.98,0,4.0,106,1
TXN207146,CUST11033,2026-09-14,18,Dining,77.11,0,21.9,11,0
TXN207147,CUST12378,2026-07-23,13,Grocery,43.57,0,2.3,202,0
TXN207148,CUST10292,2026-07-26,8,Fuel,27.3,0,3.9,149,0
TXN207149,CUST11037,2026-07-07,15,Grocery,19.59,1,6.7,1003,0
TXN207150,CUST12335,2026-07-06,17,Online Retail,416.64,0,19.5,216,0
TXN207151,CUST12158,2026-09-13,2,ATM Withdrawal,112.62,0,7.7,143,0
TXN207152,CUST11170,2026-09-11,14,Dining,217.5,0,1.0,1374,0
TXN207153,CUST10728,2026-07-24,10,Electronics,414.94,0,7.8,215,0
TXN207154,CUST11508,2026-08-21,23,Online Retail,75.48,0,14.6,71,0
TXN207155,CUST10972,2026-07-25,15,Grocery,27.63,0,5.6,1032,0
TXN207156,CUST10072,2026-09-17,5,Online Retail,74.54,0,5.8,102,0
TXN207157,CUST12108,2026-08-23,15,Dining,95.05,0,2.4,138,0
TXN207158,CUST11507,2026-09-18,14,Electronics,550.99,0,0.7,92,0
TXN207159,CUST12157,2026-08-08,16,Dining,78.76,0,0.7,882,0
TXN207160,CUST11650,2026-07-02,14,Fuel,49.96,0,0.8,2555,0
TXN207161,CUST10766,2026-08-20,16,Online Retail,76.91,0,0.5,206,0
TXN207162,CUST10987,2026-07-14,5,Online Retail,263.0,0,5.3,238,0
TXN207163,CUST11538,2026-09-10,14,Electronics,667.97,0,5.6,548,0
TXN207164,CUST10349,2026-08-13,20,Electronics,624.28,0,6.5,101,0
TXN207165,CUST11205,2026-09-19,15,Fuel,25.5,0,2.9,695,0
TXN207166,CUST12145,2026-07-26,12,Electronics,681.37,0,2.0,5,0
TXN207167,CUST12296,2026-08-09,13,Electronics,172.78,0,28.6,5,0
TXN207168,CUST12339,2026-06-30,12,Travel,1073.62,0,4.1,339,0
TXN207169,CUST11432,2026-09-07,17,Dining,81.45,0,1.0,65,0
TXN207170,CUST10266,2026-09-18,23,Online Retail,126.5,0,0.3,1000,0
TXN207171,CUST11658,2026-08-16,14,Grocery,90.96,0,5.4,208,0
TXN207172,CUST11739,2026-08-05,16,Fuel,107.13,0,3.3,159,0
TXN207173,CUST10850,2026-08-18,9,Grocery,42.3,0,0.9,311,0
TXN207174,CUST12434,2026-08-22,15,Fuel,42.92,0,5.3,16,0
TXN207175,CUST12354,2026-09-19,16,Fuel,25.87,0,6.1,365,0
TXN207176,CUST10382,2026-07-22,8,Online Retail,102.92,0,2.1,46,0
TXN207177,CUST12345,2026-07-17,8,Fuel,150.74,0,7.3,96,0
TXN207178,CUST12065,2026-07-08,10,Fuel,72.31,0,2.9,439,0
TXN207179,CUST10300,2026-08-31,9,Online Retail,273.98,0,24.5,144,0
TXN207180,CUST12107,2026-08-02,11,Online Retail,280.68,0,2.3,273,0
TXN207181,CUST10072,2026-09-06,13,Grocery,16.42,0,1.9,212,0
TXN207182,CUST10501,2026-08-07,15,Online Retail,187.98,0,9.0,647,0
TXN207183,CUST10134,2026-08-15,22,Online Retail,56.59,0,8.2,1020,0
TXN207184,CUST11504,2026-07-03,17,Grocery,48.13,0,2.2,1416,0
TXN207185,CUST11241,2026-06-29,14,Dining,209.71,1,17.0,493,0
TXN207186,CUST10195,2026-09-17,12,ATM Withdrawal,172.58,0,4.5,149,0
TXN207187,CUST11463,2026-09-20,18,Dining,20.08,1,38.8,186,0
TXN207188,CUST11752,2026-08-17,14,Electronics,381.2,0,12.8,202,0
TXN207189,CUST11761,2026-08-16,13,Electronics,111.5,0,3.2,138,0
TXN207190,CUST11805,2026-08-12,6,ATM Withdrawal,395.92,0,1.1,218,0
TXN207191,CUST12291,2026-07-24,16,Fuel,101.06,0,25.9,101,0
TXN207192,CUST11511,2026-09-18,17,Online Retail,77.53,0,1.6,42,0
TXN207193,CUST12283,2026-08-18,16,Online Retail,97.18,0,0.1,131,0
TXN207194,CUST10768,2026-07-01,14,Grocery,38.7,0,9.4,278,0
TXN207195,CUST11494,2026-09-23,7,Grocery,24.65,0,1.8,184,0
TXN207196,CUST10754,2026-08-09,14,Grocery,18.92,0,2.3,22,0
TXN207197,CUST10459,2026-09-16,11,Dining,50.76,0,12.5,346,0
TXN207198,CUST11236,2026-09-21,13,Electronics,534.49,0,7.1,499,0
TXN207199,CUST10928,2026-07-09,8,Dining,31.43,0,21.1,1131,0
TXN207200,CUST10901,2026-09-09,12,Online Retail,188.49,0,1.0,473,0
TXN207201,CUST12243,2026-07-30,21,Dining,55.38,0,6.4,134,0
TXN207202,CUST10444,2026-07-11,10,Electronics,108.28,0,0.2,610,0
TXN207203,CUST10961,2026-09-12,13,Grocery,28.47,0,10.8,1307,0
TXN207204,CUST10274,2026-08-06,14,Online Retail,141.29,0,20.7,1207,0
TXN207205,CUST10678,2026-07-07,15,Fuel,58.18,0,13.9,341,0
TXN207206,CUST10781,2026-07-03,8,Electronics,438.24,0,6.0,382,0
TXN207207,CUST10799,2026-07-25,11,ATM Withdrawal,354.2,1,2.4,5,0
TXN207208,CUST10511,2026-07-13,13,Dining,31.01,0,32.0,658,0
TXN207209,CUST10629,2026-09-22,3,Fuel,42.24,0,3.6,5,0
TXN207210,CUST10587,2026-09-25,18,Online Retail,102.11,0,12.4,858,0
TXN207211,CUST10381,2026-08-05,21,Grocery,14.5,0,0.8,211,0
TXN207212,CUST11683,2026-09-05,14,Grocery,70.21,0,1.8,159,0
TXN207213,CUST11707,2026-06-29,16,Fuel,99.74,0,7.2,2276,0
TXN207214,CUST12375,2026-07-26,18,Online Retail,139.39,0,0.2,415,0
TXN207215,CUST10389,2026-07-23,19,ATM Withdrawal,157.81,0,24.3,2484,0
TXN207216,CUST10541,2026-08-17,20,Electronics,422.95,0,10.0,22,0
TXN207217,CUST10982,2026-09-22,6,Grocery,61.31,0,13.9,426,0
TXN207218,CUST10893,2026-08-16,7,ATM Withdrawal,329.51,0,4.0,98,0
TXN207219,CUST11319,2026-08-22,7,Travel,891.84,0,21.6,989,0
TXN207220,CUST11344,2026-09-04,14,Grocery,82.12,0,4.8,219,0
TXN207221,CUST12327,2026-07-09,16,Fuel,20.29,0,5.5,129,0
TXN207222,CUST12274,2026-09-17,15,Grocery,34.87,0,12.9,74,0
TXN207223,CUST11733,2026-08-13,13,Dining,35.48,0,16.9,921,0
TXN207224,CUST11121,2026-09-10,14,Grocery,40.63,0,26.1,148,0
TXN207225,CUST11546,2026-09-12,8,Travel,682.43,0,7.5,152,0
TXN207226,CUST11567,2026-08-13,13,Online Retail,152.51,0,6.1,647,0
TXN207227,CUST10367,2026-07-19,12,Grocery,48.06,0,0.7,409,0
TXN207228,CUST11758,2026-08-21,18,Dining,30.83,0,1.7,38,0
TXN207229,CUST11326,2026-08-15,12,Fuel,72.38,1,5.5,33,0
TXN207230,CUST10925,2026-07-19,0,Fuel,61.63,0,2.7,674,0
TXN207231,CUST11370,2026-09-26,8,Jewelry,1068.33,0,7.2,486,0
TXN207232,CUST11948,2026-09-18,15,Grocery,42.9,0,2.1,41,0
TXN207233,CUST11441,2026-07-04,2,Electronics,382.98,0,8.0,26,0
TXN207234,CUST10729,2026-09-10,3,Dining,16.46,0,6.3,518,0
TXN207235,CUST10356,2026-09-10,19,Grocery,19.48,0,1.6,116,0
TXN207236,CUST10364,2026-09-18,12,Dining,31.99,0,8.1,149,0
TXN207237,CUST11640,2026-09-12,14,Grocery,37.68,0,4.5,165,0
TXN207238,CUST10041,2026-07-14,11,Electronics,649.48,0,6.2,81,0
TXN207239,CUST10450,2026-08-27,10,Fuel,109.72,0,11.7,104,0
TXN207240,CUST10090,2026-09-11,15,Travel,475.24,1,1.5,987,0
TXN207241,CUST12054,2026-09-03,17,Online Retail,76.56,0,1.6,549,0
TXN207242,CUST10157,2026-09-05,11,Online Retail,100.49,0,7.4,14,0
TXN207243,CUST11650,2026-08-22,6,Online Retail,183.07,0,3.3,2142,0
TXN207244,CUST11828,2026-08-12,15,ATM Withdrawal,189.7,0,2.2,1308,0
TXN207245,CUST10203,2026-08-28,17,Electronics,254.2,0,18.5,247,0
TXN207246,CUST11771,2026-08-05,7,Online Retail,127.73,0,0.5,110,0
TXN207247,CUST10137,2026-09-15,21,Grocery,75.83,0,2.8,147,0
TXN207248,CUST10249,2026-08-08,16,Dining,92.55,0,7.5,706,0
TXN207249,CUST10139,2026-07-28,22,Online Retail,75.67,0,7.3,344,0
TXN207250,CUST10300,2026-08-25,11,Fuel,115.65,0,2.2,82,0
TXN207251,CUST10135,2026-08-14,8,Dining,36.48,0,3.0,644,0
TXN207252,CUST11103,2026-08-23,15,Grocery,35.3,0,3.2,186,0
TXN207253,CUST11911,2026-08-04,20,Dining,135.58,0,16.5,1034,0
TXN207254,CUST11771,2026-09-04,11,Online Retail,129.46,0,5.2,73,0
TXN207255,CUST12354,2026-08-13,10,Grocery,23.01,0,1.8,60,0
TXN207256,CUST11242,2026-08-17,12,Travel,503.99,0,7.9,51,0
TXN207257,CUST11706,2026-07-14,12,Dining,45.98,1,2.3,13,0
TXN207258,CUST11441,2026-07-19,10,Grocery,18.94,0,12.9,110,0
TXN207259,CUST12472,2026-08-13,7,Travel,338.98,0,3.4,1837,0
TXN207260,CUST12107,2026-07-27,20,Travel,1781.46,0,2.0,681,0
TXN207261,CUST11322,2026-09-21,7,Fuel,116.42,0,1.8,222,0
TXN207262,CUST12304,2026-08-26,6,Dining,75.49,0,3.9,555,0
TXN207263,CUST10082,2026-09-22,4,ATM Withdrawal,65.83,0,14.6,573,0
TXN207264,CUST11870,2026-09-21,16,Fuel,50.56,0,1.4,411,0
TXN207265,CUST10782,2026-09-12,8,Dining,52.75,0,8.4,204,0
TXN207266,CUST11611,2026-09-14,14,Grocery,100.27,0,21.1,495,0
TXN207267,CUST12236,2026-09-21,11,Dining,55.57,0,2.5,104,0
TXN207268,CUST11617,2026-08-18,10,Travel,362.79,0,24.8,55,0
TXN207269,CUST10620,2026-09-23,15,Online Retail,134.47,0,21.3,49,0
TXN207270,CUST11392,2026-09-11,15,Jewelry,369.59,0,14.6,278,0
TXN207271,CUST10106,2026-08-19,18,Dining,50.59,0,9.5,255,0
TXN207272,CUST10771,2026-09-15,23,Travel,1200.15,0,15.0,255,0
TXN207273,CUST11266,2026-09-05,16,Electronics,216.35,0,2.3,1072,0
TXN207274,CUST10109,2026-07-05,18,ATM Withdrawal,179.39,0,1.0,131,0
TXN207275,CUST11296,2026-08-25,17,Electronics,154.22,0,19.7,184,0
TXN207276,CUST10007,2026-07-04,18,ATM Withdrawal,179.51,0,0.6,16,0
TXN207277,CUST11086,2026-08-02,9,Grocery,29.12,0,0.1,111,0
TXN207278,CUST11145,2026-09-21,20,Grocery,50.47,0,3.1,883,0
TXN207279,CUST10020,2026-07-03,17,Fuel,30.23,0,13.1,383,0
TXN207280,CUST10415,2026-09-09,6,Travel,350.63,0,5.3,176,0
TXN207281,CUST10516,2026-08-20,16,Fuel,73.33,1,6.0,837,0
TXN207282,CUST12262,2026-08-24,10,Electronics,258.93,0,0.4,408,0
TXN207283,CUST11865,2026-09-10,14,Online Retail,83.24,1,19.9,517,0
TXN207284,CUST11812,2026-08-20,13,Grocery,29.11,0,4.0,13,0
TXN207285,CUST12125,2026-07-12,14,Dining,43.19,0,5.2,620,0
TXN207286,CUST10506,2026-08-02,23,Online Retail,282.04,0,0.2,388,0
TXN207287,CUST11708,2026-09-23,14,Fuel,66.63,1,18.1,677,0
TXN207288,CUST10323,2026-07-09,17,Travel,268.79,1,36.8,1177,0
TXN207289,CUST11968,2026-08-31,18,ATM Withdrawal,151.73,0,32.3,952,0
TXN207290,CUST10977,2026-09-02,9,Dining,34.34,0,3.2,294,0
TXN207291,CUST12372,2026-09-06,9,Travel,536.79,0,0.2,796,0
TXN207292,CUST10620,2026-09-22,7,Dining,79.86,0,45.8,45,0
TXN207293,CUST12183,2026-07-08,15,Travel,296.52,0,5.2,388,0
TXN207294,CUST10919,2026-07-06,15,Travel,575.26,0,2.0,269,0
TXN207295,CUST12423,2026-09-20,2,Travel,237.45,0,8.9,149,0
TXN207296,CUST10819,2026-09-23,11,Grocery,43.41,1,3.3,51,0
TXN207297,CUST12252,2026-07-17,14,Jewelry,491.46,1,8.7,207,0
TXN207298,CUST10960,2026-08-25,14,Dining,33.03,0,12.0,81,0
TXN207299,CUST12351,2026-07-04,7,Electronics,705.77,0,0.2,88,0
TXN207300,CUST12305,2026-08-30,10,Dining,204.23,0,2.1,71,0
TXN207301,CUST11531,2026-07-31,16,Grocery,69.35,0,3.3,630,0
TXN207302,CUST10391,2026-09-15,15,Fuel,25.35,0,4.0,381,0
TXN207303,CUST10010,2026-07-17,13,Electronics,338.94,0,5.3,275,0
TXN207304,CUST11168,2026-07-11,10,Dining,55.28,0,8.7,621,0
TXN207305,CUST10953,2026-07-19,17,Online Retail,373.35,0,3.1,1162,0
TXN207306,CUST11447,2026-08-16,18,Electronics,539.69,0,13.2,226,0
TXN207307,CUST12125,2026-08-05,10,Travel,438.01,0,10.2,94,0
TXN207308,CUST10697,2026-07-31,14,Online Retail,140.05,0,7.0,216,0
TXN207309,CUST11433,2026-09-04,12,Electronics,109.64,0,11.5,434,0
TXN207310,CUST11789,2026-08-30,15,Online Retail,151.55,0,3.4,66,0
TXN207311,CUST12119,2026-07-16,22,Grocery,19.63,0,7.3,471,0
TXN207312,CUST11124,2026-09-20,15,Electronics,392.91,0,11.9,103,0
TXN207313,CUST10801,2026-08-19,17,Travel,1091.05,0,1.0,20,0
TXN207314,CUST10254,2026-08-12,22,Dining,96.11,1,9.8,347,0
TXN207315,CUST11269,2026-08-23,21,Dining,85.53,0,5.9,10,0
TXN207316,CUST10785,2026-07-14,14,Travel,913.54,0,0.9,1361,0
TXN207317,CUST10520,2026-09-19,14,Online Retail,119.26,0,3.8,70,0
TXN207318,CUST10361,2026-08-19,9,Electronics,659.79,0,9.5,767,0
TXN207319,CUST10081,2026-07-18,10,Fuel,83.05,0,7.2,588,0
TXN207320,CUST12189,2026-09-01,11,Online Retail,127.51,0,1.0,145,0
TXN207321,CUST11919,2026-08-30,21,Jewelry,551.91,0,4.5,56,0
TXN207322,CUST10141,2026-07-06,16,Online Retail,343.46,0,4.1,1272,0
TXN207323,CUST11476,2026-07-22,9,Grocery,66.56,0,29.9,190,0
TXN207324,CUST10684,2026-08-02,20,Online Retail,208.75,0,3.2,192,0
TXN207325,CUST11511,2026-07-01,18,Grocery,37.45,0,4.9,62,0
TXN207326,CUST11316,2026-08-19,16,Dining,21.24,0,5.8,499,0
TXN207327,CUST11224,2026-08-07,23,Grocery,21.02,0,0.8,78,0
TXN207328,CUST11809,2026-09-14,19,Fuel,76.36,0,3.6,55,0
TXN207329,CUST10573,2026-09-02,14,Electronics,717.84,0,6.9,43,0
TXN207330,CUST11482,2026-08-09,12,Dining,46.63,0,4.2,235,0
TXN207331,CUST10120,2026-09-02,9,Grocery,28.97,0,10.9,297,0
TXN207332,CUST11531,2026-08-27,13,Grocery,86.49,0,9.3,433,0
TXN207333,CUST11641,2026-08-20,6,Online Retail,241.06,0,3.4,36,0
TXN207334,CUST11992,2026-08-20,23,Grocery,54.8,0,1.2,166,0
TXN207335,CUST12044,2026-09-10,14,Grocery,70.31,0,11.6,249,0
TXN207336,CUST11814,2026-08-09,22,Grocery,50.09,0,4.1,1368,0
TXN207337,CUST11375,2026-07-06,6,Dining,26.78,0,1.8,925,0
TXN207338,CUST11816,2026-07-15,18,Grocery,150.44,0,6.5,571,0
TXN207339,CUST11888,2026-08-17,13,Electronics,129.47,0,10.6,529,0
TXN207340,CUST11306,2026-07-21,14,Dining,88.98,0,3.9,53,0
TXN207341,CUST10575,2026-09-01,0,Travel,130.6,0,2.7,1030,0
TXN207342,CUST12067,2026-09-19,14,Online Retail,253.81,0,10.0,37,0
TXN207343,CUST11449,2026-08-06,14,Fuel,37.44,0,15.5,296,0
TXN207344,CUST10759,2026-08-07,14,Jewelry,264.99,0,9.1,32,0
TXN207345,CUST12110,2026-07-27,14,Dining,71.8,0,8.2,161,0
TXN207346,CUST11598,2026-07-26,11,Travel,280.12,0,5.8,500,0
TXN207347,CUST10543,2026-07-30,18,Grocery,26.18,0,11.9,1925,0
TXN207348,CUST11159,2026-08-18,19,Dining,21.89,1,5.2,720,0
TXN207349,CUST11432,2026-08-30,18,Electronics,239.39,0,5.6,83,0
TXN207350,CUST11350,2026-07-29,12,Electronics,395.39,0,11.8,709,0
TXN207351,CUST10019,2026-08-04,11,Dining,67.51,0,11.6,1867,0
TXN207352,CUST10913,2026-08-30,8,Fuel,32.52,0,9.0,453,0
TXN207353,CUST11681,2026-09-05,15,Grocery,59.45,0,29.9,725,0
TXN207354,CUST11104,2026-07-10,18,Fuel,54.02,0,0.8,13,0
TXN207355,CUST12045,2026-08-07,12,Dining,160.47,0,1.6,19,0
TXN207356,CUST11219,2026-09-07,12,Fuel,28.45,1,3.4,63,0
TXN207357,CUST10186,2026-08-08,12,Grocery,78.07,0,11.9,127,0
TXN207358,CUST10370,2026-08-09,18,Dining,68.96,0,2.8,109,0
TXN207359,CUST10671,2026-08-17,7,Jewelry,663.02,0,1.5,366,1
TXN207360,CUST10695,2026-08-02,8,Fuel,57.48,0,1.8,352,0
TXN207361,CUST11211,2026-08-14,15,Online Retail,89.19,0,6.1,57,0
TXN207362,CUST12296,2026-08-07,8,Dining,85.55,0,22.1,261,0
TXN207363,CUST11114,2026-08-25,9,Dining,174.71,0,14.1,34,0
TXN207364,CUST11973,2026-07-31,17,Fuel,44.38,0,14.4,616,0
TXN207365,CUST11986,2026-09-24,22,Fuel,16.92,0,6.5,52,0
TXN207366,CUST10076,2026-07-17,15,Grocery,62.55,0,11.1,205,0
TXN207367,CUST10770,2026-07-22,9,Grocery,29.37,0,3.7,1013,0
TXN207368,CUST11479,2026-08-14,11,Electronics,722.41,0,12.1,967,0
TXN207369,CUST11921,2026-08-07,17,Online Retail,76.89,0,10.2,170,0
TXN207370,CUST10924,2026-06-29,19,Jewelry,670.23,0,2.2,452,0
TXN207371,CUST11917,2026-07-05,21,Travel,807.23,0,0.2,1448,0
TXN207372,CUST11070,2026-07-19,10,Dining,53.86,0,0.6,425,0
TXN207373,CUST12038,2026-09-15,15,Grocery,36.25,0,3.1,724,0
TXN207374,CUST11206,2026-09-01,16,Grocery,47.43,0,6.1,656,0
TXN207375,CUST10454,2026-08-21,10,Grocery,26.27,0,14.9,189,0
TXN207376,CUST12010,2026-07-08,15,Online Retail,101.9,0,6.6,15,0
TXN207377,CUST11118,2026-09-18,14,Online Retail,96.98,0,0.2,36,0
TXN207378,CUST10889,2026-07-07,5,Grocery,28.82,0,23.7,146,0
TXN207379,CUST10161,2026-08-05,15,Grocery,24.82,0,10.7,70,0
TXN207380,CUST10009,2026-08-13,9,Online Retail,239.59,0,1.0,891,0
TXN207381,CUST11491,2026-08-29,9,ATM Withdrawal,68.81,0,16.1,181,0
TXN207382,CUST11493,2026-08-17,12,Travel,294.9,0,8.7,138,0
TXN207383,CUST10218,2026-08-05,21,Online Retail,115.38,0,14.0,101,0
TXN207384,CUST12365,2026-07-26,17,Fuel,20.09,0,7.7,389,0
TXN207385,CUST11905,2026-08-23,17,Online Retail,84.52,0,18.3,311,0
TXN207386,CUST10683,2026-07-04,17,Travel,161.32,0,6.7,53,0
TXN207387,CUST10539,2026-08-12,17,Electronics,136.23,0,0.2,165,0
TXN207388,CUST12420,2026-09-06,8,Online Retail,89.46,0,2.7,453,0
TXN207389,CUST11131,2026-07-23,16,Travel,1188.88,0,37.7,136,0
TXN207390,CUST10306,2026-09-12,20,Online Retail,50.66,1,6.1,610,0
TXN207391,CUST11409,2026-08-22,20,Travel,1235.91,0,1.3,227,0
TXN207392,CUST11911,2026-08-19,6,Dining,25.15,0,9.7,49,0
TXN207393,CUST10322,2026-07-17,9,Online Retail,81.75,0,5.8,1248,0
TXN207394,CUST11511,2026-09-11,15,Dining,85.93,0,3.6,137,0
TXN207395,CUST10428,2026-08-11,12,Grocery,35.8,0,19.4,71,0
TXN207396,CUST11803,2026-07-19,19,Grocery,41.32,0,2.1,9,0
TXN207397,CUST11812,2026-08-03,8,Travel,401.72,0,9.6,526,0
TXN207398,CUST12279,2026-07-22,8,Dining,122.98,0,1.4,1329,0
TXN207399,CUST12214,2026-09-24,13,Jewelry,971.5,0,13.2,1287,0
TXN207400,CUST12226,2026-06-29,19,Electronics,532.33,1,0.3,956,0
TXN207401,CUST11163,2026-07-09,12,Online Retail,319.85,0,7.3,795,0
TXN207402,CUST11572,2026-07-07,8,Travel,754.54,0,30.9,17,0
TXN207403,CUST10061,2026-07-09,10,Electronics,210.56,0,27.2,288,0
TXN207404,CUST10901,2026-07-09,17,Electronics,411.18,0,9.7,1567,0
TXN207405,CUST10982,2026-07-09,3,Dining,40.76,0,19.0,50,0
TXN207406,CUST10220,2026-09-04,11,Grocery,13.42,0,10.1,874,0
TXN207407,CUST10775,2026-09-14,6,Fuel,83.93,0,9.1,148,0
TXN207408,CUST11236,2026-07-01,13,Dining,60.36,0,2.5,100,0
TXN207409,CUST11310,2026-07-24,19,Electronics,314.1,0,16.1,188,0
TXN207410,CUST11898,2026-07-10,17,Travel,295.89,0,10.0,614,0
TXN207411,CUST12282,2026-08-14,10,Fuel,140.27,0,2.4,101,0
TXN207412,CUST11440,2026-09-20,11,Dining,104.23,0,43.4,1060,0
TXN207413,CUST10704,2026-09-05,18,Fuel,29.96,0,2.8,297,0
TXN207414,CUST11314,2026-08-25,4,Grocery,53.34,0,3.5,567,0
TXN207415,CUST10101,2026-07-07,8,Online Retail,110.82,0,0.9,30,0
TXN207416,CUST11881,2026-08-16,12,Electronics,496.83,0,55.6,1212,0
TXN207417,CUST12286,2026-09-12,11,ATM Withdrawal,627.39,0,1.3,134,0
TXN207418,CUST10049,2026-09-11,18,Fuel,45.01,1,21.5,167,0
TXN207419,CUST11640,2026-08-22,12,Grocery,28.75,1,9.9,260,0
TXN207420,CUST11081,2026-08-04,14,Dining,46.43,0,1.6,47,0
TXN207421,CUST10144,2026-08-26,10,Electronics,520.64,0,3.5,943,0
TXN207422,CUST11954,2026-07-06,16,Travel,651.23,0,2.7,71,0
TXN207423,CUST11324,2026-09-04,9,Dining,79.91,0,1.5,19,0
TXN207424,CUST12087,2026-08-12,8,Dining,58.34,0,25.9,440,0
TXN207425,CUST10569,2026-07-23,15,Travel,536.54,0,23.3,384,0
TXN207426,CUST12010,2026-07-20,14,Fuel,77.61,0,20.6,1059,0
TXN207427,CUST10239,2026-08-25,18,Grocery,22.3,0,18.6,380,0
TXN207428,CUST12464,2026-07-21,13,Grocery,33.76,0,14.4,617,0
TXN207429,CUST11952,2026-07-06,13,Travel,296.17,0,1.7,1922,0
TXN207430,CUST11696,2026-07-15,5,Online Retail,131.25,1,11.6,254,0
TXN207431,CUST11069,2026-07-14,9,Online Retail,119.05,1,2.8,14,0
TXN207432,CUST10789,2026-08-20,23,Grocery,25.12,0,2.5,176,0
TXN207433,CUST10333,2026-07-24,22,Travel,526.94,0,3.6,480,0
TXN207434,CUST11941,2026-08-29,8,Travel,173.25,0,4.2,420,0
TXN207435,CUST10059,2026-08-03,22,Grocery,85.12,0,0.4,471,0
TXN207436,CUST10314,2026-07-28,10,Dining,51.88,1,13.7,295,0
TXN207437,CUST10323,2026-06-30,9,Online Retail,72.41,0,11.2,124,0
TXN207438,CUST12145,2026-09-12,10,Electronics,162.49,0,0.5,680,0
TXN207439,CUST10160,2026-07-28,20,Fuel,141.32,0,22.3,1277,0
TXN207440,CUST11481,2026-09-18,14,Grocery,31.79,0,17.1,227,0
TXN207441,CUST12091,2026-08-29,23,Dining,98.05,0,2.0,781,0
TXN207442,CUST12205,2026-09-21,14,Online Retail,315.36,0,3.2,107,0
TXN207443,CUST11054,2026-08-06,13,Jewelry,1443.81,0,8.9,365,1
TXN207444,CUST11736,2026-08-11,15,Online Retail,168.4,0,5.4,501,0
TXN207445,CUST11230,2026-08-16,0,Dining,29.51,0,6.5,784,0
TXN207446,CUST12391,2026-09-01,15,Online Retail,130.79,0,14.3,157,0
TXN207447,CUST12274,2026-06-30,19,Travel,236.8,0,2.0,488,0
TXN207448,CUST10078,2026-08-15,8,Grocery,55.31,0,10.4,1240,0
TXN207449,CUST12442,2026-07-15,16,Dining,49.72,0,13.5,378,0
TXN207450,CUST11364,2026-08-21,22,Online Retail,198.26,0,7.7,457,0
TXN207451,CUST11193,2026-07-23,11,Electronics,208.26,0,32.6,19,0
TXN207452,CUST10460,2026-09-26,19,Online Retail,143.28,0,1.6,8,0
TXN207453,CUST11071,2026-07-30,16,Grocery,180.24,0,4.6,416,0
TXN207454,CUST10539,2026-08-22,10,Grocery,35.64,0,13.2,281,0
TXN207455,CUST10982,2026-08-19,16,Grocery,40.58,0,13.1,703,0
TXN207456,CUST11455,2026-07-08,3,Grocery,25.02,0,6.6,294,0
TXN207457,CUST10702,2026-09-01,18,Dining,48.79,0,11.8,57,0
TXN207458,CUST12200,2026-08-24,14,Dining,50.76,0,7.9,1118,0
TXN207459,CUST11473,2026-08-01,13,Travel,1432.98,0,32.0,646,0
TXN207460,CUST10330,2026-08-12,7,Electronics,262.88,0,5.6,41,0
TXN207461,CUST11799,2026-07-21,21,Online Retail,191.11,0,4.1,916,0
TXN207462,CUST10839,2026-09-02,23,Grocery,81.1,0,13.0,64,0
TXN207463,CUST11032,2026-07-06,13,Fuel,126.24,0,5.9,108,0
TXN207464,CUST10118,2026-07-11,15,Grocery,92.47,0,23.5,18,0
TXN207465,CUST10908,2026-07-11,15,Grocery,35.92,0,3.5,73,0
TXN207466,CUST10387,2026-09-05,14,Fuel,158.78,0,6.6,248,0
TXN207467,CUST10759,2026-07-14,14,Fuel,86.55,0,8.6,907,0
TXN207468,CUST10749,2026-09-09,22,Grocery,48.14,0,1.4,126,0
TXN207469,CUST12110,2026-07-18,20,Grocery,33.37,0,19.2,161,0
TXN207470,CUST10703,2026-08-28,13,Jewelry,1314.69,0,2.2,91,0
TXN207471,CUST10050,2026-08-26,3,Fuel,84.55,0,3.0,5,0
TXN207472,CUST10674,2026-07-03,16,Fuel,79.35,0,17.3,1069,0
TXN207473,CUST11277,2026-07-01,12,Travel,548.45,0,0.7,706,0
TXN207474,CUST10769,2026-08-16,13,Online Retail,174.61,0,2.1,864,0
TXN207475,CUST11885,2026-07-22,16,Grocery,54.45,0,1.5,243,0
TXN207476,CUST12154,2026-09-07,11,Dining,118.96,0,8.2,823,0
TXN207477,CUST12498,2026-07-16,18,Fuel,249.2,0,10.7,576,0
TXN207478,CUST10090,2026-08-30,19,Online Retail,152.25,0,9.7,413,0
TXN207479,CUST10051,2026-08-11,11,Online Retail,235.4,0,12.4,110,0
TXN207480,CUST11260,2026-07-25,17,Grocery,97.13,0,0.1,668,0
TXN207481,CUST11130,2026-07-08,5,Grocery,64.55,0,9.0,153,0
TXN207482,CUST12355,2026-07-05,11,Electronics,366.6,0,6.6,249,0
TXN207483,CUST11554,2026-09-13,7,Online Retail,151.32,0,4.2,798,0
TXN207484,CUST10337,2026-07-03,11,Grocery,56.33,0,6.3,391,0
TXN207485,CUST11387,2026-08-02,16,Travel,353.25,0,2.8,133,0
TXN207486,CUST11094,2026-07-27,13,Grocery,47.65,0,20.4,42,0
TXN207487,CUST11393,2026-08-29,21,Grocery,33.37,0,5.5,626,0
TXN207488,CUST10651,2026-09-25,18,Grocery,43.34,0,3.3,91,0
TXN207489,CUST10951,2026-09-19,12,Dining,41.06,0,13.3,12,0
TXN207490,CUST11022,2026-06-30,6,Grocery,56.57,0,5.4,110,0
TXN207491,CUST12284,2026-09-02,15,Grocery,32.39,0,2.0,107,0
TXN207492,CUST11126,2026-09-09,15,Grocery,45.02,0,4.1,69,0
TXN207493,CUST11228,2026-07-23,2,Dining,92.29,0,14.6,788,0
TXN207494,CUST11516,2026-08-29,11,Online Retail,289.4,0,0.1,184,0
TXN207495,CUST11817,2026-09-24,9,Travel,251.69,0,23.2,325,0
TXN207496,CUST10183,2026-09-17,9,ATM Withdrawal,258.42,0,3.2,651,0
TXN207497,CUST12153,2026-08-29,18,Online Retail,191.08,0,6.0,260,0
TXN207498,CUST11046,2026-09-04,17,Fuel,72.07,0,10.0,97,0
TXN207499,CUST11449,2026-09-23,13,Online Retail,39.58,0,5.4,396,0
TXN207500,CUST12360,2026-07-15,13,Electronics,406.56,0,3.1,78,0
TXN207501,CUST11591,2026-08-03,13,Dining,105.11,0,4.5,579,0
TXN207502,CUST12399,2026-09-25,12,Online Retail,562.48,0,0.3,105,0
TXN207503,CUST11850,2026-08-15,4,Grocery,41.47,0,9.2,105,0
TXN207504,CUST11333,2026-08-21,14,Jewelry,2672.76,0,11.0,54,1
TXN207505,CUST10650,2026-09-16,4,Fuel,29.28,0,7.0,1374,0
TXN207506,CUST11265,2026-09-23,13,Online Retail,83.67,0,20.3,815,0
TXN207507,CUST10102,2026-09-13,8,Grocery,12.2,0,0.1,855,0
TXN207508,CUST11325,2026-08-28,5,ATM Withdrawal,323.41,0,7.5,220,0
TXN207509,CUST11193,2026-08-22,11,Grocery,25.43,0,19.7,71,0
TXN207510,CUST11052,2026-07-15,14,Grocery,37.3,0,9.9,1550,0
TXN207511,CUST11988,2026-07-28,9,Online Retail,128.54,0,6.4,110,0
TXN207512,CUST10677,2026-08-11,17,Dining,165.54,0,5.1,32,0
TXN207513,CUST11287,2026-09-18,18,Grocery,33.55,0,6.1,483,0
TXN207514,CUST10873,2026-08-08,17,Fuel,46.84,0,2.5,279,0
TXN207515,CUST11655,2026-07-20,11,Grocery,43.41,0,9.0,34,0
TXN207516,CUST11939,2026-09-09,13,Dining,98.67,0,0.4,198,0
TXN207517,CUST10451,2026-07-05,16,Fuel,30.43,0,8.0,66,0
TXN207518,CUST11965,2026-07-27,19,Grocery,42.1,0,3.7,731,0
TXN207519,CUST11327,2026-09-07,18,Dining,52.17,0,2.1,133,0
TXN207520,CUST11006,2026-09-09,11,Travel,424.96,0,23.3,358,0
TXN207521,CUST11001,2026-07-18,3,Dining,50.98,0,19.5,274,0
TXN207522,CUST10003,2026-08-18,10,Online Retail,66.74,0,6.0,828,0
TXN207523,CUST12331,2026-07-07,16,Grocery,11.46,0,23.9,258,0
TXN207524,CUST12354,2026-09-01,18,Travel,827.39,0,2.4,43,0
TXN207525,CUST10709,2026-07-15,23,Dining,34.99,0,1.6,89,0
TXN207526,CUST10462,2026-09-26,10,Grocery,36.06,0,1.7,318,0
TXN207527,CUST11894,2026-07-10,18,Travel,434.23,0,6.0,158,0
TXN207528,CUST10167,2026-09-26,20,Grocery,73.41,0,8.5,180,0
TXN207529,CUST10031,2026-09-12,19,Travel,240.61,0,18.6,46,0
TXN207530,CUST11322,2026-08-29,6,Grocery,20.01,0,21.9,1067,0
TXN207531,CUST10964,2026-09-10,12,Electronics,196.81,0,11.8,310,0
TXN207532,CUST11253,2026-08-24,20,ATM Withdrawal,155.09,0,4.1,281,0
TXN207533,CUST10157,2026-07-14,18,Electronics,427.85,0,12.1,142,0
TXN207534,CUST12361,2026-08-15,17,Dining,54.1,0,9.8,38,0
TXN207535,CUST10628,2026-09-02,17,Fuel,52.74,0,2.3,301,0
TXN207536,CUST10567,2026-08-29,13,Electronics,370.88,0,1.5,143,0
TXN207537,CUST10348,2026-07-15,17,Online Retail,91.97,0,6.2,27,1
TXN207538,CUST11874,2026-09-16,20,Dining,40.9,0,13.6,61,0
TXN207539,CUST11080,2026-09-24,13,Jewelry,3190.55,0,14.3,415,0
TXN207540,CUST11980,2026-09-03,16,Electronics,186.7,0,3.1,625,0
TXN207541,CUST11958,2026-08-06,19,Dining,165.82,0,4.6,115,0
TXN207542,CUST10306,2026-07-18,10,Grocery,8.76,0,10.1,73,0
TXN207543,CUST11910,2026-09-04,9,Fuel,24.92,0,8.9,235,0
TXN207544,CUST11362,2026-07-21,9,Travel,527.94,0,5.5,1095,0
TXN207545,CUST11197,2026-07-27,10,Dining,75.1,0,4.2,868,0
TXN207546,CUST10344,2026-08-16,8,Grocery,59.09,0,19.1,343,0
TXN207547,CUST11454,2026-09-06,16,Jewelry,2472.81,0,2.3,661,1
TXN207548,CUST11568,2026-07-21,17,Travel,133.46,0,3.9,17,0
TXN207549,CUST11652,2026-09-03,16,Dining,40.16,0,2.0,296,0
TXN207550,CUST11916,2026-07-19,16,Grocery,68.98,0,0.4,156,0
TXN207551,CUST10207,2026-07-30,13,Grocery,53.16,0,1.9,482,0
TXN207552,CUST10669,2026-07-14,10,Online Retail,105.27,0,22.1,830,0
TXN207553,CUST11437,2026-09-20,18,Online Retail,258.65,1,5.8,166,0
TXN207554,CUST11099,2026-08-01,14,Electronics,275.28,0,4.3,23,0
TXN207555,CUST12285,2026-07-01,14,Fuel,55.23,1,2.6,159,0
TXN207556,CUST10523,2026-08-11,17,Fuel,22.52,0,1.4,516,0
TXN207557,CUST11373,2026-08-29,5,Dining,88.35,0,2.6,807,0
TXN207558,CUST11033,2026-09-06,2,Grocery,60.24,0,18.1,10,0
TXN207559,CUST12215,2026-08-27,15,Electronics,573.83,0,2.9,557,0
TXN207560,CUST11591,2026-08-22,12,Grocery,42.18,0,7.6,39,0
TXN207561,CUST10876,2026-08-17,23,Grocery,39.54,0,12.6,241,0
TXN207562,CUST11989,2026-09-14,15,Electronics,152.24,0,3.4,15,0
TXN207563,CUST10264,2026-08-14,17,Online Retail,42.17,0,5.7,311,0
TXN207564,CUST10075,2026-09-19,17,Travel,1297.79,0,0.6,136,0
TXN207565,CUST12327,2026-07-30,17,ATM Withdrawal,185.49,0,19.8,824,0
TXN207566,CUST10124,2026-07-14,13,Dining,35.74,0,8.5,356,0
TXN207567,CUST11108,2026-09-19,17,Grocery,105.68,0,0.1,322,0
TXN207568,CUST10824,2026-09-17,11,ATM Withdrawal,126.31,0,4.7,285,0
TXN207569,CUST11682,2026-08-29,17,Electronics,542.81,0,14.6,469,0
TXN207570,CUST10003,2026-07-26,18,Grocery,28.35,0,1.0,53,0
TXN207571,CUST12029,2026-08-24,20,Online Retail,241.76,0,7.8,176,0
TXN207572,CUST12497,2026-09-02,6,Electronics,550.92,0,10.5,187,0
TXN207573,CUST11998,2026-09-02,13,Dining,95.87,1,9.8,22,0
TXN207574,CUST10026,2026-08-16,13,Online Retail,220.54,0,0.3,251,0
TXN207575,CUST10646,2026-08-28,11,Travel,755.88,0,3.2,199,0
TXN207576,CUST10465,2026-06-29,11,Grocery,33.93,0,1.4,143,0
TXN207577,CUST11711,2026-06-29,16,Online Retail,121.35,0,7.6,144,0
TXN207578,CUST11043,2026-09-12,6,Electronics,152.59,0,11.0,434,0
TXN207579,CUST11815,2026-09-05,14,Grocery,28.33,0,38.1,251,0
TXN207580,CUST11440,2026-07-30,21,Electronics,156.54,0,13.4,373,0
TXN207581,CUST11061,2026-08-30,14,Dining,58.78,0,14.4,253,0
TXN207582,CUST11633,2026-08-08,10,Electronics,122.5,0,3.2,92,0
TXN207583,CUST12370,2026-09-10,4,Grocery,31.69,0,7.7,113,0
TXN207584,CUST10584,2026-09-14,17,Dining,20.56,0,3.4,12,0
TXN207585,CUST11299,2026-08-11,5,Dining,113.56,1,16.9,9,0
TXN207586,CUST10899,2026-08-15,10,Grocery,12.28,0,35.9,540,0
TXN207587,CUST10401,2026-07-12,20,Electronics,152.86,0,2.3,934,0
TXN207588,CUST12202,2026-07-25,0,Dining,18.18,0,1.0,283,0
TXN207589,CUST11163,2026-07-20,11,Dining,325.62,0,2.6,598,0
TXN207590,CUST11547,2026-08-18,17,Dining,38.09,0,9.7,111,0
TXN207591,CUST10810,2026-08-19,7,Dining,37.75,0,13.8,860,0
TXN207592,CUST10689,2026-08-06,23,Dining,62.13,0,3.6,329,0
TXN207593,CUST11602,2026-09-26,10,Online Retail,133.44,0,16.4,63,0
TXN207594,CUST10584,2026-07-25,16,Jewelry,867.49,1,1.6,344,0
TXN207595,CUST11761,2026-09-15,20,Grocery,19.27,0,2.0,471,0
TXN207596,CUST12421,2026-08-25,11,Fuel,44.62,0,1.8,5,0
TXN207597,CUST11148,2026-08-08,2,Fuel,41.81,0,3.1,277,0
TXN207598,CUST10193,2026-07-10,15,ATM Withdrawal,191.38,0,1.9,431,0
TXN207599,CUST10118,2026-07-29,9,Electronics,455.7,0,2.2,239,0
TXN207600,CUST11505,2026-07-17,12,Online Retail,111.37,0,13.2,41,0
TXN207601,CUST10363,2026-07-15,10,Dining,34.48,0,3.8,621,0
TXN207602,CUST10461,2026-07-29,8,Grocery,19.63,0,2.6,750,0
TXN207603,CUST10217,2026-09-05,16,Dining,100.53,0,13.2,27,0
TXN207604,CUST10813,2026-08-17,22,Online Retail,164.68,0,7.0,159,0
TXN207605,CUST11554,2026-07-23,19,Dining,35.52,1,1.1,103,0
TXN207606,CUST11394,2026-07-31,18,Electronics,317.13,0,16.5,879,0
TXN207607,CUST10836,2026-09-20,15,Online Retail,179.66,0,0.9,140,0
TXN207608,CUST11130,2026-08-30,8,Fuel,179.2,0,9.5,1147,0
TXN207609,CUST10905,2026-07-30,16,Fuel,62.41,0,1.0,20,0
TXN207610,CUST10782,2026-08-16,7,Travel,498.55,0,0.7,218,0
TXN207611,CUST10217,2026-07-01,13,Dining,75.58,0,3.8,288,0
TXN207612,CUST10956,2026-07-22,15,Electronics,507.27,0,4.7,621,0
TXN207613,CUST10669,2026-08-13,19,Grocery,40.84,0,32.9,154,0
TXN207614,CUST10999,2026-07-19,13,Travel,669.27,0,11.7,426,0
TXN207615,CUST11028,2026-09-01,11,Dining,151.96,0,2.9,366,0
TXN207616,CUST10629,2026-08-14,14,Online Retail,127.72,0,13.9,420,0
TXN207617,CUST11214,2026-09-21,9,Electronics,62.43,0,12.5,641,0
TXN207618,CUST10396,2026-07-06,16,Grocery,54.71,0,3.4,905,0
TXN207619,CUST11971,2026-09-11,8,Grocery,56.9,0,9.7,106,0
TXN207620,CUST11048,2026-09-08,5,Dining,18.96,1,4.7,132,0
TXN207621,CUST11347,2026-08-22,13,Dining,109.42,0,16.2,12,0
TXN207622,CUST10531,2026-09-18,17,Grocery,75.9,0,14.0,370,0
TXN207623,CUST12450,2026-08-02,16,Jewelry,1498.74,0,1.4,1230,0
TXN207624,CUST11461,2026-09-06,10,Travel,318.01,1,1.9,582,0
TXN207625,CUST12348,2026-08-29,17,ATM Withdrawal,183.23,0,1.7,988,0
TXN207626,CUST12473,2026-09-06,14,Fuel,62.26,0,2.8,820,0
TXN207627,CUST10801,2026-09-18,15,Grocery,33.33,0,6.3,630,0
TXN207628,CUST12233,2026-07-14,10,Grocery,21.81,0,28.7,69,0
TXN207629,CUST12295,2026-07-22,19,Dining,220.92,0,0.3,698,0
TXN207630,CUST10941,2026-08-30,14,Online Retail,48.35,0,12.3,876,0
TXN207631,CUST10014,2026-07-14,9,Jewelry,605.87,0,27.6,142,0
TXN207632,CUST12099,2026-07-10,4,Online Retail,150.01,0,5.2,199,0
TXN207633,CUST11946,2026-08-11,6,Dining,77.35,0,15.3,53,0
TXN207634,CUST10854,2026-08-30,20,Electronics,382.98,0,2.9,996,0
TXN207635,CUST11707,2026-08-24,11,Dining,82.42,0,5.3,846,0
TXN207636,CUST10492,2026-09-10,7,Electronics,365.56,0,2.2,88,0
TXN207637,CUST12062,2026-08-29,15,Fuel,62.22,0,1.9,960,0
TXN207638,CUST10068,2026-06-29,11,Dining,23.55,0,8.2,523,0
TXN207639,CUST11989,2026-08-02,15,Electronics,484.12,0,0.2,320,0
TXN207640,CUST11002,2026-08-18,6,Electronics,338.4,0,0.7,126,0
TXN207641,CUST12434,2026-09-12,14,Fuel,69.32,0,6.6,227,0
TXN207642,CUST10269,2026-08-16,14,Grocery,38.38,0,0.0,631,0
TXN207643,CUST10130,2026-07-30,12,Dining,58.85,0,1.4,31,0
TXN207644,CUST12054,2026-09-15,19,Grocery,27.06,1,9.0,562,0
TXN207645,CUST12133,2026-08-01,12,Online Retail,95.93,0,2.7,173,0
TXN207646,CUST10525,2026-08-01,12,Grocery,47.01,0,4.3,1042,0
TXN207647,CUST10308,2026-07-07,6,Dining,176.9,0,3.9,95,0
TXN207648,CUST11720,2026-07-29,13,Dining,95.52,0,5.7,630,0
TXN207649,CUST10421,2026-08-11,7,ATM Withdrawal,379.32,0,2.5,179,0
TXN207650,CUST10104,2026-09-13,17,Dining,81.72,0,10.6,229,0
TXN207651,CUST10555,2026-08-27,17,Dining,57.35,0,5.6,5,0
TXN207652,CUST10777,2026-07-07,10,ATM Withdrawal,134.09,0,3.9,227,0
TXN207653,CUST11402,2026-07-08,17,Electronics,912.58,1,10.7,209,0
TXN207654,CUST10074,2026-07-02,11,Electronics,280.35,0,3.6,18,0
TXN207655,CUST12226,2026-09-10,20,Travel,524.18,0,0.3,854,0
TXN207656,CUST10681,2026-07-09,10,Grocery,9.81,0,0.8,498,0
TXN207657,CUST11979,2026-08-24,11,Fuel,41.18,0,32.3,34,0
TXN207658,CUST11251,2026-08-28,11,Online Retail,38.48,0,1.6,179,0
TXN207659,CUST12090,2026-09-06,19,Fuel,60.15,1,15.7,397,0
TXN207660,CUST10229,2026-08-20,16,ATM Withdrawal,513.93,0,2.3,1038,0
TXN207661,CUST10268,2026-08-20,21,ATM Withdrawal,705.19,0,34.4,247,0
TXN207662,CUST10146,2026-08-09,16,Online Retail,92.83,0,7.7,304,0
TXN207663,CUST11223,2026-08-11,13,Grocery,71.9,0,4.7,966,0
TXN207664,CUST11029,2026-07-27,8,Fuel,23.26,0,0.1,67,0
TXN207665,CUST11465,2026-07-11,8,Fuel,20.31,0,16.3,663,0
TXN207666,CUST12472,2026-09-22,9,Dining,13.55,0,7.9,611,0
TXN207667,CUST11357,2026-09-23,14,Online Retail,83.93,0,15.4,489,0
TXN207668,CUST10620,2026-07-16,10,Grocery,50.26,0,2.1,722,0
TXN207669,CUST10245,2026-09-22,21,Grocery,180.64,0,2.1,258,0
TXN207670,CUST11177,2026-08-09,16,ATM Withdrawal,180.74,0,25.0,361,0
TXN207671,CUST10336,2026-07-09,19,Electronics,320.99,0,4.1,2076,0
TXN207672,CUST11115,2026-09-13,10,Grocery,64.54,0,1.6,23,0
TXN207673,CUST10303,2026-07-17,13,Grocery,56.58,0,1.9,285,0
TXN207674,CUST11534,2026-08-24,23,Dining,26.95,0,11.7,629,0
TXN207675,CUST11959,2026-08-04,13,Online Retail,146.06,0,5.6,431,0
TXN207676,CUST10293,2026-07-30,12,Electronics,479.49,0,4.6,1336,0
TXN207677,CUST12496,2026-08-03,1,Jewelry,582.65,0,4.4,186,0
TXN207678,CUST10476,2026-08-21,16,Online Retail,163.0,0,6.3,718,0
TXN207679,CUST10260,2026-09-19,9,ATM Withdrawal,409.35,0,8.9,54,0
TXN207680,CUST12220,2026-07-20,12,Jewelry,456.56,0,0.1,755,0
TXN207681,CUST11056,2026-09-22,16,Dining,17.01,1,0.1,101,0
TXN207682,CUST10084,2026-09-26,19,Travel,577.18,0,7.3,108,0
TXN207683,CUST10849,2026-09-08,8,Grocery,6.34,0,7.3,127,0
TXN207684,CUST12282,2026-08-29,15,Online Retail,92.25,0,16.6,346,0
TXN207685,CUST12386,2026-08-25,16,Grocery,26.79,0,8.6,527,0
TXN207686,CUST12421,2026-09-24,11,Grocery,27.69,0,14.1,210,0
TXN207687,CUST11481,2026-09-15,13,Dining,263.27,0,11.7,65,0
TXN207688,CUST10563,2026-08-17,9,Online Retail,182.9,0,0.1,552,0
TXN207689,CUST10746,2026-09-16,21,Grocery,31.3,1,0.6,95,0
TXN207690,CUST11673,2026-09-25,12,Fuel,167.45,0,1.3,86,0
TXN207691,CUST12398,2026-08-05,10,Grocery,43.22,0,0.2,171,0
TXN207692,CUST10131,2026-08-11,7,Electronics,367.4,0,18.3,51,0
TXN207693,CUST11129,2026-07-24,16,Dining,51.65,0,21.6,26,0
TXN207694,CUST11847,2026-07-02,7,Dining,76.64,0,1.2,164,0
TXN207695,CUST11659,2026-09-13,20,Dining,62.47,0,9.8,255,0
TXN207696,CUST10010,2026-08-15,17,Electronics,503.84,0,25.9,114,0
TXN207697,CUST10735,2026-09-24,13,Online Retail,46.5,0,4.7,233,0
TXN207698,CUST10053,2026-07-02,10,Travel,570.73,0,7.4,528,0
TXN207699,CUST11294,2026-07-23,12,Grocery,87.65,0,1.1,95,0
TXN207700,CUST11890,2026-07-05,4,Grocery,52.69,0,3.9,905,0
TXN207701,CUST10400,2026-07-30,7,Online Retail,92.55,0,27.4,63,0
TXN207702,CUST10256,2026-08-20,10,Fuel,42.23,0,1.8,408,0
TXN207703,CUST11689,2026-08-04,3,Electronics,284.47,0,20.6,543,0
TXN207704,CUST10198,2026-09-19,3,ATM Withdrawal,226.2,0,3.4,197,0
TXN207705,CUST10001,2026-07-22,12,Travel,1199.62,0,1.8,308,0
TXN207706,CUST10342,2026-09-06,16,Dining,24.29,1,0.8,541,0
TXN207707,CUST11397,2026-07-12,10,Grocery,52.58,0,4.3,97,0
TXN207708,CUST10489,2026-08-22,16,Electronics,221.07,0,5.8,6,0
TXN207709,CUST12093,2026-09-21,17,Fuel,21.5,0,0.9,181,0
TXN207710,CUST11864,2026-08-16,17,Jewelry,883.21,0,1.2,168,0
TXN207711,CUST11337,2026-07-19,11,Online Retail,67.72,0,25.7,877,0
TXN207712,CUST12262,2026-07-09,11,Grocery,52.92,0,2.8,588,0
TXN207713,CUST12245,2026-09-25,14,Electronics,304.24,0,0.7,109,0
TXN207714,CUST11171,2026-08-14,8,Grocery,26.41,0,1.4,5,1
TXN207715,CUST11736,2026-08-05,11,ATM Withdrawal,88.3,0,15.5,118,0
TXN207716,CUST12150,2026-07-16,12,Fuel,34.51,1,24.7,167,0
TXN207717,CUST10187,2026-09-03,14,Travel,340.58,0,18.2,81,0
TXN207718,CUST11619,2026-08-14,16,Dining,48.86,0,0.9,190,0
TXN207719,CUST11846,2026-08-23,23,Grocery,29.54,0,10.3,227,0
TXN207720,CUST12436,2026-08-18,8,Travel,804.89,0,5.4,840,0
TXN207721,CUST11852,2026-07-16,8,Grocery,45.89,0,2.5,319,0
TXN207722,CUST11864,2026-07-11,14,Grocery,53.68,0,2.0,121,0
TXN207723,CUST11699,2026-07-28,9,Electronics,681.74,0,2.5,1747,0
TXN207724,CUST11066,2026-07-12,11,Travel,295.9,0,11.0,1125,0
TXN207725,CUST11497,2026-07-21,21,Dining,56.49,0,7.1,33,0
TXN207726,CUST11900,2026-08-07,13,Dining,103.16,0,0.3,78,0
TXN207727,CUST10760,2026-07-18,5,Grocery,19.18,0,3.3,540,0
TXN207728,CUST11417,2026-08-29,18,Dining,25.01,0,1.4,89,0
TXN207729,CUST10733,2026-09-14,15,Online Retail,193.74,0,11.1,460,0
TXN207730,CUST10689,2026-07-15,23,Fuel,69.99,0,30.7,269,0
TXN207731,CUST10407,2026-09-06,4,Electronics,152.23,0,27.1,231,0
TXN207732,CUST11083,2026-08-24,13,Jewelry,280.54,0,2.4,40,0
TXN207733,CUST10905,2026-08-10,10,Jewelry,709.22,0,1.1,764,0
TXN207734,CUST10660,2026-08-12,14,Grocery,29.51,0,1.8,123,0
TXN207735,CUST11095,2026-08-07,18,Dining,38.49,0,19.6,338,0
TXN207736,CUST11567,2026-09-23,7,Electronics,108.89,0,9.5,360,0
TXN207737,CUST11184,2026-09-06,9,Travel,611.94,0,11.4,9,0
TXN207738,CUST10484,2026-07-12,15,Electronics,138.27,0,2.6,593,0
TXN207739,CUST11418,2026-07-27,9,Fuel,135.11,0,9.3,319,0
TXN207740,CUST11494,2026-07-20,13,Dining,50.37,0,6.3,126,0
TXN207741,CUST11525,2026-09-09,10,Grocery,28.52,0,5.7,108,0
TXN207742,CUST12158,2026-07-02,16,Electronics,326.1,0,3.6,809,0
TXN207743,CUST11223,2026-09-13,16,Online Retail,177.87,0,3.5,339,0
TXN207744,CUST11264,2026-08-08,9,Electronics,230.02,0,2.7,26,0
TXN207745,CUST11784,2026-06-29,18,Dining,22.54,0,22.3,457,0
TXN207746,CUST11350,2026-09-25,14,Online Retail,105.77,0,2.1,603,0
TXN207747,CUST11792,2026-07-15,7,Grocery,49.84,0,0.7,242,0
TXN207748,CUST10551,2026-08-24,17,Grocery,44.92,0,0.1,548,0
TXN207749,CUST11691,2026-07-29,14,ATM Withdrawal,608.52,0,10.4,655,0
TXN207750,CUST10024,2026-07-20,10,Electronics,524.82,0,5.5,789,0
TXN207751,CUST11113,2026-08-07,9,ATM Withdrawal,142.93,0,15.6,343,0
TXN207752,CUST11855,2026-07-10,21,Dining,83.48,0,25.0,483,0
TXN207753,CUST10139,2026-08-07,14,ATM Withdrawal,109.89,0,1.9,864,0
TXN207754,CUST12303,2026-09-20,10,Travel,2087.38,0,3.8,1337,0
TXN207755,CUST11898,2026-06-30,1,Dining,40.53,0,5.6,477,0
TXN207756,CUST12064,2026-08-22,12,Dining,32.3,0,0.5,125,0
TXN207757,CUST12469,2026-08-08,16,Jewelry,452.7,0,2.1,31,0
TXN207758,CUST10828,2026-07-01,19,Grocery,40.18,0,12.8,119,0
TXN207759,CUST10816,2026-09-15,14,Dining,73.75,0,5.7,315,0
TXN207760,CUST11500,2026-07-10,22,ATM Withdrawal,331.77,0,0.3,649,0
TXN207761,CUST11780,2026-09-25,12,Online Retail,390.56,0,10.1,19,0
TXN207762,CUST11032,2026-08-21,18,Travel,344.68,0,1.4,102,0
TXN207763,CUST11331,2026-09-05,18,Online Retail,144.32,0,19.9,152,0
TXN207764,CUST10416,2026-09-14,12,Grocery,24.9,0,2.6,551,0
TXN207765,CUST10803,2026-07-10,19,Online Retail,110.69,0,11.4,336,0
TXN207766,CUST11828,2026-08-06,23,Online Retail,83.99,0,5.1,354,0
TXN207767,CUST10832,2026-08-03,13,Grocery,54.81,0,5.6,915,0
TXN207768,CUST10030,2026-08-13,9,Online Retail,21.67,0,11.9,378,0
TXN207769,CUST11138,2026-07-21,8,Dining,95.64,0,6.3,219,0
TXN207770,CUST11501,2026-08-03,12,Online Retail,159.79,0,1.8,432,0
TXN207771,CUST10195,2026-08-19,9,ATM Withdrawal,337.71,0,7.0,5,0
TXN207772,CUST10671,2026-08-18,10,Grocery,72.76,0,2.9,639,0
TXN207773,CUST10860,2026-08-23,16,Grocery,21.79,0,2.6,414,0
TXN207774,CUST11871,2026-07-26,13,ATM Withdrawal,226.68,0,3.8,857,0
TXN207775,CUST12062,2026-08-21,15,Grocery,23.0,1,5.0,469,0
TXN207776,CUST11147,2026-08-28,12,Online Retail,283.19,0,13.9,202,0
TXN207777,CUST12072,2026-09-19,11,Grocery,44.17,0,2.2,671,0
TXN207778,CUST11922,2026-09-03,16,Online Retail,52.84,0,12.2,179,0
TXN207779,CUST10808,2026-09-04,11,Grocery,52.96,0,0.6,318,0
TXN207780,CUST11022,2026-07-24,7,Dining,144.6,0,8.4,884,0
TXN207781,CUST11094,2026-08-30,11,Grocery,38.14,0,4.5,733,0
TXN207782,CUST11864,2026-07-14,9,Grocery,70.02,0,3.7,488,0
TXN207783,CUST12066,2026-08-30,7,Grocery,30.51,0,7.6,601,0
TXN207784,CUST10467,2026-08-19,11,Dining,37.24,0,5.3,888,0
TXN207785,CUST10380,2026-09-17,17,Grocery,27.96,0,3.0,303,0
TXN207786,CUST11228,2026-09-10,20,Dining,40.58,0,16.3,284,0
TXN207787,CUST11037,2026-08-25,18,Electronics,442.65,1,3.2,317,0
TXN207788,CUST12281,2026-09-24,17,Grocery,40.48,1,0.2,678,0
TXN207789,CUST12206,2026-07-14,10,Travel,221.02,0,1.8,13,0
TXN207790,CUST10738,2026-09-16,15,Travel,187.2,0,1.3,30,0
TXN207791,CUST11247,2026-08-04,17,Grocery,90.52,0,3.5,390,0
TXN207792,CUST11626,2026-09-09,15,Travel,271.21,0,10.8,23,0
TXN207793,CUST10695,2026-07-29,13,Online Retail,97.0,0,0.1,407,0
TXN207794,CUST10224,2026-09-11,7,ATM Withdrawal,627.81,1,25.0,971,0
TXN207795,CUST10416,2026-07-10,5,ATM Withdrawal,311.96,0,1.0,627,0
TXN207796,CUST10292,2026-09-14,7,ATM Withdrawal,688.86,0,6.5,232,0
TXN207797,CUST10646,2026-09-22,15,Travel,1054.7,0,24.8,805,0
TXN207798,CUST12250,2026-07-07,8,Fuel,68.0,0,6.9,868,0
TXN207799,CUST10487,2026-09-04,17,Fuel,119.18,0,15.6,530,0
TXN207800,CUST10875,2026-08-20,12,Electronics,250.79,0,8.9,495,0
TXN207801,CUST10980,2026-08-07,20,Dining,55.94,0,47.7,1061,0
TXN207802,CUST12320,2026-07-30,16,Grocery,36.62,0,15.8,56,0
TXN207803,CUST10615,2026-07-28,12,Online Retail,117.41,0,14.0,648,0
TXN207804,CUST11864,2026-07-05,12,Grocery,86.17,0,4.5,557,0
TXN207805,CUST10116,2026-08-20,15,Fuel,93.76,0,15.1,835,0
TXN207806,CUST10990,2026-08-03,4,Grocery,60.14,0,7.4,17,0
TXN207807,CUST10019,2026-07-16,12,Online Retail,141.01,0,0.6,188,0
TXN207808,CUST10452,2026-08-08,18,Fuel,53.32,0,21.5,272,0
TXN207809,CUST10437,2026-09-19,13,Grocery,46.46,0,8.1,483,0
TXN207810,CUST11539,2026-08-25,11,Grocery,30.27,0,24.2,367,0
TXN207811,CUST11772,2026-08-26,16,ATM Withdrawal,453.49,0,5.0,421,0
TXN207812,CUST12163,2026-08-17,7,Online Retail,111.25,0,5.8,516,0
TXN207813,CUST11703,2026-07-31,19,Jewelry,1097.63,0,4.9,52,0
TXN207814,CUST11938,2026-07-06,9,Fuel,73.79,0,3.6,298,0
TXN207815,CUST12155,2026-09-03,23,Electronics,301.08,0,7.8,5,0
TXN207816,CUST11386,2026-09-13,13,Grocery,54.6,0,2.3,508,0
TXN207817,CUST11485,2026-08-20,13,Electronics,474.32,0,4.7,308,0
TXN207818,CUST10315,2026-07-26,18,Fuel,53.52,1,1.4,650,1
TXN207819,CUST12038,2026-08-26,15,Grocery,39.47,0,9.1,227,0
TXN207820,CUST11388,2026-07-12,12,Fuel,27.23,0,4.0,410,0
TXN207821,CUST10348,2026-08-20,6,Electronics,288.7,0,1.5,36,0
TXN207822,CUST11565,2026-09-14,12,Dining,103.89,0,13.0,471,0
TXN207823,CUST10392,2026-09-13,19,Grocery,91.47,0,5.3,970,0
TXN207824,CUST10709,2026-09-09,11,Dining,131.58,0,14.5,2680,0
TXN207825,CUST11957,2026-08-01,12,Grocery,58.64,0,26.6,216,0
TXN207826,CUST11575,2026-08-30,15,Online Retail,65.17,0,11.5,256,0
TXN207827,CUST11445,2026-07-15,21,Jewelry,1763.01,0,24.7,128,1
TXN207828,CUST12423,2026-07-22,7,Jewelry,3294.41,0,3.5,350,1
TXN207829,CUST10516,2026-08-05,9,Grocery,15.44,0,2.5,73,0
TXN207830,CUST12094,2026-09-17,14,Electronics,152.01,0,11.9,23,0
TXN207831,CUST10443,2026-09-03,13,Online Retail,249.06,0,1.5,357,0
TXN207832,CUST11366,2026-08-22,12,Travel,173.43,0,3.0,458,0
TXN207833,CUST10129,2026-08-24,14,Grocery,21.52,0,7.7,523,0
TXN207834,CUST11839,2026-09-04,11,Grocery,22.69,0,3.5,342,0
TXN207835,CUST12012,2026-09-12,17,Online Retail,102.94,0,21.9,269,0
TXN207836,CUST11898,2026-08-09,8,Dining,46.6,0,0.5,757,0
TXN207837,CUST10727,2026-08-13,13,Grocery,32.99,0,15.1,316,0
TXN207838,CUST12194,2026-09-04,16,Travel,941.03,0,1.0,87,0
TXN207839,CUST10929,2026-09-14,10,Electronics,512.96,0,18.0,248,0
TXN207840,CUST10800,2026-09-06,15,Dining,98.35,0,5.3,410,0
TXN207841,CUST10354,2026-08-09,7,ATM Withdrawal,180.71,0,17.7,594,0
TXN207842,CUST11307,2026-07-24,19,Travel,324.87,1,2.2,295,0
TXN207843,CUST11676,2026-07-23,16,Grocery,24.99,0,2.4,130,0
TXN207844,CUST10580,2026-06-30,22,Grocery,56.17,0,1.1,1085,0
TXN207845,CUST11868,2026-09-14,18,ATM Withdrawal,79.66,0,13.7,272,0
TXN207846,CUST10501,2026-07-09,7,ATM Withdrawal,123.87,0,3.2,69,0
TXN207847,CUST12384,2026-09-17,11,Dining,54.93,0,6.4,817,0
TXN207848,CUST10974,2026-08-03,16,Dining,17.29,0,0.3,675,0
TXN207849,CUST11070,2026-08-14,9,Grocery,57.32,0,9.0,762,0
TXN207850,CUST10594,2026-09-08,19,Electronics,538.07,0,0.7,199,0
TXN207851,CUST10564,2026-09-22,17,Travel,710.1,0,8.2,560,0
TXN207852,CUST11850,2026-08-06,18,Fuel,28.41,0,4.5,12,0
TXN207853,CUST11913,2026-07-29,3,Online Retail,161.02,0,7.9,142,0
TXN207854,CUST11619,2026-09-26,4,Online Retail,191.39,0,1.4,82,0
TXN207855,CUST11170,2026-07-07,12,Fuel,53.65,0,13.7,58,0
TXN207856,CUST10044,2026-08-12,0,Online Retail,200.7,0,14.1,41,0
TXN207857,CUST11333,2026-08-31,12,Travel,581.55,0,5.4,14,0
TXN207858,CUST11120,2026-09-11,22,Electronics,285.57,0,11.9,91,0
TXN207859,CUST12026,2026-07-20,13,Online Retail,125.93,0,4.1,864,0
TXN207860,CUST10565,2026-09-18,15,ATM Withdrawal,76.57,0,1.2,846,0
TXN207861,CUST11549,2026-07-21,4,Online Retail,268.09,0,17.9,873,0
TXN207862,CUST10162,2026-08-17,20,Electronics,426.08,0,7.2,1161,0
TXN207863,CUST10638,2026-08-03,9,Dining,111.09,0,5.3,14,0
TXN207864,CUST10229,2026-07-08,14,Dining,73.08,0,0.6,40,0
TXN207865,CUST12270,2026-08-01,12,Electronics,351.28,0,0.7,186,0
TXN207866,CUST10962,2026-08-10,9,Grocery,16.03,0,10.5,414,0
TXN207867,CUST10944,2026-08-25,14,Fuel,53.32,0,10.2,40,0
TXN207868,CUST10293,2026-07-09,18,Dining,64.95,0,14.7,285,0
TXN207869,CUST12294,2026-07-11,8,Grocery,140.38,0,15.1,16,0
TXN207870,CUST10332,2026-07-02,14,Electronics,74.7,0,1.7,435,0
TXN207871,CUST12374,2026-08-07,8,Grocery,17.57,1,15.7,685,0
TXN207872,CUST11322,2026-08-14,10,Grocery,88.93,0,7.3,175,0
TXN207873,CUST11014,2026-09-06,23,ATM Withdrawal,407.73,0,0.1,364,0
TXN207874,CUST10260,2026-08-21,14,Travel,760.88,1,4.2,146,0
TXN207875,CUST11698,2026-09-25,10,ATM Withdrawal,256.66,0,0.0,38,0
TXN207876,CUST10660,2026-07-30,11,Grocery,21.12,0,15.6,547,0
TXN207877,CUST11081,2026-07-21,20,Grocery,36.34,0,14.4,1047,0
TXN207878,CUST11496,2026-09-25,17,Dining,103.27,0,5.2,692,0
TXN207879,CUST10179,2026-07-06,21,Electronics,1320.68,0,3.3,103,0
TXN207880,CUST10924,2026-09-23,14,Online Retail,123.77,0,8.2,65,0
TXN207881,CUST10387,2026-08-30,18,Online Retail,106.49,1,4.3,390,0
TXN207882,CUST11762,2026-07-20,20,Grocery,38.8,0,2.0,76,0
TXN207883,CUST10047,2026-07-08,8,Grocery,25.31,0,7.7,417,0
TXN207884,CUST10867,2026-07-20,12,Electronics,408.97,0,12.1,260,0
TXN207885,CUST10508,2026-09-02,13,Travel,457.01,0,7.1,510,0
TXN207886,CUST10072,2026-09-08,4,Online Retail,225.01,0,1.5,935,0
TXN207887,CUST11780,2026-08-06,18,Dining,25.22,0,8.8,286,0
TXN207888,CUST12135,2026-08-29,9,ATM Withdrawal,148.52,0,7.8,17,0
TXN207889,CUST11085,2026-08-14,7,ATM Withdrawal,370.85,0,1.9,1157,0
TXN207890,CUST10344,2026-07-14,11,Grocery,91.89,0,0.7,139,0
TXN207891,CUST10370,2026-08-31,14,Grocery,42.38,1,17.1,198,0
TXN207892,CUST11545,2026-07-12,21,Dining,13.52,0,11.9,598,0
TXN207893,CUST10198,2026-07-01,14,Dining,38.78,0,3.1,218,0
TXN207894,CUST12428,2026-09-15,22,Online Retail,81.86,0,4.7,106,0
TXN207895,CUST12289,2026-07-09,18,Electronics,287.5,1,2.0,478,1
TXN207896,CUST11355,2026-08-27,17,Online Retail,83.29,0,21.7,605,0
TXN207897,CUST10764,2026-07-13,15,Grocery,56.05,0,2.0,182,0
TXN207898,CUST10337,2026-07-07,10,ATM Withdrawal,243.61,0,3.4,221,0
TXN207899,CUST11720,2026-08-16,15,ATM Withdrawal,205.73,0,2.2,404,0
TXN207900,CUST11250,2026-07-03,18,Online Retail,93.57,0,6.9,255,0
TXN207901,CUST12134,2026-08-30,9,Fuel,178.3,0,4.8,5,0
TXN207902,CUST11359,2026-07-12,22,Electronics,729.37,0,10.1,332,0
TXN207903,CUST10096,2026-08-15,5,ATM Withdrawal,77.63,0,0.8,139,0
TXN207904,CUST10309,2026-07-31,14,Travel,285.72,0,0.4,1183,0
TXN207905,CUST12343,2026-08-06,16,Electronics,281.35,0,9.5,65,0
TXN207906,CUST12273,2026-06-29,15,Travel,288.33,0,7.7,406,0
TXN207907,CUST10149,2026-08-11,12,Dining,97.38,0,1.6,882,0
TXN207908,CUST12216,2026-07-07,5,Electronics,191.29,1,10.4,242,0
TXN207909,CUST11602,2026-09-24,13,Travel,1068.43,0,0.4,23,0
TXN207910,CUST11757,2026-07-18,14,Online Retail,86.9,0,10.8,966,0
TXN207911,CUST12424,2026-08-21,15,ATM Withdrawal,143.93,0,3.8,34,0
TXN207912,CUST10612,2026-06-29,6,Grocery,26.32,0,15.2,105,0
TXN207913,CUST11056,2026-07-21,16,Fuel,28.85,0,5.9,764,0
TXN207914,CUST12323,2026-07-08,9,ATM Withdrawal,293.29,0,4.6,104,0
TXN207915,CUST10801,2026-07-09,14,ATM Withdrawal,278.95,0,8.9,13,0
TXN207916,CUST11972,2026-07-15,15,Dining,20.57,0,1.6,123,0
TXN207917,CUST11946,2026-08-18,15,Online Retail,44.5,0,2.8,31,0
TXN207918,CUST10324,2026-07-14,22,Dining,52.81,0,10.0,473,0
TXN207919,CUST11634,2026-07-16,16,Online Retail,98.85,0,15.9,416,0
TXN207920,CUST10727,2026-08-27,17,Electronics,125.07,0,2.1,137,0
TXN207921,CUST11305,2026-07-17,9,Grocery,86.62,0,2.2,1310,0
TXN207922,CUST10293,2026-07-17,11,Grocery,64.74,1,3.3,289,0
TXN207923,CUST11359,2026-07-01,11,Online Retail,112.59,0,7.7,1117,0
TXN207924,CUST10205,2026-09-17,7,Electronics,115.59,0,26.9,700,0
TXN207925,CUST10560,2026-07-31,16,Dining,61.3,1,4.8,704,0
TXN207926,CUST11845,2026-09-06,15,Grocery,24.82,0,0.7,555,0
TXN207927,CUST12329,2026-08-25,20,Online Retail,174.92,0,2.2,172,0
TXN207928,CUST10319,2026-08-15,16,Dining,49.96,0,10.1,5,0
TXN207929,CUST12120,2026-09-17,7,Online Retail,120.78,0,3.2,719,0
TXN207930,CUST12410,2026-08-23,15,Online Retail,57.38,0,18.3,411,0
TXN207931,CUST12437,2026-07-11,6,Online Retail,186.3,0,15.5,29,0
TXN207932,CUST10495,2026-08-10,19,Dining,79.65,0,1.1,155,0
TXN207933,CUST10910,2026-07-23,18,Travel,554.87,0,2.6,70,0
TXN207934,CUST11077,2026-07-30,13,ATM Withdrawal,231.35,0,3.3,151,0
TXN207935,CUST10963,2026-08-27,6,Fuel,122.66,0,11.3,732,0
TXN207936,CUST10968,2026-08-04,23,Online Retail,94.23,0,7.2,211,0
TXN207937,CUST11008,2026-07-14,17,Grocery,34.8,0,2.8,234,0
TXN207938,CUST10830,2026-08-12,7,Online Retail,38.13,0,13.3,144,0
TXN207939,CUST10566,2026-07-03,8,Dining,106.85,0,0.6,83,0
TXN207940,CUST12028,2026-09-07,5,Fuel,48.7,0,7.8,58,0
TXN207941,CUST11943,2026-09-03,18,Online Retail,200.65,0,3.4,12,0
TXN207942,CUST12423,2026-09-25,16,Travel,309.03,0,0.4,61,0
TXN207943,CUST10895,2026-07-22,12,Fuel,67.7,0,3.9,269,0
TXN207944,CUST10157,2026-07-27,4,Travel,785.44,0,11.5,33,0
TXN207945,CUST11701,2026-08-20,15,Online Retail,94.8,0,3.2,220,0
TXN207946,CUST11443,2026-08-17,8,Fuel,37.73,0,9.3,282,0
TXN207947,CUST11292,2026-07-03,6,Electronics,123.41,0,3.3,1790,0
TXN207948,CUST10019,2026-08-18,11,Jewelry,596.32,0,1.5,97,0
TXN207949,CUST10827,2026-08-19,12,Grocery,172.75,0,2.6,112,0
TXN207950,CUST11355,2026-08-10,14,Fuel,242.39,0,1.8,601,0
TXN207951,CUST11007,2026-09-05,12,Fuel,84.83,0,10.7,39,0
TXN207952,CUST10210,2026-08-26,22,Electronics,388.86,0,0.6,608,0
TXN207953,CUST10956,2026-09-25,19,Online Retail,359.52,0,1.0,89,0
TXN207954,CUST10582,2026-08-23,16,Dining,136.62,0,12.0,87,0
TXN207955,CUST10576,2026-09-23,23,Fuel,92.96,0,9.8,169,0
TXN207956,CUST12398,2026-07-22,14,Grocery,69.89,0,9.0,98,0
TXN207957,CUST10221,2026-08-27,23,Travel,732.28,0,20.5,378,0
TXN207958,CUST11191,2026-08-19,11,Electronics,681.94,0,9.8,227,0
TXN207959,CUST11962,2026-07-07,7,Dining,63.58,0,26.0,629,0
TXN207960,CUST11460,2026-09-13,12,Fuel,113.19,0,1.3,545,0
TXN207961,CUST10063,2026-08-13,8,Fuel,42.55,0,3.4,259,0
TXN207962,CUST10282,2026-07-10,13,Grocery,65.47,0,3.0,488,0
TXN207963,CUST11544,2026-09-23,11,ATM Withdrawal,206.37,0,3.2,148,0
TXN207964,CUST10166,2026-09-12,17,Electronics,227.78,0,7.1,97,0
TXN207965,CUST12035,2026-09-15,12,Dining,40.67,0,11.8,10,0
TXN207966,CUST10409,2026-09-25,17,Fuel,108.02,0,8.0,1018,0
TXN207967,CUST10563,2026-07-04,21,Travel,1314.48,0,5.9,547,0
TXN207968,CUST10278,2026-09-05,6,Dining,127.42,1,15.0,417,0
TXN207969,CUST10884,2026-07-18,19,Fuel,27.92,0,24.6,374,0
TXN207970,CUST10152,2026-07-26,14,Dining,31.22,1,0.7,926,0
TXN207971,CUST11142,2026-09-23,10,Fuel,52.07,0,7.3,1610,0
TXN207972,CUST11830,2026-09-08,22,Grocery,74.78,0,2.7,34,0
TXN207973,CUST11003,2026-07-04,16,Electronics,507.93,0,3.5,69,0
TXN207974,CUST12410,2026-09-07,8,Online Retail,111.81,1,10.8,650,0
TXN207975,CUST10138,2026-09-09,15,Grocery,26.32,0,1.9,692,0
TXN207976,CUST11300,2026-08-23,4,Online Retail,273.12,0,0.9,51,0
TXN207977,CUST10961,2026-08-02,22,Fuel,26.59,0,15.6,229,0
TXN207978,CUST10846,2026-09-24,22,Dining,27.36,0,0.2,450,0
TXN207979,CUST10039,2026-08-09,6,Electronics,288.78,0,8.7,131,0
TXN207980,CUST11500,2026-07-08,14,Travel,570.28,0,11.5,33,0
TXN207981,CUST11353,2026-08-25,10,Travel,333.77,0,3.5,291,0
TXN207982,CUST11615,2026-08-24,23,Grocery,46.9,0,4.7,958,0
TXN207983,CUST11401,2026-08-26,23,Online Retail,184.96,0,4.7,126,0
TXN207984,CUST11904,2026-09-18,14,Grocery,32.79,0,3.9,71,0
TXN207985,CUST11425,2026-07-23,22,Grocery,57.08,1,3.3,1178,0
TXN207986,CUST10126,2026-07-12,6,Dining,17.49,0,6.2,871,0
TXN207987,CUST10283,2026-08-10,8,Grocery,18.66,0,9.3,98,0
TXN207988,CUST10086,2026-07-31,9,Online Retail,64.41,0,32.4,581,0
TXN207989,CUST10381,2026-09-01,3,Jewelry,2501.5,1,6.4,419,1
TXN207990,CUST10225,2026-08-18,19,Grocery,21.7,0,2.1,1191,0
TXN207991,CUST11057,2026-07-25,9,Fuel,28.8,0,14.8,1168,0
TXN207992,CUST10951,2026-08-04,9,Jewelry,1008.68,0,7.1,202,0
TXN207993,CUST10029,2026-08-02,20,Grocery,32.35,0,0.5,62,0
TXN207994,CUST10595,2026-08-09,11,Grocery,23.12,0,8.8,479,0
TXN207995,CUST10596,2026-09-17,16,Grocery,17.08,0,2.0,1233,0
TXN207996,CUST10982,2026-09-18,17,Electronics,1048.76,0,2.9,131,0
TXN207997,CUST12497,2026-08-14,21,Online Retail,165.7,0,3.5,346,0
TXN207998,CUST12008,2026-09-10,8,Fuel,17.91,1,4.2,34,1
TXN207999,CUST12298,2026-08-14,11,Dining,53.37,0,8.0,33,0
TXN208000,CUST11552,2026-06-29,12,Dining,98.79,0,8.7,497,0
TXN208001,CUST12308,2026-07-21,12,Dining,112.83,0,5.8,135,0
TXN208002,CUST10663,2026-07-06,9,Electronics,309.16,0,10.6,1023,0
TXN208003,CUST11736,2026-07-08,15,Electronics,444.12,0,6.7,87,0
TXN208004,CUST10902,2026-09-20,10,Dining,66.97,0,0.3,276,0
TXN208005,CUST12187,2026-09-25,19,ATM Withdrawal,338.28,0,9.9,531,0
TXN208006,CUST10667,2026-08-20,6,Dining,43.31,0,11.5,162,0
TXN208007,CUST10072,2026-09-10,17,Grocery,21.02,0,8.2,192,0
TXN208008,CUST10492,2026-09-02,5,Jewelry,1004.61,0,0.8,513,0
TXN208009,CUST11820,2026-09-16,16,Fuel,30.19,0,5.2,1481,0
TXN208010,CUST12030,2026-07-19,19,Grocery,56.6,0,10.2,478,0
TXN208011,CUST10260,2026-07-31,3,Dining,34.42,0,19.1,341,0
TXN208012,CUST10972,2026-07-19,11,Jewelry,517.5,0,3.0,166,0
TXN208013,CUST12424,2026-09-20,6,Jewelry,850.13,0,16.9,755,0
TXN208014,CUST11467,2026-07-07,19,Electronics,133.15,0,9.9,5,0
TXN208015,CUST12025,2026-08-04,15,Dining,74.39,0,1.0,1212,0
TXN208016,CUST10635,2026-07-20,18,Grocery,66.62,0,0.3,5,0
TXN208017,CUST10025,2026-08-20,16,Fuel,130.36,0,4.7,434,0
TXN208018,CUST10861,2026-09-12,16,Electronics,479.01,0,7.6,120,0
TXN208019,CUST10017,2026-09-12,15,Dining,76.29,0,8.8,339,0
TXN208020,CUST11287,2026-08-24,6,Dining,176.2,0,0.3,179,0
TXN208021,CUST11227,2026-09-20,10,ATM Withdrawal,178.18,0,22.0,44,0
TXN208022,CUST11118,2026-09-04,18,Jewelry,820.31,0,3.8,128,0
TXN208023,CUST10480,2026-07-22,20,Fuel,35.95,0,0.4,197,0
TXN208024,CUST10927,2026-08-05,10,Grocery,12.67,0,2.3,431,0
TXN208025,CUST11386,2026-09-04,16,Dining,30.81,1,22.3,633,0
TXN208026,CUST11670,2026-09-12,18,Grocery,13.98,0,44.1,336,0
TXN208027,CUST11572,2026-09-13,5,Jewelry,820.55,0,17.6,245,0
TXN208028,CUST12164,2026-07-05,8,Jewelry,455.46,0,6.6,293,0
TXN208029,CUST12027,2026-06-29,8,Grocery,12.09,0,14.2,539,0
TXN208030,CUST12323,2026-09-16,22,Dining,103.73,0,38.0,745,0
TXN208031,CUST11119,2026-07-16,18,Dining,82.5,0,1.4,26,0
TXN208032,CUST12194,2026-09-13,10,Dining,107.94,0,0.7,62,0
TXN208033,CUST11874,2026-06-30,13,Online Retail,109.48,0,1.9,1271,0
TXN208034,CUST12381,2026-08-17,16,Dining,50.22,0,5.5,114,0
TXN208035,CUST11390,2026-07-10,19,Online Retail,90.76,0,22.7,295,0
TXN208036,CUST10415,2026-08-04,14,Electronics,123.73,0,9.4,88,0
TXN208037,CUST11761,2026-09-13,23,Dining,162.66,0,13.4,8,0
TXN208038,CUST10718,2026-08-15,12,Jewelry,1272.78,0,3.6,869,0
TXN208039,CUST10889,2026-07-10,18,Grocery,18.42,0,13.8,23,0
TXN208040,CUST10743,2026-07-16,12,Electronics,277.14,0,2.5,221,0
TXN208041,CUST10215,2026-07-09,10,Dining,57.01,0,16.8,705,0
TXN208042,CUST12373,2026-09-18,13,ATM Withdrawal,302.11,0,0.4,395,0
TXN208043,CUST11247,2026-07-03,14,Dining,63.1,0,4.3,752,0
TXN208044,CUST11025,2026-07-02,16,Dining,48.02,0,0.2,548,0
TXN208045,CUST11262,2026-09-19,14,Online Retail,96.22,0,0.3,12,0
TXN208046,CUST11451,2026-07-15,23,Online Retail,140.22,0,15.7,15,0
TXN208047,CUST11119,2026-09-08,12,Grocery,46.52,0,5.8,179,0
TXN208048,CUST10172,2026-07-29,18,Fuel,31.94,0,13.0,303,0
TXN208049,CUST11746,2026-07-05,11,Online Retail,117.82,0,3.4,98,0
TXN208050,CUST10709,2026-08-18,9,Online Retail,404.83,0,3.9,19,0
TXN208051,CUST11164,2026-08-04,13,Electronics,166.79,0,6.1,259,0
TXN208052,CUST10242,2026-08-15,13,ATM Withdrawal,90.92,0,6.1,247,0
TXN208053,CUST10522,2026-08-11,10,Online Retail,96.03,0,22.1,222,0
TXN208054,CUST11171,2026-07-29,18,Dining,24.23,0,7.0,1031,0
TXN208055,CUST11746,2026-08-14,7,Grocery,47.8,1,12.5,437,0
TXN208056,CUST11347,2026-09-19,22,Online Retail,370.55,0,21.7,222,0
TXN208057,CUST10245,2026-08-05,18,Electronics,98.56,0,6.2,393,0
TXN208058,CUST10806,2026-08-27,14,Fuel,107.6,0,14.3,381,0
TXN208059,CUST11678,2026-07-28,10,Travel,470.12,0,22.6,34,0
TXN208060,CUST10743,2026-08-15,11,Dining,98.84,0,12.3,78,0
TXN208061,CUST11154,2026-09-07,11,Online Retail,315.98,0,20.3,212,0
TXN208062,CUST10073,2026-09-06,14,Fuel,48.13,0,19.8,605,0
TXN208063,CUST12012,2026-07-31,13,Grocery,20.29,0,7.5,583,0
TXN208064,CUST12055,2026-07-06,16,Fuel,50.79,0,9.2,5,0
TXN208065,CUST10591,2026-08-22,10,Grocery,41.91,0,10.3,588,0
TXN208066,CUST11348,2026-08-08,14,Online Retail,153.18,0,4.8,566,0
TXN208067,CUST11691,2026-08-22,9,Online Retail,267.27,0,7.0,1805,0
TXN208068,CUST10472,2026-06-30,11,Electronics,514.35,0,15.0,80,0
TXN208069,CUST11067,2026-08-31,21,Dining,119.81,0,5.4,103,0
TXN208070,CUST11491,2026-08-14,11,Grocery,109.56,0,22.5,235,0
TXN208071,CUST11585,2026-07-08,17,Dining,58.23,0,14.6,582,0
TXN208072,CUST12029,2026-09-06,19,Travel,241.96,0,7.2,5,0
TXN208073,CUST10587,2026-09-22,3,Dining,79.67,0,5.9,1266,0
TXN208074,CUST11132,2026-07-22,14,Electronics,345.13,0,3.1,308,0
TXN208075,CUST11186,2026-06-30,19,Grocery,62.77,0,2.9,95,0
TXN208076,CUST12259,2026-07-19,23,Dining,59.19,1,19.4,1394,0
TXN208077,CUST10898,2026-09-11,14,Electronics,348.04,0,16.4,498,0
TXN208078,CUST12050,2026-07-31,15,Online Retail,106.07,0,34.3,274,0
TXN208079,CUST12311,2026-07-20,15,Online Retail,153.63,0,1.2,162,0
TXN208080,CUST12232,2026-07-16,11,Grocery,21.44,1,0.4,71,0
TXN208081,CUST12470,2026-08-13,18,Electronics,165.46,0,11.9,69,0
TXN208082,CUST10168,2026-09-25,13,Jewelry,755.01,0,1.7,633,0
TXN208083,CUST12075,2026-09-01,4,ATM Withdrawal,241.24,0,1.7,217,0
TXN208084,CUST12458,2026-09-13,18,Electronics,515.44,0,3.8,123,0
TXN208085,CUST10874,2026-08-24,13,Online Retail,184.26,0,1.6,90,0
TXN208086,CUST11554,2026-08-20,19,Dining,69.46,0,0.8,1194,0
TXN208087,CUST10798,2026-09-18,15,Fuel,29.31,0,5.5,93,0
TXN208088,CUST10176,2026-08-21,19,Online Retail,61.76,0,6.0,46,0
TXN208089,CUST11626,2026-07-02,12,Travel,662.51,0,3.6,83,0
TXN208090,CUST11182,2026-07-21,3,Travel,353.62,0,3.6,1768,0
TXN208091,CUST12217,2026-09-10,17,Dining,88.07,0,15.2,214,0
TXN208092,CUST11020,2026-09-13,3,Grocery,20.23,0,1.2,67,0
TXN208093,CUST11651,2026-08-13,14,Fuel,32.92,0,0.8,204,0
TXN208094,CUST10653,2026-09-11,16,Fuel,144.3,0,14.5,721,0
TXN208095,CUST11935,2026-08-19,10,Dining,53.24,0,12.4,174,0
TXN208096,CUST11391,2026-07-08,20,Dining,81.36,0,0.6,922,0
TXN208097,CUST11835,2026-07-03,10,Dining,48.09,0,2.6,416,0
TXN208098,CUST10105,2026-09-17,11,Grocery,38.43,0,11.7,469,0
TXN208099,CUST10471,2026-09-22,20,Grocery,47.81,1,17.0,184,0
TXN208100,CUST10131,2026-08-09,16,Dining,26.24,0,3.6,53,0
TXN208101,CUST10910,2026-07-22,18,Online Retail,60.79,0,3.8,68,0
TXN208102,CUST10405,2026-09-16,7,Online Retail,219.13,0,14.3,149,0
TXN208103,CUST10074,2026-09-01,4,Grocery,34.12,0,5.6,644,0
TXN208104,CUST10879,2026-08-06,15,Dining,110.44,1,8.4,173,0
TXN208105,CUST11415,2026-07-01,17,Jewelry,378.06,0,7.2,54,0
TXN208106,CUST10661,2026-07-26,15,Online Retail,76.69,0,5.8,358,0
TXN208107,CUST11046,2026-08-21,17,Electronics,294.24,0,2.5,373,0
TXN208108,CUST10422,2026-09-23,20,Fuel,41.02,0,9.7,314,0
TXN208109,CUST10933,2026-09-16,14,Dining,38.13,0,10.6,217,0
TXN208110,CUST11094,2026-09-05,17,Online Retail,68.63,0,4.1,5,0
TXN208111,CUST12439,2026-08-06,7,Electronics,452.47,0,1.7,458,0
TXN208112,CUST11530,2026-09-05,18,Online Retail,95.56,0,5.1,198,0
TXN208113,CUST10585,2026-08-22,15,Grocery,66.75,0,4.9,550,0
TXN208114,CUST10701,2026-08-05,13,Grocery,43.36,0,8.7,167,0
TXN208115,CUST10384,2026-08-25,13,Grocery,95.44,1,12.9,985,0
TXN208116,CUST11860,2026-08-12,21,Dining,24.05,0,13.8,36,0
TXN208117,CUST10323,2026-09-24,7,Dining,75.91,0,19.7,1037,0
TXN208118,CUST10117,2026-07-10,11,ATM Withdrawal,640.5,0,15.0,786,0
TXN208119,CUST10338,2026-09-26,15,Online Retail,97.1,0,12.6,479,0
TXN208120,CUST11776,2026-07-28,7,Grocery,12.88,0,0.9,152,0
TXN208121,CUST11620,2026-09-17,12,Travel,516.54,0,12.9,240,0
TXN208122,CUST11319,2026-06-29,4,Electronics,182.1,0,11.4,25,0
TXN208123,CUST11063,2026-09-09,16,Jewelry,448.06,0,3.6,80,0
TXN208124,CUST10104,2026-07-19,16,Fuel,42.95,0,12.6,383,0
TXN208125,CUST12082,2026-07-04,23,Fuel,59.71,0,2.6,767,0
TXN208126,CUST10222,2026-08-15,7,ATM Withdrawal,134.75,0,0.3,354,0
TXN208127,CUST11659,2026-08-06,13,Electronics,387.15,0,8.0,180,0
TXN208128,CUST10118,2026-09-16,12,Dining,62.36,0,17.9,152,0
TXN208129,CUST10654,2026-09-22,21,ATM Withdrawal,167.41,0,6.4,419,0
TXN208130,CUST10739,2026-08-20,11,Dining,93.24,0,1.9,58,0
TXN208131,CUST12186,2026-07-04,17,Travel,140.4,0,3.8,536,0
TXN208132,CUST11770,2026-09-17,2,Grocery,39.03,0,1.5,9,0
TXN208133,CUST10304,2026-08-24,18,Electronics,1016.67,0,3.3,115,1
TXN208134,CUST10444,2026-09-14,10,Grocery,27.83,0,3.0,747,0
TXN208135,CUST10550,2026-08-07,10,Grocery,19.95,0,4.3,277,0
TXN208136,CUST10583,2026-08-18,18,Fuel,101.72,0,8.2,661,0
TXN208137,CUST10721,2026-07-09,12,Dining,166.08,0,28.1,767,0
TXN208138,CUST10535,2026-08-04,12,Online Retail,280.03,0,1.9,883,0
TXN208139,CUST10169,2026-07-26,12,ATM Withdrawal,269.43,0,5.4,157,0
TXN208140,CUST10009,2026-09-10,15,Online Retail,160.87,0,3.9,531,0
TXN208141,CUST12197,2026-08-21,17,Grocery,24.37,0,9.6,9,0
TXN208142,CUST10810,2026-07-04,13,Grocery,36.1,0,8.5,537,0
TXN208143,CUST11908,2026-09-26,10,Electronics,1627.85,0,9.8,2654,0
TXN208144,CUST11134,2026-09-23,9,Fuel,38.95,0,13.8,575,0
TXN208145,CUST11709,2026-08-26,13,Dining,34.95,1,18.4,423,1
TXN208146,CUST12453,2026-09-21,14,Grocery,51.73,0,12.3,209,0
TXN208147,CUST12403,2026-07-18,19,Travel,698.97,0,6.5,559,0
TXN208148,CUST11238,2026-09-24,15,Grocery,63.1,0,18.2,124,0
TXN208149,CUST11946,2026-09-07,4,Dining,59.65,0,5.9,312,0
TXN208150,CUST10054,2026-07-14,17,Fuel,21.02,0,5.6,166,0
TXN208151,CUST11209,2026-09-02,0,Grocery,10.91,0,3.3,417,0
TXN208152,CUST10386,2026-09-18,14,ATM Withdrawal,332.08,0,10.6,121,0
TXN208153,CUST12256,2026-07-12,16,Electronics,2377.21,0,15.0,334,0
TXN208154,CUST12201,2026-08-31,13,Dining,53.56,0,5.8,143,0
TXN208155,CUST10014,2026-07-03,12,Grocery,23.71,0,13.6,299,0
TXN208156,CUST11961,2026-07-13,15,Grocery,47.16,0,7.6,868,0
TXN208157,CUST11025,2026-08-08,19,Dining,31.14,0,10.5,564,0
TXN208158,CUST11569,2026-07-19,13,Fuel,31.51,0,5.5,566,0
TXN208159,CUST11598,2026-09-11,13,Dining,85.79,0,7.9,169,0
TXN208160,CUST11380,2026-07-01,10,Grocery,38.12,0,12.3,1203,0
TXN208161,CUST10147,2026-06-29,9,Online Retail,94.87,0,9.3,1512,0
TXN208162,CUST11945,2026-07-28,10,Online Retail,251.14,0,10.7,107,0
TXN208163,CUST10207,2026-07-08,23,Electronics,830.72,0,8.6,435,0
TXN208164,CUST10485,2026-08-20,11,Grocery,70.0,0,15.6,493,0
TXN208165,CUST12445,2026-09-21,17,Grocery,31.75,0,5.4,181,0
TXN208166,CUST12483,2026-08-16,17,Grocery,22.15,0,1.5,397,0
TXN208167,CUST10386,2026-08-13,15,Electronics,514.73,0,5.7,176,0
TXN208168,CUST11928,2026-09-07,11,Dining,27.53,0,20.4,92,0
TXN208169,CUST12164,2026-09-15,17,Grocery,16.3,0,9.3,369,0
TXN208170,CUST10071,2026-08-15,16,Grocery,14.05,0,22.7,381,0
TXN208171,CUST10206,2026-07-09,12,ATM Withdrawal,225.27,0,30.6,75,0
TXN208172,CUST12030,2026-07-04,19,Grocery,27.59,0,2.7,42,0
TXN208173,CUST12138,2026-07-19,19,Online Retail,147.84,0,2.4,614,0
TXN208174,CUST11819,2026-07-30,11,Online Retail,401.22,0,2.3,475,0
TXN208175,CUST10471,2026-07-12,20,Fuel,42.97,0,1.8,536,0
TXN208176,CUST10495,2026-08-21,20,Dining,49.12,0,1.8,1385,0
TXN208177,CUST11418,2026-09-22,21,Online Retail,71.49,0,37.2,59,0
TXN208178,CUST10004,2026-08-09,9,Online Retail,91.51,0,2.4,139,0
TXN208179,CUST11110,2026-08-10,1,Online Retail,316.5,0,2.8,139,0
TXN208180,CUST10212,2026-08-30,19,Online Retail,341.41,1,1.7,123,0
TXN208181,CUST10556,2026-07-03,15,Travel,261.87,0,7.2,107,0
TXN208182,CUST10591,2026-08-11,7,Dining,50.4,0,0.9,531,0
TXN208183,CUST10351,2026-08-22,5,Electronics,386.56,0,6.8,75,0
TXN208184,CUST11943,2026-07-30,12,Online Retail,126.0,0,1.5,315,0
TXN208185,CUST12375,2026-08-24,5,Grocery,50.13,0,8.4,217,0
TXN208186,CUST11621,2026-07-05,14,Electronics,777.86,0,13.9,833,0
TXN208187,CUST12063,2026-08-23,19,Grocery,35.61,0,24.1,969,0
TXN208188,CUST11339,2026-07-21,14,Grocery,36.32,0,2.7,93,0
TXN208189,CUST10262,2026-07-25,14,Online Retail,213.71,0,17.1,617,0
TXN208190,CUST11951,2026-06-30,10,Fuel,95.37,0,12.5,489,0
TXN208191,CUST11975,2026-08-10,8,Grocery,13.23,0,0.5,764,0
TXN208192,CUST11743,2026-08-26,14,Jewelry,1109.77,0,3.2,1345,0
TXN208193,CUST11095,2026-08-03,17,Online Retail,62.86,0,13.1,74,0
TXN208194,CUST11059,2026-07-22,10,Fuel,62.0,0,16.0,573,0
TXN208195,CUST10219,2026-08-05,12,Fuel,17.14,0,5.3,209,0
TXN208196,CUST10942,2026-07-04,13,Dining,59.09,0,7.1,77,0
TXN208197,CUST12335,2026-07-13,11,Dining,150.88,0,8.3,55,0
TXN208198,CUST12226,2026-07-01,14,Dining,148.99,0,0.4,71,0
TXN208199,CUST12359,2026-08-19,7,Online Retail,75.03,0,1.5,510,0
TXN208200,CUST11363,2026-08-11,16,ATM Withdrawal,188.85,0,13.4,422,0
TXN208201,CUST10121,2026-07-21,16,Travel,1140.42,0,7.5,414,0
TXN208202,CUST11342,2026-07-15,14,Travel,667.74,0,14.9,503,0
TXN208203,CUST10198,2026-09-24,1,Online Retail,101.04,0,1.4,118,0
TXN208204,CUST11258,2026-09-05,14,Grocery,30.78,0,3.5,287,0
TXN208205,CUST10953,2026-09-14,9,Online Retail,200.19,0,11.3,662,0
TXN208206,CUST11223,2026-09-09,14,Grocery,31.26,0,12.3,400,0
TXN208207,CUST11812,2026-07-01,15,Travel,849.2,0,0.5,385,0
TXN208208,CUST11688,2026-09-19,7,Grocery,24.28,1,6.2,687,0
TXN208209,CUST12305,2026-07-01,20,Fuel,115.87,0,19.1,348,0
TXN208210,CUST11212,2026-09-10,16,Fuel,79.39,0,4.1,5,0
TXN208211,CUST10984,2026-07-17,19,Dining,94.75,0,16.3,513,0
TXN208212,CUST10736,2026-07-06,17,Electronics,173.22,0,7.9,258,0
TXN208213,CUST10632,2026-07-15,16,ATM Withdrawal,80.34,0,14.2,686,0
TXN208214,CUST10195,2026-09-05,15,Online Retail,94.53,1,18.8,459,0
TXN208215,CUST11807,2026-07-17,9,Electronics,1488.51,0,7.8,253,0
TXN208216,CUST10512,2026-08-21,15,Grocery,19.8,0,6.2,12,0
TXN208217,CUST11998,2026-09-17,16,Grocery,23.1,0,7.4,97,0
TXN208218,CUST11757,2026-09-11,12,Grocery,26.39,0,0.9,34,0
TXN208219,CUST10678,2026-09-24,20,Online Retail,68.82,0,9.0,14,0
TXN208220,CUST10290,2026-07-04,19,Dining,42.32,0,19.3,531,0
TXN208221,CUST11260,2026-09-14,14,Dining,386.88,0,24.3,199,0
TXN208222,CUST10262,2026-08-25,11,Fuel,15.02,0,6.1,1082,0
TXN208223,CUST10498,2026-07-19,17,Grocery,43.15,0,13.3,211,0
TXN208224,CUST11863,2026-08-28,23,Fuel,40.74,0,2.0,18,0
TXN208225,CUST12488,2026-08-12,21,Online Retail,156.97,0,7.8,355,0
TXN208226,CUST12210,2026-09-23,7,Electronics,476.28,0,0.2,641,0
TXN208227,CUST10958,2026-08-19,9,Jewelry,836.17,0,15.8,613,0
TXN208228,CUST10214,2026-07-24,11,Online Retail,137.34,0,25.1,571,0
TXN208229,CUST12089,2026-08-07,18,Dining,20.12,0,0.3,66,0
TXN208230,CUST12491,2026-08-10,19,Travel,480.28,1,18.4,553,0
TXN208231,CUST11270,2026-08-21,10,Fuel,34.85,0,2.2,43,0
TXN208232,CUST11390,2026-08-03,15,Dining,53.8,0,2.8,134,0
TXN208233,CUST11262,2026-09-01,10,Travel,262.31,0,6.7,115,0
TXN208234,CUST12368,2026-08-08,8,Jewelry,526.75,0,23.8,797,0
TXN208235,CUST12437,2026-09-01,14,Fuel,72.29,0,3.7,20,0
TXN208236,CUST10770,2026-09-02,12,Fuel,94.98,0,4.3,9,0
TXN208237,CUST10186,2026-09-20,13,Grocery,25.33,0,1.3,1829,0
TXN208238,CUST11741,2026-09-15,23,Online Retail,324.63,0,0.1,373,0
TXN208239,CUST11055,2026-09-01,3,Dining,125.8,0,0.5,425,0
TXN208240,CUST11671,2026-07-06,15,Dining,57.66,1,0.0,1232,0
TXN208241,CUST12148,2026-07-26,14,Dining,56.95,1,4.0,169,0
TXN208242,CUST11726,2026-08-16,16,Fuel,23.17,0,6.6,535,0
TXN208243,CUST11205,2026-07-20,19,ATM Withdrawal,192.32,0,3.0,1091,0
TXN208244,CUST11573,2026-09-20,20,Travel,1025.86,0,4.3,328,0
TXN208245,CUST10986,2026-07-14,13,Dining,15.74,0,1.7,568,0
TXN208246,CUST11732,2026-08-14,18,Grocery,22.73,0,24.1,109,0
TXN208247,CUST10255,2026-08-22,10,Grocery,23.05,0,17.9,210,0
TXN208248,CUST11716,2026-09-04,13,Dining,120.82,0,5.2,905,0
TXN208249,CUST12409,2026-08-12,9,Fuel,138.9,0,1.4,933,0
TXN208250,CUST11486,2026-08-31,16,Electronics,591.46,0,32.4,378,0
TXN208251,CUST11046,2026-09-01,15,Grocery,52.1,0,1.2,204,0
TXN208252,CUST10827,2026-08-10,9,Electronics,762.2,0,23.6,710,0
TXN208253,CUST10514,2026-08-22,16,Travel,639.81,0,1.3,443,0
TXN208254,CUST11881,2026-09-18,17,Online Retail,190.42,1,0.0,97,0
TXN208255,CUST12484,2026-08-18,16,ATM Withdrawal,198.39,0,23.4,663,0
TXN208256,CUST11045,2026-09-24,9,Online Retail,138.92,0,2.8,170,0
TXN208257,CUST12256,2026-07-30,21,Fuel,12.31,0,20.4,23,0
TXN208258,CUST12300,2026-07-23,21,Electronics,159.99,0,15.2,238,0
TXN208259,CUST12383,2026-09-24,21,Dining,46.3,0,2.8,230,0
TXN208260,CUST12231,2026-09-26,16,Jewelry,1077.22,0,0.8,78,0
TXN208261,CUST10289,2026-09-05,14,Dining,50.08,0,3.7,156,0
TXN208262,CUST12320,2026-07-02,6,Grocery,28.67,0,12.9,769,0
TXN208263,CUST12484,2026-07-29,15,Travel,107.93,0,1.0,92,0
TXN208264,CUST11576,2026-07-17,12,Fuel,66.92,0,8.9,75,0
TXN208265,CUST12169,2026-08-31,23,Dining,92.69,1,1.5,913,0
TXN208266,CUST12226,2026-08-30,10,Online Retail,184.98,0,7.4,340,0
TXN208267,CUST11108,2026-07-17,21,Fuel,39.14,0,14.7,374,0
TXN208268,CUST11252,2026-07-13,2,Fuel,38.26,0,1.6,9,0
TXN208269,CUST10338,2026-07-19,16,Grocery,56.48,1,4.9,88,0
TXN208270,CUST12325,2026-08-09,8,Fuel,41.15,0,23.3,114,0
TXN208271,CUST10370,2026-08-29,13,Grocery,175.19,0,18.4,135,0
TXN208272,CUST10828,2026-07-11,14,Travel,874.39,0,9.8,1067,0
TXN208273,CUST11056,2026-09-21,9,Travel,1016.13,0,14.5,89,0
TXN208274,CUST10698,2026-09-01,10,Dining,58.04,0,9.0,130,0
TXN208275,CUST10512,2026-08-23,12,Fuel,33.13,0,26.1,1000,0
TXN208276,CUST11836,2026-09-16,9,Electronics,281.04,0,3.4,530,0
TXN208277,CUST11045,2026-09-19,17,Online Retail,183.66,0,6.7,1088,0
TXN208278,CUST10547,2026-07-12,11,Electronics,524.57,0,6.4,16,0
TXN208279,CUST10041,2026-09-06,13,Fuel,77.16,0,10.8,973,0
TXN208280,CUST12088,2026-08-09,9,Fuel,125.34,0,8.7,42,0
TXN208281,CUST11886,2026-09-11,13,Electronics,272.06,1,0.7,846,0
TXN208282,CUST11266,2026-09-20,13,Jewelry,1487.88,0,1.7,17,0
TXN208283,CUST12200,2026-08-09,18,Online Retail,84.21,0,7.1,20,0
TXN208284,CUST12292,2026-09-13,22,Travel,356.8,0,3.7,157,0
TXN208285,CUST12171,2026-09-22,10,Dining,49.96,0,2.3,318,0
TXN208286,CUST12401,2026-08-19,15,Dining,91.71,0,6.9,117,0
TXN208287,CUST12339,2026-07-29,12,Grocery,35.91,0,6.9,296,0
TXN208288,CUST11596,2026-07-21,12,Dining,46.03,1,5.3,160,0
TXN208289,CUST11088,2026-09-24,17,Online Retail,116.4,0,1.6,758,0
TXN208290,CUST12107,2026-07-13,16,Grocery,77.12,0,4.9,583,0
TXN208291,CUST11948,2026-08-27,13,Dining,237.26,0,5.1,93,0
TXN208292,CUST11339,2026-07-17,6,Fuel,105.23,0,7.3,283,0
TXN208293,CUST10255,2026-08-19,12,Fuel,89.72,0,14.3,1082,0
TXN208294,CUST12394,2026-08-23,23,Dining,41.88,0,32.6,126,0
TXN208295,CUST10135,2026-08-30,14,Electronics,311.58,0,26.8,453,0
TXN208296,CUST11754,2026-09-20,15,Dining,176.51,0,16.4,773,0
TXN208297,CUST10194,2026-09-06,7,Dining,61.56,0,5.6,583,0
TXN208298,CUST10954,2026-07-11,11,Fuel,141.26,0,1.0,908,0
TXN208299,CUST10665,2026-08-26,2,Grocery,26.55,0,35.3,193,0
TXN208300,CUST10774,2026-08-11,13,Online Retail,72.33,0,12.9,466,0
TXN208301,CUST10531,2026-08-06,14,Online Retail,320.29,1,1.5,355,0
TXN208302,CUST11113,2026-08-01,17,Dining,107.75,0,18.9,58,0
TXN208303,CUST12163,2026-07-29,16,Electronics,707.28,0,3.7,183,0
TXN208304,CUST10302,2026-09-23,18,Travel,1250.42,0,2.8,556,0
TXN208305,CUST10613,2026-09-17,21,Grocery,33.48,0,8.0,62,0
TXN208306,CUST12174,2026-07-03,16,Electronics,790.5,0,6.6,508,0
TXN208307,CUST11129,2026-08-07,17,Electronics,928.87,0,1.1,1047,0
TXN208308,CUST12417,2026-09-02,7,Dining,44.25,0,1.7,998,0
TXN208309,CUST12148,2026-07-05,12,Online Retail,153.65,0,2.3,75,0
TXN208310,CUST12365,2026-07-26,18,ATM Withdrawal,194.12,0,3.1,242,0
TXN208311,CUST11539,2026-09-02,12,Online Retail,54.17,0,4.9,51,0
TXN208312,CUST10033,2026-09-05,7,Dining,36.6,0,2.6,453,0
TXN208313,CUST10136,2026-07-04,18,Online Retail,118.28,0,7.6,560,0
TXN208314,CUST12429,2026-09-25,8,Online Retail,68.7,0,4.4,465,0
TXN208315,CUST12148,2026-09-18,13,Dining,161.8,0,4.7,63,0
TXN208316,CUST11500,2026-09-25,21,Grocery,43.93,0,3.2,383,0
TXN208317,CUST10392,2026-08-26,11,Grocery,75.47,0,19.3,20,0
TXN208318,CUST10426,2026-08-24,14,Grocery,33.73,0,25.0,108,0
TXN208319,CUST10318,2026-07-19,7,Electronics,307.29,0,24.4,74,0
TXN208320,CUST11880,2026-08-29,23,Online Retail,83.57,0,5.3,139,0
TXN208321,CUST10710,2026-08-28,12,ATM Withdrawal,247.86,0,15.1,43,0
TXN208322,CUST10534,2026-09-10,5,ATM Withdrawal,138.01,0,1.8,34,0
TXN208323,CUST10126,2026-07-06,6,Grocery,28.35,0,2.9,79,0
TXN208324,CUST11890,2026-08-12,12,Online Retail,57.73,0,14.0,529,0
TXN208325,CUST11988,2026-08-30,19,Online Retail,366.56,0,6.9,119,0
TXN208326,CUST11467,2026-07-01,13,Grocery,26.83,0,15.7,1035,0
TXN208327,CUST11899,2026-09-23,8,Grocery,38.1,0,5.4,184,0
TXN208328,CUST11153,2026-08-24,6,Online Retail,99.11,0,18.1,467,0
TXN208329,CUST11841,2026-07-22,20,Grocery,23.33,0,3.5,1484,0
TXN208330,CUST12429,2026-07-23,9,Grocery,25.93,0,10.7,13,0
TXN208331,CUST12199,2026-08-03,10,Electronics,157.88,0,32.8,447,0
TXN208332,CUST11255,2026-08-09,11,Electronics,119.22,0,17.5,5,0
TXN208333,CUST10362,2026-07-02,10,Grocery,76.68,0,5.9,5,0
TXN208334,CUST10804,2026-07-07,13,Fuel,21.54,0,3.8,177,0
TXN208335,CUST11339,2026-09-07,12,Online Retail,74.64,0,1.9,167,0
TXN208336,CUST11721,2026-09-22,11,ATM Withdrawal,139.9,0,9.4,77,0
TXN208337,CUST12466,2026-07-17,20,Electronics,160.28,0,4.2,219,0
TXN208338,CUST10207,2026-07-07,16,Online Retail,397.71,0,3.5,105,0
TXN208339,CUST10683,2026-09-11,7,Online Retail,78.83,0,3.1,718,0
TXN208340,CUST10930,2026-08-06,14,Electronics,738.17,0,7.3,202,0
TXN208341,CUST12495,2026-09-10,15,Electronics,659.96,0,1.0,55,0
TXN208342,CUST12053,2026-09-14,20,Dining,80.08,0,0.3,15,0
TXN208343,CUST11964,2026-07-13,2,Online Retail,177.4,0,2.0,27,0
TXN208344,CUST12441,2026-08-10,15,Electronics,509.55,0,0.1,73,0
TXN208345,CUST10137,2026-08-06,13,Online Retail,72.98,0,11.5,749,0
TXN208346,CUST10491,2026-09-23,7,Jewelry,449.08,0,1.1,344,0
TXN208347,CUST11494,2026-07-12,14,Jewelry,911.75,0,3.4,401,0
TXN208348,CUST11015,2026-07-31,16,Electronics,222.79,0,10.7,10,0
TXN208349,CUST12041,2026-08-25,14,Electronics,373.49,0,1.8,608,0
TXN208350,CUST12448,2026-08-11,16,Electronics,237.94,1,9.2,789,0
TXN208351,CUST10459,2026-08-11,12,Online Retail,327.7,1,0.9,2103,0
TXN208352,CUST10408,2026-08-04,11,Fuel,34.98,0,9.2,15,0
TXN208353,CUST11425,2026-07-28,16,Online Retail,137.67,0,2.5,92,0
TXN208354,CUST10444,2026-08-13,14,Electronics,215.81,0,5.4,23,0
TXN208355,CUST12425,2026-08-10,3,Electronics,405.09,0,18.4,250,0
TXN208356,CUST10848,2026-08-28,11,Online Retail,825.39,0,3.9,352,0
TXN208357,CUST10624,2026-08-17,18,Dining,66.92,0,1.9,101,0
TXN208358,CUST11891,2026-07-22,13,Travel,537.02,0,0.7,233,0
TXN208359,CUST10078,2026-07-02,14,Dining,89.82,0,2.0,860,0
TXN208360,CUST11119,2026-07-28,8,Electronics,294.27,0,0.1,225,0
TXN208361,CUST10171,2026-08-18,15,Jewelry,934.44,0,4.1,31,1
TXN208362,CUST10200,2026-07-03,19,Jewelry,945.37,0,4.0,225,0
TXN208363,CUST11664,2026-07-07,16,Dining,34.57,0,12.9,28,0
TXN208364,CUST11774,2026-09-14,7,Fuel,44.36,0,2.0,129,0
TXN208365,CUST10796,2026-08-28,19,Electronics,125.67,0,12.7,937,0
TXN208366,CUST11314,2026-09-13,9,Grocery,102.91,0,14.4,5,0
TXN208367,CUST12297,2026-07-04,17,Travel,678.79,0,25.8,285,0
TXN208368,CUST11797,2026-07-29,18,Grocery,16.93,1,2.3,752,0
TXN208369,CUST12261,2026-07-16,16,Fuel,84.87,0,8.2,453,0
TXN208370,CUST10503,2026-08-28,8,Electronics,756.89,0,7.5,140,0
TXN208371,CUST11438,2026-09-15,5,Electronics,739.19,0,4.5,133,0
TXN208372,CUST10221,2026-08-18,12,Online Retail,154.73,0,10.0,223,0
TXN208373,CUST11810,2026-07-09,7,Fuel,23.06,1,1.7,278,0
TXN208374,CUST10285,2026-08-20,15,Fuel,131.27,0,11.8,172,0
TXN208375,CUST11332,2026-07-20,23,Dining,115.22,0,4.7,779,0
TXN208376,CUST10269,2026-08-14,12,ATM Withdrawal,80.34,0,0.8,1138,0
TXN208377,CUST11177,2026-08-01,20,Travel,1290.2,0,0.1,328,0
TXN208378,CUST11440,2026-09-08,17,Travel,427.51,0,4.7,348,1
TXN208379,CUST10935,2026-09-03,5,ATM Withdrawal,355.69,0,7.8,179,0
TXN208380,CUST10281,2026-08-23,15,Dining,39.96,0,16.7,200,0
TXN208381,CUST10758,2026-09-13,5,Grocery,44.23,0,19.8,296,0
TXN208382,CUST12321,2026-07-17,19,Grocery,56.3,0,10.1,374,0
TXN208383,CUST10974,2026-07-15,8,Electronics,264.56,0,9.8,234,0
TXN208384,CUST11876,2026-08-23,11,Dining,46.93,0,2.7,618,0
TXN208385,CUST10185,2026-07-07,13,Grocery,96.23,0,6.5,441,0
TXN208386,CUST10949,2026-09-10,14,Dining,40.2,0,5.4,837,0
TXN208387,CUST10467,2026-07-30,16,Grocery,54.82,0,0.7,260,0
TXN208388,CUST11018,2026-07-25,14,Electronics,366.42,0,2.5,209,0
TXN208389,CUST11114,2026-07-28,11,Travel,689.39,0,18.5,153,0
TXN208390,CUST12498,2026-09-12,8,Online Retail,171.05,0,4.7,358,0
TXN208391,CUST11601,2026-08-25,10,Grocery,33.11,0,6.1,436,0
TXN208392,CUST12106,2026-09-10,4,Fuel,50.91,0,0.0,993,0
TXN208393,CUST12495,2026-09-17,15,Electronics,190.42,0,0.5,160,0
TXN208394,CUST10965,2026-07-05,7,Fuel,41.22,0,1.5,115,0
TXN208395,CUST10831,2026-09-14,7,Jewelry,1763.22,0,1.4,185,0
TXN208396,CUST12312,2026-08-15,10,Grocery,77.37,0,2.8,19,0
TXN208397,CUST10055,2026-08-26,16,Fuel,32.2,0,0.5,126,0
TXN208398,CUST11833,2026-09-05,11,Electronics,283.18,0,5.7,177,0
TXN208399,CUST11119,2026-08-22,19,Dining,77.32,0,15.2,846,0
TXN208400,CUST12378,2026-08-25,4,Grocery,23.6,0,20.5,1101,0
TXN208401,CUST12054,2026-07-23,13,Electronics,502.47,0,52.8,414,0
TXN208402,CUST11293,2026-09-11,11,Electronics,758.2,1,1.9,686,0
TXN208403,CUST10781,2026-07-25,15,Dining,83.86,1,28.5,377,0
TXN208404,CUST11534,2026-08-16,11,Grocery,100.42,0,1.7,88,0
TXN208405,CUST11467,2026-07-17,10,Online Retail,396.81,0,1.9,75,0
TXN208406,CUST11661,2026-08-03,23,Electronics,1022.91,0,11.0,571,0
TXN208407,CUST10456,2026-08-24,13,Dining,60.73,0,3.7,448,0
TXN208408,CUST12171,2026-07-05,5,Fuel,33.82,0,4.0,37,0
TXN208409,CUST10626,2026-08-20,9,Online Retail,330.75,0,6.0,2668,0
TXN208410,CUST11167,2026-07-13,11,Grocery,36.5,0,1.6,164,0
TXN208411,CUST11326,2026-08-23,8,Fuel,95.93,1,3.2,190,0
TXN208412,CUST11580,2026-09-18,15,Grocery,54.7,0,14.1,357,0
TXN208413,CUST10179,2026-07-11,9,Electronics,283.61,0,23.3,29,0
TXN208414,CUST11642,2026-09-05,21,Travel,487.3,0,0.7,61,0
TXN208415,CUST11933,2026-07-05,11,Online Retail,53.35,0,20.3,350,0
TXN208416,CUST11374,2026-08-12,15,Online Retail,98.63,1,6.2,566,1
TXN208417,CUST10372,2026-07-18,13,Electronics,97.94,0,1.1,314,0
TXN208418,CUST11569,2026-07-09,12,Grocery,38.42,0,13.3,291,0
TXN208419,CUST10807,2026-07-12,12,Online Retail,264.06,0,6.4,178,0
TXN208420,CUST10302,2026-06-29,9,Dining,41.03,0,0.3,21,0
TXN208421,CUST10657,2026-07-11,14,Dining,18.49,0,7.4,432,0
TXN208422,CUST12058,2026-08-28,18,Grocery,36.37,0,1.8,704,0
TXN208423,CUST11698,2026-07-31,9,Jewelry,1001.07,0,16.6,508,0
TXN208424,CUST10940,2026-09-19,16,Grocery,40.79,0,3.0,303,0
TXN208425,CUST10276,2026-09-06,8,Grocery,17.13,1,22.9,70,0
TXN208426,CUST10350,2026-08-15,13,Electronics,676.79,0,15.2,85,0
TXN208427,CUST11945,2026-09-03,18,Grocery,70.77,0,5.8,36,0
TXN208428,CUST11214,2026-09-06,5,Electronics,341.93,0,3.3,205,0
TXN208429,CUST11370,2026-08-02,21,Electronics,316.11,0,2.3,1097,0
TXN208430,CUST10911,2026-07-07,10,Electronics,410.55,0,8.3,757,0
TXN208431,CUST12106,2026-08-02,23,Jewelry,735.75,0,6.3,571,0
TXN208432,CUST12424,2026-09-09,16,ATM Withdrawal,180.88,0,1.2,412,0
TXN208433,CUST12014,2026-06-29,15,Grocery,46.76,0,11.9,590,0
TXN208434,CUST10670,2026-08-27,6,Electronics,939.0,0,25.0,549,0
TXN208435,CUST11702,2026-09-03,3,Dining,112.76,0,15.7,396,0
TXN208436,CUST11797,2026-09-23,19,Electronics,235.27,0,10.9,534,0
TXN208437,CUST10483,2026-09-20,13,Electronics,661.01,0,0.2,297,0
TXN208438,CUST10448,2026-08-11,22,Grocery,44.0,0,13.5,27,0
TXN208439,CUST11968,2026-09-17,15,Fuel,96.41,0,6.2,28,0
TXN208440,CUST11167,2026-08-15,12,Fuel,46.17,0,10.0,349,0
TXN208441,CUST10443,2026-09-16,10,Grocery,41.22,0,1.8,76,0
TXN208442,CUST10499,2026-09-22,21,Travel,595.3,0,18.7,735,0
TXN208443,CUST12377,2026-08-25,17,Dining,39.22,0,18.3,720,0
TXN208444,CUST11142,2026-07-30,12,Fuel,69.05,0,0.3,541,0
TXN208445,CUST12095,2026-09-21,13,Travel,406.22,0,1.9,58,0
TXN208446,CUST11764,2026-08-31,16,Dining,36.77,0,0.7,66,0
TXN208447,CUST10910,2026-09-15,3,Grocery,69.63,0,1.2,5,0
TXN208448,CUST12088,2026-09-11,23,Fuel,89.34,0,6.5,167,0
TXN208449,CUST11522,2026-09-04,15,Grocery,147.54,0,1.0,62,0
TXN208450,CUST11225,2026-09-22,21,Electronics,190.48,0,2.8,526,0
TXN208451,CUST11022,2026-09-18,10,Dining,42.43,0,0.6,110,0
TXN208452,CUST11005,2026-09-10,5,Grocery,27.37,0,3.0,48,0
TXN208453,CUST11397,2026-07-25,2,Grocery,53.62,0,9.7,312,0
TXN208454,CUST11833,2026-09-13,9,Online Retail,229.35,0,7.7,250,0
TXN208455,CUST12142,2026-09-06,12,Travel,399.27,0,8.1,109,0
TXN208456,CUST10371,2026-09-05,15,Electronics,422.11,0,0.2,477,0
TXN208457,CUST11435,2026-07-29,18,Electronics,612.56,0,13.7,283,0
TXN208458,CUST11537,2026-09-24,15,ATM Withdrawal,155.09,0,4.8,153,0
TXN208459,CUST11368,2026-07-21,22,Dining,55.76,0,1.1,385,0
TXN208460,CUST10259,2026-09-01,21,Dining,106.0,0,8.2,424,0
TXN208461,CUST10761,2026-09-09,11,Electronics,340.7,0,1.9,611,0
TXN208462,CUST11638,2026-08-26,23,Dining,87.21,0,6.7,319,0
TXN208463,CUST11418,2026-08-15,12,Grocery,129.01,0,0.7,354,0
TXN208464,CUST11571,2026-08-22,16,Fuel,64.68,0,3.1,207,0
TXN208465,CUST12443,2026-07-21,18,ATM Withdrawal,281.22,0,10.0,604,0
TXN208466,CUST10796,2026-07-29,14,Grocery,29.94,0,5.3,468,0
TXN208467,CUST10827,2026-07-13,11,Online Retail,79.95,0,0.5,70,0
TXN208468,CUST10023,2026-09-24,8,Grocery,18.66,0,5.1,1257,0
TXN208469,CUST11335,2026-07-10,19,ATM Withdrawal,248.51,0,0.0,1189,0
TXN208470,CUST10397,2026-07-07,9,Travel,218.27,0,1.0,632,0
TXN208471,CUST12316,2026-07-08,15,Online Retail,94.43,0,23.7,442,0
TXN208472,CUST12400,2026-09-17,11,Electronics,971.96,0,7.3,245,0
TXN208473,CUST10847,2026-08-13,19,Jewelry,2312.72,0,28.1,158,1
TXN208474,CUST10981,2026-09-04,15,Fuel,44.08,1,15.1,404,0
TXN208475,CUST10098,2026-09-10,8,ATM Withdrawal,755.26,0,0.4,146,0
TXN208476,CUST10254,2026-08-18,13,Fuel,28.98,0,12.8,1410,0
TXN208477,CUST10085,2026-09-24,0,Electronics,516.86,0,1.8,555,0
TXN208478,CUST10467,2026-09-10,19,Grocery,34.72,0,10.9,676,0
TXN208479,CUST10441,2026-07-11,23,Grocery,35.3,0,1.8,461,0
TXN208480,CUST11746,2026-08-12,15,Fuel,106.82,0,0.2,155,0
TXN208481,CUST10739,2026-09-26,13,Grocery,46.33,1,4.1,280,0
TXN208482,CUST11287,2026-09-22,18,Grocery,44.47,0,0.8,1193,0
TXN208483,CUST11852,2026-09-25,8,Dining,33.62,0,11.3,427,0
TXN208484,CUST10778,2026-09-11,10,Grocery,116.79,0,3.1,618,0
TXN208485,CUST10736,2026-07-26,17,Dining,68.33,0,3.7,65,0
TXN208486,CUST10871,2026-08-07,8,Grocery,56.42,0,1.2,1164,0
TXN208487,CUST12119,2026-09-13,1,ATM Withdrawal,175.3,0,3.6,204,0
TXN208488,CUST12407,2026-08-30,19,Grocery,23.0,0,14.6,131,0
TXN208489,CUST10570,2026-07-28,11,Dining,141.92,0,8.6,185,0
TXN208490,CUST10479,2026-09-04,8,Dining,20.27,0,6.4,324,0
TXN208491,CUST11570,2026-09-06,20,Online Retail,196.28,0,4.8,292,0
TXN208492,CUST10262,2026-07-02,13,Grocery,39.95,1,12.7,175,0
TXN208493,CUST10126,2026-08-13,20,Grocery,61.06,0,8.7,135,0
TXN208494,CUST11157,2026-09-02,15,Electronics,465.11,0,0.6,64,0
TXN208495,CUST10927,2026-07-28,11,Online Retail,173.3,0,21.4,665,0
TXN208496,CUST10985,2026-08-26,23,Fuel,68.18,0,10.9,256,0
TXN208497,CUST11459,2026-07-02,0,Grocery,31.0,0,1.3,826,0
TXN208498,CUST10000,2026-08-12,20,Electronics,467.82,0,2.2,106,0
TXN208499,CUST10976,2026-09-16,13,ATM Withdrawal,338.56,0,13.1,533,0
TXN208500,CUST10080,2026-06-30,20,Travel,298.52,0,4.7,427,0
TXN208501,CUST11487,2026-07-18,10,Electronics,77.91,0,27.3,30,0
TXN208502,CUST11888,2026-09-02,10,Travel,741.5,0,0.8,156,0
TXN208503,CUST10558,2026-09-07,13,Online Retail,246.52,0,1.0,243,0
TXN208504,CUST11777,2026-08-14,23,Grocery,36.14,0,14.0,417,0
TXN208505,CUST11225,2026-09-19,18,Dining,94.64,0,10.9,335,0
TXN208506,CUST11807,2026-07-13,11,Electronics,126.59,0,2.2,128,0
TXN208507,CUST11612,2026-09-23,9,Fuel,54.08,0,28.1,198,0
TXN208508,CUST11173,2026-08-12,21,Dining,116.64,1,22.1,281,0
TXN208509,CUST12214,2026-09-23,19,Grocery,33.57,0,5.4,527,0
TXN208510,CUST12191,2026-07-17,12,Travel,536.25,0,0.0,2533,0
TXN208511,CUST11412,2026-08-06,13,Dining,90.2,0,19.3,176,0
TXN208512,CUST11111,2026-07-03,21,Dining,35.89,0,3.5,317,0
TXN208513,CUST11376,2026-07-05,2,Grocery,11.09,0,6.5,796,0
TXN208514,CUST10813,2026-09-24,18,ATM Withdrawal,90.63,0,8.4,182,0
TXN208515,CUST11223,2026-09-22,8,Jewelry,1966.06,0,19.5,552,0
TXN208516,CUST12186,2026-08-01,15,Grocery,41.77,0,3.0,233,0
TXN208517,CUST10740,2026-09-25,19,Grocery,93.1,0,4.4,397,0
TXN208518,CUST10164,2026-09-12,4,Online Retail,78.6,0,7.3,543,0
TXN208519,CUST12493,2026-07-26,21,Grocery,42.02,0,14.4,526,0
TXN208520,CUST11036,2026-08-02,23,Online Retail,70.92,0,19.4,431,0
TXN208521,CUST11682,2026-08-17,9,Online Retail,72.44,0,13.6,107,0
TXN208522,CUST10396,2026-07-16,12,Dining,16.77,0,5.6,5,0
TXN208523,CUST11656,2026-09-03,13,Online Retail,224.54,0,11.2,382,0
TXN208524,CUST11400,2026-09-10,17,Travel,208.87,0,7.7,52,0
TXN208525,CUST11672,2026-07-22,19,Online Retail,146.33,0,39.2,868,0
TXN208526,CUST10665,2026-09-12,13,Fuel,116.22,0,10.2,735,0
TXN208527,CUST10822,2026-07-24,16,Online Retail,230.66,0,17.8,96,0
TXN208528,CUST10488,2026-08-15,12,Electronics,548.22,0,8.0,165,0
TXN208529,CUST10457,2026-08-22,17,Grocery,49.83,0,1.7,326,0
TXN208530,CUST12052,2026-07-03,7,Dining,42.7,0,6.2,125,0
TXN208531,CUST12227,2026-08-27,15,Dining,40.16,0,5.8,442,0
TXN208532,CUST11665,2026-08-31,21,Online Retail,172.57,0,2.8,524,0
TXN208533,CUST10585,2026-08-09,17,Fuel,185.87,0,0.7,423,0
TXN208534,CUST11562,2026-08-18,19,Online Retail,264.09,0,0.6,817,0
TXN208535,CUST11319,2026-08-09,11,Fuel,16.67,0,11.3,8,0
TXN208536,CUST10563,2026-07-30,10,Online Retail,212.44,0,16.6,152,0
TXN208537,CUST11318,2026-09-04,15,Online Retail,47.98,0,1.0,216,0
TXN208538,CUST10216,2026-08-19,10,Electronics,406.39,1,6.4,690,0
TXN208539,CUST10493,2026-08-20,6,ATM Withdrawal,612.99,0,17.2,429,0
TXN208540,CUST12165,2026-07-15,18,Grocery,41.26,0,4.4,150,0
TXN208541,CUST12311,2026-08-10,15,Dining,49.26,0,6.3,42,0
TXN208542,CUST10246,2026-07-08,10,ATM Withdrawal,406.07,0,2.7,681,0
TXN208543,CUST10250,2026-08-25,16,Online Retail,63.0,0,0.1,336,0
TXN208544,CUST10359,2026-07-22,22,Dining,31.9,1,0.3,164,0
TXN208545,CUST10671,2026-07-03,12,Grocery,104.85,0,16.6,60,0
TXN208546,CUST11071,2026-09-24,12,Electronics,302.12,0,17.7,82,0
TXN208547,CUST11221,2026-08-03,20,Travel,558.94,0,7.6,201,0
TXN208548,CUST10476,2026-07-28,4,Fuel,35.17,0,29.1,909,0
TXN208549,CUST11493,2026-08-06,14,Fuel,55.97,0,2.5,968,0
TXN208550,CUST11437,2026-09-13,11,Grocery,128.78,0,22.0,31,0
TXN208551,CUST10999,2026-07-14,5,Dining,9.51,1,1.5,46,0
TXN208552,CUST11374,2026-09-18,18,Jewelry,449.02,0,5.9,793,0
TXN208553,CUST10143,2026-07-29,12,Electronics,664.28,0,9.2,20,0
TXN208554,CUST12075,2026-08-24,17,Online Retail,116.48,0,4.2,379,0
TXN208555,CUST11434,2026-08-16,17,Travel,567.5,0,0.3,23,0
TXN208556,CUST11009,2026-09-18,16,Electronics,526.25,1,5.3,557,0
TXN208557,CUST11228,2026-07-27,10,Fuel,47.58,0,4.1,318,0
TXN208558,CUST11776,2026-07-27,13,Electronics,366.63,0,0.6,117,0
TXN208559,CUST10106,2026-07-10,13,Dining,58.53,0,0.5,638,0
TXN208560,CUST10817,2026-08-24,17,Online Retail,160.14,0,29.0,33,0
TXN208561,CUST11690,2026-08-14,13,Online Retail,103.12,0,10.0,122,0
TXN208562,CUST10343,2026-07-11,16,Grocery,52.92,1,6.9,284,0
TXN208563,CUST10657,2026-09-06,11,Grocery,18.37,0,16.5,250,0
TXN208564,CUST12142,2026-09-16,18,Dining,86.76,0,3.4,938,0
TXN208565,CUST12088,2026-06-30,11,Dining,84.04,0,18.1,83,0
TXN208566,CUST12187,2026-07-20,5,Travel,2218.91,0,2.6,157,1
TXN208567,CUST10844,2026-07-26,12,Fuel,291.8,1,10.1,918,0
TXN208568,CUST10923,2026-07-14,14,ATM Withdrawal,303.76,0,1.4,1968,0
TXN208569,CUST11200,2026-08-14,14,ATM Withdrawal,87.13,0,16.5,370,0
TXN208570,CUST12141,2026-09-23,5,Grocery,26.94,0,8.6,1067,0
TXN208571,CUST12365,2026-07-27,16,Online Retail,139.25,0,4.1,658,0
TXN208572,CUST10555,2026-08-24,14,Electronics,166.19,0,20.6,2448,0
TXN208573,CUST12429,2026-08-22,13,Fuel,117.75,0,12.9,325,0
TXN208574,CUST11686,2026-08-21,18,ATM Withdrawal,125.81,0,7.5,227,0
TXN208575,CUST11078,2026-08-05,14,Dining,44.86,1,8.5,505,0
TXN208576,CUST10357,2026-07-15,7,Jewelry,2718.46,0,3.2,622,1
TXN208577,CUST10925,2026-08-03,6,Electronics,264.8,0,1.3,1861,0
TXN208578,CUST11881,2026-08-12,18,Grocery,95.69,0,2.5,71,0
TXN208579,CUST10840,2026-07-22,4,Electronics,523.58,0,23.1,26,0
TXN208580,CUST10556,2026-08-17,19,Electronics,237.94,0,3.2,120,0
TXN208581,CUST11312,2026-07-19,8,Travel,1321.95,0,1.7,129,0
TXN208582,CUST10986,2026-08-26,9,Grocery,72.35,0,3.8,21,0
TXN208583,CUST10935,2026-07-19,17,Jewelry,656.83,0,10.7,637,0
TXN208584,CUST12354,2026-07-10,10,Grocery,95.27,0,2.0,628,0
TXN208585,CUST10346,2026-07-24,7,Dining,93.11,0,37.9,375,0
TXN208586,CUST12095,2026-08-07,11,Travel,363.14,0,0.1,55,0
TXN208587,CUST12286,2026-09-14,9,Online Retail,71.57,0,2.8,793,0
TXN208588,CUST12251,2026-07-02,15,Dining,62.03,0,6.6,163,0
TXN208589,CUST10477,2026-08-22,8,Dining,108.36,0,2.4,399,0
TXN208590,CUST11270,2026-07-15,12,Online Retail,118.54,0,8.8,24,0
TXN208591,CUST10008,2026-07-15,9,Online Retail,134.6,0,3.4,975,0
TXN208592,CUST12048,2026-09-16,7,Fuel,39.34,0,8.3,172,0
TXN208593,CUST10827,2026-07-22,9,Dining,47.37,0,2.4,311,0
TXN208594,CUST11725,2026-09-07,20,Online Retail,93.18,0,14.8,150,0
TXN208595,CUST10399,2026-08-16,13,Dining,96.96,0,1.3,277,0
TXN208596,CUST12371,2026-07-06,7,Grocery,10.66,0,3.9,151,0
TXN208597,CUST10347,2026-07-26,9,Electronics,1157.59,0,25.4,1417,0
TXN208598,CUST12353,2026-07-25,16,Dining,39.71,1,7.4,966,0
TXN208599,CUST11729,2026-07-22,16,Online Retail,129.0,0,2.0,482,0
TXN208600,CUST11814,2026-08-10,14,Electronics,252.99,0,6.6,1084,0
TXN208601,CUST10880,2026-08-26,11,Online Retail,92.5,0,1.2,928,0
TXN208602,CUST11423,2026-07-02,15,Online Retail,226.73,0,5.8,235,0
TXN208603,CUST12394,2026-08-26,11,Grocery,24.89,0,5.2,534,0
TXN208604,CUST11953,2026-09-03,19,Jewelry,979.33,0,5.2,217,0
TXN208605,CUST10721,2026-09-03,14,Dining,105.21,0,1.1,978,0
TXN208606,CUST10023,2026-06-30,16,Dining,52.34,0,4.8,93,0
TXN208607,CUST12366,2026-08-14,18,Dining,36.86,0,3.0,284,0
TXN208608,CUST11708,2026-07-14,13,Dining,113.41,0,2.6,333,0
TXN208609,CUST10394,2026-09-03,15,Online Retail,180.02,0,7.0,231,0
TXN208610,CUST12179,2026-09-12,11,Travel,652.92,0,4.3,200,0
TXN208611,CUST10243,2026-08-14,23,Travel,360.04,0,12.6,53,0
TXN208612,CUST10227,2026-08-09,16,Travel,564.01,0,6.0,9,0
TXN208613,CUST10176,2026-07-14,13,Dining,66.68,0,1.8,297,0
TXN208614,CUST12010,2026-09-02,20,Jewelry,1178.64,0,1.4,759,0
TXN208615,CUST12460,2026-08-26,12,Travel,1505.82,0,0.8,423,0
TXN208616,CUST12062,2026-08-19,16,Grocery,43.91,0,8.4,585,0
TXN208617,CUST11909,2026-07-13,13,Online Retail,90.79,0,31.6,401,0
TXN208618,CUST10072,2026-07-17,13,Dining,39.27,0,14.0,278,0
TXN208619,CUST12090,2026-08-29,16,Travel,1092.75,0,6.2,297,0
TXN208620,CUST11928,2026-08-28,13,Online Retail,271.15,0,5.0,494,0
TXN208621,CUST11620,2026-07-25,5,ATM Withdrawal,155.69,0,16.6,614,0
TXN208622,CUST12311,2026-09-06,11,Fuel,69.43,0,16.8,826,0
TXN208623,CUST11575,2026-07-03,8,Electronics,192.92,0,1.6,207,0
TXN208624,CUST11304,2026-09-13,12,Dining,97.55,0,6.4,86,0
TXN208625,CUST10674,2026-09-19,13,Online Retail,193.69,0,3.2,191,0
TXN208626,CUST10298,2026-09-03,14,Grocery,43.13,0,5.1,546,0
TXN208627,CUST10881,2026-06-30,23,Dining,35.46,1,3.3,11,0
TXN208628,CUST10494,2026-08-26,11,Online Retail,123.76,1,0.0,531,0
TXN208629,CUST10003,2026-07-19,16,Dining,63.2,0,6.7,361,0
TXN208630,CUST10930,2026-08-23,10,Fuel,45.49,0,3.3,449,0
TXN208631,CUST10041,2026-08-17,14,Jewelry,369.74,0,15.2,121,0
TXN208632,CUST12245,2026-07-23,10,Dining,21.97,0,9.6,5,0
TXN208633,CUST11385,2026-09-23,13,Fuel,54.26,0,3.0,34,0
TXN208634,CUST11407,2026-08-13,7,Grocery,19.99,0,1.4,110,0
TXN208635,CUST11699,2026-07-24,6,Online Retail,197.59,0,13.9,637,0
TXN208636,CUST10648,2026-08-16,17,Dining,81.84,0,1.7,231,0
TXN208637,CUST11557,2026-09-19,11,Electronics,955.82,0,3.4,263,0
TXN208638,CUST12380,2026-08-17,23,Online Retail,49.42,1,7.4,813,0
TXN208639,CUST12108,2026-08-26,13,Electronics,271.01,1,6.8,163,0
TXN208640,CUST11747,2026-09-01,8,Grocery,45.99,0,6.4,12,0
TXN208641,CUST10111,2026-08-23,11,Grocery,36.69,0,7.5,148,0
TXN208642,CUST11510,2026-09-05,23,Travel,343.08,0,18.3,342,0
TXN208643,CUST12423,2026-08-05,11,Travel,365.62,0,15.9,309,0
TXN208644,CUST10983,2026-07-18,23,Grocery,21.55,0,3.0,92,0
TXN208645,CUST10895,2026-08-05,8,Dining,165.13,0,23.9,746,0
TXN208646,CUST10961,2026-07-21,13,Dining,31.27,0,0.3,451,0
TXN208647,CUST10381,2026-08-24,8,Grocery,48.11,0,11.2,457,0
TXN208648,CUST12379,2026-07-10,14,Dining,40.89,0,4.8,291,0
TXN208649,CUST11084,2026-07-25,16,Grocery,21.99,0,1.6,187,0
TXN208650,CUST10973,2026-07-21,23,Dining,124.58,0,2.7,421,0
TXN208651,CUST10226,2026-09-05,23,Fuel,43.42,0,23.1,250,0
TXN208652,CUST10362,2026-08-14,16,Fuel,64.66,0,5.9,738,0
TXN208653,CUST12205,2026-08-25,10,Grocery,17.15,0,4.7,431,0
TXN208654,CUST10639,2026-07-31,15,Fuel,105.23,0,3.6,226,0
TXN208655,CUST11555,2026-08-05,13,Grocery,55.23,1,11.3,15,0
TXN208656,CUST12118,2026-08-22,17,Electronics,516.09,0,3.8,257,0
TXN208657,CUST10990,2026-08-18,13,Online Retail,170.57,0,6.4,149,0
TXN208658,CUST12066,2026-09-09,0,Online Retail,230.56,0,2.0,311,0
TXN208659,CUST10142,2026-08-07,13,Grocery,47.29,0,1.6,424,0
TXN208660,CUST10058,2026-08-01,7,Dining,90.21,0,1.4,47,0
TXN208661,CUST11573,2026-07-19,11,Travel,422.44,0,3.5,49,0
TXN208662,CUST10370,2026-07-18,10,Electronics,275.31,0,17.6,85,0
TXN208663,CUST10300,2026-08-29,11,Dining,62.86,0,1.1,138,0
TXN208664,CUST12461,2026-09-14,13,ATM Withdrawal,98.03,0,5.0,399,0
TXN208665,CUST10910,2026-08-26,10,Grocery,10.08,0,5.6,835,0
TXN208666,CUST12149,2026-08-01,13,Grocery,10.71,0,1.8,23,0
TXN208667,CUST11759,2026-06-30,18,Grocery,49.52,1,3.5,178,0
TXN208668,CUST11852,2026-09-26,12,Grocery,62.7,0,3.5,2192,0
TXN208669,CUST11539,2026-09-23,18,Dining,66.1,0,11.6,340,0
TXN208670,CUST11609,2026-08-23,17,Travel,489.48,0,7.5,163,0
TXN208671,CUST12343,2026-08-07,20,Electronics,191.63,0,10.4,353,0
TXN208672,CUST12383,2026-09-09,23,ATM Withdrawal,437.04,1,15.1,5,0
TXN208673,CUST11216,2026-09-20,18,Travel,601.86,0,28.9,87,0
TXN208674,CUST11631,2026-08-13,13,Dining,13.96,0,5.8,109,0
TXN208675,CUST10511,2026-09-07,14,Electronics,234.31,0,7.9,67,0
TXN208676,CUST10430,2026-07-10,9,Travel,133.49,0,0.5,666,0
TXN208677,CUST10983,2026-08-07,12,Grocery,80.83,0,7.0,158,0
TXN208678,CUST10337,2026-08-13,19,Fuel,132.22,0,35.7,143,0
TXN208679,CUST12275,2026-07-04,22,Jewelry,788.91,0,0.4,629,0
TXN208680,CUST11245,2026-07-31,18,Electronics,145.5,0,8.1,135,0
TXN208681,CUST10105,2026-07-25,14,Fuel,35.95,0,5.9,823,0
TXN208682,CUST10039,2026-07-22,17,ATM Withdrawal,93.31,0,19.0,120,0
TXN208683,CUST12080,2026-06-30,8,Dining,53.87,0,14.7,89,0
TXN208684,CUST10789,2026-06-30,23,ATM Withdrawal,691.24,0,8.1,527,0
TXN208685,CUST10889,2026-09-25,12,Electronics,321.25,0,1.9,50,0
TXN208686,CUST11767,2026-09-05,13,Online Retail,79.72,0,4.0,58,0
TXN208687,CUST11218,2026-07-23,10,ATM Withdrawal,285.41,0,12.7,238,0
TXN208688,CUST10600,2026-07-18,9,Grocery,45.55,0,1.2,303,0
TXN208689,CUST12165,2026-07-22,21,Electronics,1265.03,0,7.9,139,0
TXN208690,CUST11410,2026-08-25,21,Travel,244.24,0,24.7,131,0
TXN208691,CUST12391,2026-08-07,10,Travel,410.51,0,9.1,568,0
TXN208692,CUST11521,2026-07-12,16,Travel,2102.72,0,17.6,1176,0
TXN208693,CUST12279,2026-07-19,21,Fuel,66.25,0,9.0,1531,0
TXN208694,CUST10418,2026-07-25,3,ATM Withdrawal,199.56,0,0.5,460,0
TXN208695,CUST12097,2026-07-03,3,Dining,43.01,0,0.7,5,0
TXN208696,CUST12357,2026-07-13,17,Dining,58.07,0,5.0,625,0
TXN208697,CUST10737,2026-09-02,13,Grocery,52.87,0,5.0,397,0
TXN208698,CUST12474,2026-07-23,20,ATM Withdrawal,263.06,0,5.7,673,0
TXN208699,CUST12287,2026-09-21,21,Jewelry,701.13,0,5.3,173,0
TXN208700,CUST12038,2026-09-21,9,Grocery,43.84,0,4.0,656,0
TXN208701,CUST11419,2026-09-24,13,Fuel,31.29,0,4.6,26,0
TXN208702,CUST12152,2026-07-07,15,Dining,34.67,0,12.8,116,0
TXN208703,CUST12476,2026-09-15,9,Online Retail,137.01,1,11.0,42,0
TXN208704,CUST11027,2026-09-16,18,Electronics,245.58,0,3.7,152,0
TXN208705,CUST11640,2026-08-29,17,Grocery,37.47,0,0.2,101,0
TXN208706,CUST10353,2026-08-20,14,Electronics,668.57,0,6.2,1696,0
TXN208707,CUST12219,2026-08-16,15,ATM Withdrawal,137.52,0,1.7,117,0
TXN208708,CUST11317,2026-06-29,9,Fuel,65.42,0,9.8,424,0
TXN208709,CUST11995,2026-08-06,20,Fuel,47.11,0,14.4,253,0
TXN208710,CUST12422,2026-09-07,21,Online Retail,178.57,0,5.5,343,0
TXN208711,CUST11417,2026-08-11,22,Grocery,74.02,0,5.6,34,0
TXN208712,CUST10638,2026-07-02,14,Grocery,80.22,0,2.4,15,0
TXN208713,CUST11426,2026-09-19,11,Electronics,139.79,0,2.0,186,0
TXN208714,CUST11853,2026-07-16,16,Grocery,79.2,0,1.4,118,0
TXN208715,CUST10527,2026-08-24,16,Grocery,24.65,0,6.1,54,0
TXN208716,CUST11823,2026-07-18,15,ATM Withdrawal,177.03,0,22.0,488,0
TXN208717,CUST11707,2026-09-19,1,Travel,51.74,0,17.8,1591,0
TXN208718,CUST12462,2026-08-05,16,Travel,197.58,0,7.6,28,0
TXN208719,CUST11647,2026-09-20,16,Fuel,51.67,0,0.8,949,0
TXN208720,CUST12164,2026-07-08,19,Travel,376.59,0,1.8,141,0
TXN208721,CUST10701,2026-09-11,1,Dining,23.34,0,8.1,175,0
TXN208722,CUST10641,2026-09-13,20,Online Retail,93.79,0,1.4,590,0
TXN208723,CUST10290,2026-07-14,7,Online Retail,131.65,0,1.5,174,0
TXN208724,CUST10961,2026-08-29,15,Dining,15.11,0,14.0,920,0
TXN208725,CUST11607,2026-09-02,15,Electronics,449.1,0,2.5,925,0
TXN208726,CUST10794,2026-08-01,17,Fuel,27.11,0,7.0,23,0
TXN208727,CUST11144,2026-07-19,14,Dining,41.93,0,1.3,259,0
TXN208728,CUST10448,2026-09-01,15,Travel,658.16,0,2.3,281,0
TXN208729,CUST12216,2026-07-26,15,Online Retail,210.79,0,1.1,719,0
TXN208730,CUST10603,2026-08-03,21,Online Retail,202.34,0,10.9,21,0
TXN208731,CUST11761,2026-08-03,8,Fuel,92.29,0,5.2,256,0
TXN208732,CUST11306,2026-09-01,11,Travel,1112.18,0,2.2,151,0
TXN208733,CUST11422,2026-07-29,12,Dining,59.09,0,0.9,730,0
TXN208734,CUST12316,2026-08-06,18,Online Retail,315.34,0,3.8,215,0
TXN208735,CUST11189,2026-08-08,14,Online Retail,158.64,0,0.8,245,0
TXN208736,CUST12403,2026-07-15,7,Dining,37.65,0,11.6,284,0
TXN208737,CUST11802,2026-09-20,5,Electronics,341.32,0,1.6,69,0
TXN208738,CUST11816,2026-08-10,10,Dining,54.38,0,6.9,80,0
TXN208739,CUST10181,2026-08-09,0,Grocery,58.53,0,2.0,154,0
TXN208740,CUST10507,2026-09-08,13,Fuel,231.81,0,3.5,5,0
TXN208741,CUST10746,2026-07-19,13,Fuel,47.33,0,5.9,327,0
TXN208742,CUST11639,2026-07-02,14,Travel,174.37,0,5.4,212,0
TXN208743,CUST11563,2026-07-27,21,Online Retail,300.6,0,2.9,78,0
TXN208744,CUST11157,2026-07-08,10,Online Retail,151.26,0,2.6,6,0
TXN208745,CUST12498,2026-09-07,12,Electronics,1104.57,0,1.0,92,0
TXN208746,CUST12007,2026-07-18,17,Dining,87.07,0,3.2,56,0
TXN208747,CUST11301,2026-07-15,10,Grocery,19.24,0,7.8,247,0
TXN208748,CUST12234,2026-08-10,11,Grocery,26.79,0,8.1,416,0
TXN208749,CUST11319,2026-07-20,12,Fuel,27.47,0,2.7,288,0
TXN208750,CUST11587,2026-09-03,16,Electronics,302.83,0,27.8,743,0
TXN208751,CUST11220,2026-08-15,23,ATM Withdrawal,267.14,0,3.8,192,0
TXN208752,CUST11450,2026-07-04,14,Dining,26.8,0,0.6,20,0
TXN208753,CUST11016,2026-08-06,11,Travel,479.73,0,18.6,324,0
TXN208754,CUST11603,2026-09-07,13,Jewelry,1182.16,0,16.4,796,0
TXN208755,CUST11318,2026-09-15,14,Travel,73.86,0,28.1,566,0
TXN208756,CUST10007,2026-09-10,8,Electronics,211.1,0,5.0,867,0
TXN208757,CUST12489,2026-09-05,20,Dining,265.16,0,3.4,706,0
TXN208758,CUST10272,2026-07-08,17,Grocery,19.14,0,10.7,27,0
TXN208759,CUST10611,2026-08-02,18,Fuel,33.37,0,5.8,1140,0
TXN208760,CUST10574,2026-08-20,11,Grocery,25.66,0,1.5,453,0
TXN208761,CUST11440,2026-09-15,14,Electronics,550.48,0,0.1,436,0
TXN208762,CUST12425,2026-07-17,14,ATM Withdrawal,63.62,0,14.1,23,0
TXN208763,CUST12204,2026-08-09,11,Travel,1235.34,0,6.9,567,0
TXN208764,CUST10079,2026-08-05,17,Online Retail,288.18,0,9.0,207,0
TXN208765,CUST10769,2026-08-27,10,Grocery,65.16,0,9.4,627,0
TXN208766,CUST11736,2026-09-03,22,Dining,141.47,0,20.8,633,0
TXN208767,CUST11070,2026-09-14,17,Fuel,81.78,0,10.2,144,0
TXN208768,CUST10902,2026-08-22,15,Dining,56.43,0,7.9,340,0
TXN208769,CUST11767,2026-07-23,23,Online Retail,126.7,0,14.9,144,0
TXN208770,CUST10000,2026-07-01,7,Grocery,84.74,0,10.9,510,0
TXN208771,CUST10957,2026-09-18,11,Electronics,760.85,0,2.8,866,0
TXN208772,CUST11570,2026-09-24,20,Dining,55.99,0,15.8,213,0
TXN208773,CUST10412,2026-07-03,7,Online Retail,83.32,0,17.1,170,0
TXN208774,CUST10169,2026-08-22,20,Jewelry,1070.84,0,40.3,333,1
TXN208775,CUST11131,2026-06-29,17,Online Retail,366.26,0,22.0,174,0
TXN208776,CUST10199,2026-07-01,23,Online Retail,243.65,0,2.0,162,0
TXN208777,CUST10590,2026-09-17,19,Electronics,485.68,0,12.7,60,0
TXN208778,CUST11383,2026-07-18,13,Jewelry,320.18,0,16.6,746,0
TXN208779,CUST11297,2026-07-31,20,Grocery,19.95,0,15.2,443,0
TXN208780,CUST11858,2026-07-22,8,Online Retail,93.42,0,11.0,72,0
TXN208781,CUST10113,2026-08-06,12,Grocery,16.92,0,4.5,28,0
TXN208782,CUST10927,2026-08-21,19,Travel,380.09,0,0.8,153,0
TXN208783,CUST10845,2026-08-17,14,Electronics,220.01,0,2.3,74,0
TXN208784,CUST11987,2026-09-04,2,Grocery,24.07,0,1.4,1070,0
TXN208785,CUST12062,2026-07-03,20,Online Retail,165.09,0,1.2,210,0
TXN208786,CUST12330,2026-07-27,12,Online Retail,68.59,0,6.0,533,0
TXN208787,CUST11275,2026-07-12,16,Electronics,177.44,0,32.5,345,0
TXN208788,CUST11222,2026-09-25,22,Fuel,36.84,0,41.2,93,0
TXN208789,CUST12456,2026-07-23,15,Jewelry,1116.35,1,2.6,165,0
TXN208790,CUST12180,2026-07-12,20,Online Retail,118.28,0,2.2,67,0
TXN208791,CUST11569,2026-07-19,15,Travel,430.76,0,18.3,1002,0
TXN208792,CUST10867,2026-07-06,6,Grocery,65.34,0,5.4,355,0
TXN208793,CUST10650,2026-08-16,19,Grocery,46.19,0,4.5,72,0
TXN208794,CUST10924,2026-09-06,16,Grocery,53.18,0,2.3,1016,0
TXN208795,CUST10303,2026-07-23,19,Dining,76.46,0,4.0,322,0
TXN208796,CUST10260,2026-07-27,13,Fuel,28.09,0,11.3,167,0
TXN208797,CUST11491,2026-09-05,11,Electronics,367.03,0,5.8,214,0
TXN208798,CUST10687,2026-09-21,18,Fuel,95.47,0,4.9,141,0
TXN208799,CUST10678,2026-09-04,1,Fuel,30.54,0,1.7,95,0
TXN208800,CUST12442,2026-08-24,23,Online Retail,106.91,0,1.5,166,0
TXN208801,CUST11090,2026-07-14,7,Travel,554.61,0,12.3,768,0
TXN208802,CUST10387,2026-08-12,17,Electronics,333.58,0,6.5,1722,0
TXN208803,CUST12308,2026-06-29,16,Dining,71.44,0,15.7,1235,0
TXN208804,CUST11827,2026-08-02,17,Grocery,66.41,0,1.8,449,0
TXN208805,CUST11032,2026-09-11,23,Fuel,16.19,0,2.4,1084,0
TXN208806,CUST10051,2026-09-07,11,Grocery,48.4,0,14.8,104,0
TXN208807,CUST11062,2026-07-04,19,Fuel,92.2,1,2.1,36,0
TXN208808,CUST10765,2026-07-04,15,Travel,343.09,1,16.5,1256,0
TXN208809,CUST11643,2026-07-01,16,Grocery,16.07,0,2.8,751,0
TXN208810,CUST12270,2026-07-26,21,Dining,98.02,0,1.0,378,0
TXN208811,CUST10415,2026-08-20,13,Dining,45.56,0,6.3,106,0
TXN208812,CUST12031,2026-07-08,11,Grocery,23.13,0,20.2,317,0
TXN208813,CUST10884,2026-07-20,10,Electronics,414.11,0,5.9,637,0
TXN208814,CUST11319,2026-07-07,13,Travel,439.25,0,3.0,2280,0
TXN208815,CUST10960,2026-09-24,6,Electronics,843.57,0,0.1,754,0
TXN208816,CUST10830,2026-08-17,6,Online Retail,109.87,0,0.9,1132,0
TXN208817,CUST11378,2026-08-22,15,Grocery,29.0,0,5.9,1551,0
TXN208818,CUST12380,2026-08-18,17,Grocery,25.23,1,15.9,175,0
TXN208819,CUST10654,2026-08-03,14,Grocery,61.88,0,1.0,88,0
TXN208820,CUST11694,2026-09-10,13,Electronics,256.78,0,19.7,723,0
TXN208821,CUST10983,2026-07-15,8,Fuel,114.8,0,1.0,864,0
TXN208822,CUST10060,2026-08-14,15,Grocery,102.96,0,5.6,331,0
TXN208823,CUST10721,2026-08-17,14,Jewelry,2458.36,0,13.1,65,1
TXN208824,CUST11041,2026-08-01,22,Electronics,710.43,0,29.5,360,0
TXN208825,CUST11569,2026-09-06,17,Grocery,34.19,0,8.6,38,0
TXN208826,CUST10272,2026-08-08,9,Travel,1346.58,0,12.0,156,0
TXN208827,CUST12216,2026-07-04,9,ATM Withdrawal,169.69,0,18.3,624,0
TXN208828,CUST12269,2026-08-20,13,Grocery,46.37,0,9.9,288,0
TXN208829,CUST11878,2026-09-23,19,Grocery,53.63,0,7.8,247,0
TXN208830,CUST10277,2026-09-14,8,ATM Withdrawal,382.01,0,2.7,501,0
TXN208831,CUST12429,2026-08-19,17,Jewelry,396.65,0,1.2,20,0
TXN208832,CUST12273,2026-07-16,6,Fuel,50.82,0,8.9,261,0
TXN208833,CUST10795,2026-06-30,5,Dining,57.81,0,3.1,322,0
TXN208834,CUST10165,2026-08-12,12,Dining,77.59,1,3.1,50,1
TXN208835,CUST11245,2026-08-01,8,Online Retail,49.76,0,4.4,288,0
TXN208836,CUST11224,2026-07-17,6,Dining,48.4,0,5.2,582,0
TXN208837,CUST12476,2026-08-04,16,Grocery,44.35,0,6.3,329,0
TXN208838,CUST12053,2026-08-08,3,Dining,80.55,0,6.9,510,0
TXN208839,CUST10273,2026-08-14,11,Dining,94.17,1,3.1,46,0
TXN208840,CUST12143,2026-09-13,16,Travel,840.04,0,17.0,76,0
TXN208841,CUST10849,2026-08-27,19,Grocery,104.08,0,3.2,136,0
TXN208842,CUST10713,2026-08-21,12,Grocery,21.64,0,9.2,169,0
TXN208843,CUST10847,2026-07-08,8,Online Retail,77.46,0,11.2,626,0
TXN208844,CUST10751,2026-07-06,16,Grocery,30.67,0,0.4,20,0
TXN208845,CUST11697,2026-09-11,8,Grocery,50.43,0,8.2,685,0
TXN208846,CUST11954,2026-07-04,23,Dining,82.28,0,10.5,476,0
TXN208847,CUST12071,2026-09-14,11,Electronics,880.22,0,4.7,76,1
TXN208848,CUST12203,2026-09-04,19,Jewelry,388.43,0,6.4,570,0
TXN208849,CUST10888,2026-07-23,23,Electronics,224.02,0,2.7,657,0
TXN208850,CUST10014,2026-08-03,18,Fuel,33.08,0,39.0,175,0
TXN208851,CUST11546,2026-08-01,20,Online Retail,97.42,0,0.2,187,0
TXN208852,CUST11841,2026-09-10,9,Fuel,21.27,0,5.3,7,0
TXN208853,CUST11118,2026-09-20,18,Online Retail,71.8,0,4.7,1431,0
TXN208854,CUST10144,2026-09-11,15,Online Retail,379.9,0,23.8,507,0
TXN208855,CUST10924,2026-09-20,20,Dining,103.77,0,1.0,338,0
TXN208856,CUST12308,2026-07-26,7,Electronics,473.0,0,3.7,623,0
TXN208857,CUST12214,2026-07-11,11,Dining,115.38,0,1.6,1091,0
TXN208858,CUST11135,2026-07-27,16,Online Retail,42.56,0,3.3,325,0
TXN208859,CUST10034,2026-09-13,18,Online Retail,177.48,0,20.8,61,0
TXN208860,CUST12302,2026-07-03,8,Fuel,132.96,0,0.3,1004,0
TXN208861,CUST10347,2026-08-10,9,Electronics,433.74,0,5.6,113,0
TXN208862,CUST12402,2026-09-04,11,Dining,32.34,0,44.5,228,0
TXN208863,CUST10374,2026-08-12,16,Dining,37.51,0,6.9,543,0
TXN208864,CUST10382,2026-09-11,11,Dining,23.88,0,2.6,637,0
TXN208865,CUST11153,2026-08-23,13,Travel,278.8,0,2.6,838,0
TXN208866,CUST12032,2026-07-13,23,Electronics,572.42,0,22.1,14,0
TXN208867,CUST12265,2026-09-22,19,Grocery,63.07,0,5.0,775,0
TXN208868,CUST10946,2026-08-03,12,Online Retail,73.2,0,6.8,774,0
TXN208869,CUST10711,2026-08-14,4,Online Retail,65.21,0,1.4,134,0
TXN208870,CUST12395,2026-07-05,23,Online Retail,175.04,0,5.0,299,0
TXN208871,CUST10598,2026-07-03,8,Fuel,19.95,0,12.1,1066,0
TXN208872,CUST11855,2026-07-01,11,Travel,651.96,0,1.3,62,0
TXN208873,CUST10748,2026-09-01,11,Grocery,79.95,0,28.1,1031,0
TXN208874,CUST10817,2026-07-31,12,Dining,33.75,0,12.7,139,0
TXN208875,CUST11336,2026-09-05,16,Grocery,45.56,0,15.1,584,0
TXN208876,CUST10326,2026-07-09,23,Grocery,13.98,0,0.3,35,0
TXN208877,CUST11898,2026-07-07,10,Online Retail,152.27,0,4.1,200,0
TXN208878,CUST11321,2026-09-26,14,Dining,54.65,0,5.1,319,0
TXN208879,CUST11605,2026-07-30,10,Travel,870.63,0,12.8,1460,0
TXN208880,CUST11707,2026-07-02,22,Online Retail,231.96,0,15.2,221,0
TXN208881,CUST11527,2026-08-03,16,Fuel,33.55,0,5.9,5,0
TXN208882,CUST11602,2026-09-08,19,Grocery,45.61,0,0.4,531,0
TXN208883,CUST10482,2026-08-01,14,Fuel,100.51,0,5.4,475,0
TXN208884,CUST11689,2026-06-29,20,Electronics,294.22,0,10.2,542,0
TXN208885,CUST11205,2026-08-09,10,Grocery,64.91,0,15.1,681,0
TXN208886,CUST10053,2026-07-06,16,Travel,582.98,1,0.6,509,0
TXN208887,CUST11880,2026-07-02,22,Electronics,355.06,0,6.2,342,0
TXN208888,CUST11759,2026-08-31,13,Dining,71.0,0,10.9,356,0
TXN208889,CUST11695,2026-07-01,10,Grocery,57.44,0,3.1,141,0
TXN208890,CUST12343,2026-07-10,9,Fuel,28.11,0,9.3,87,0
TXN208891,CUST10415,2026-09-15,11,Travel,491.76,0,15.8,1001,0
TXN208892,CUST12443,2026-09-09,23,Dining,92.91,0,4.5,73,0
TXN208893,CUST11911,2026-09-20,16,Grocery,32.49,0,14.2,291,0
TXN208894,CUST11474,2026-08-09,7,Grocery,41.16,0,1.0,68,0
TXN208895,CUST11999,2026-08-05,10,Electronics,422.7,0,12.0,165,0
TXN208896,CUST10499,2026-08-12,14,Electronics,264.89,0,0.3,447,0
TXN208897,CUST12018,2026-07-28,18,Dining,58.58,0,15.1,1404,0
TXN208898,CUST11847,2026-06-30,13,Electronics,241.52,0,0.3,1024,0
TXN208899,CUST11285,2026-09-22,7,Dining,42.22,0,5.7,475,0
TXN208900,CUST12027,2026-08-02,9,Grocery,63.61,0,4.6,59,0
TXN208901,CUST11257,2026-07-16,12,Electronics,417.65,0,10.8,331,0
TXN208902,CUST11117,2026-07-02,7,Online Retail,141.72,1,5.7,2055,0
TXN208903,CUST11981,2026-09-09,19,Grocery,57.17,0,15.8,198,0
TXN208904,CUST10150,2026-08-15,23,Online Retail,170.74,0,0.5,121,0
TXN208905,CUST11680,2026-09-22,17,Grocery,104.5,0,11.1,1643,0
TXN208906,CUST11854,2026-08-17,14,Grocery,48.36,0,3.4,238,0
TXN208907,CUST11064,2026-07-29,7,ATM Withdrawal,161.08,0,32.5,25,0
TXN208908,CUST10285,2026-09-14,18,Dining,179.63,0,1.5,101,0
TXN208909,CUST10948,2026-08-10,11,Online Retail,187.97,0,8.3,142,0
TXN208910,CUST11519,2026-09-03,7,Fuel,52.83,0,0.8,251,0
TXN208911,CUST10186,2026-08-18,21,ATM Withdrawal,108.65,0,5.6,119,0
TXN208912,CUST10773,2026-08-16,17,Electronics,341.92,0,36.4,157,0
TXN208913,CUST10680,2026-07-02,18,Online Retail,100.6,0,2.8,808,0
TXN208914,CUST11068,2026-09-11,12,Dining,77.65,0,12.1,52,0
TXN208915,CUST10193,2026-06-29,12,Grocery,51.79,0,11.1,7,0
TXN208916,CUST10790,2026-07-22,22,Grocery,135.12,1,0.6,84,0
TXN208917,CUST11646,2026-09-03,9,Online Retail,148.16,0,1.3,308,0
TXN208918,CUST10849,2026-07-22,5,Online Retail,100.67,0,6.2,512,0
TXN208919,CUST11193,2026-07-12,23,ATM Withdrawal,113.02,0,16.9,204,0
TXN208920,CUST10877,2026-09-14,20,Online Retail,152.5,0,28.6,338,0
TXN208921,CUST11677,2026-08-04,19,Grocery,31.37,0,2.5,244,0
TXN208922,CUST11307,2026-08-26,11,Dining,54.76,0,1.2,131,0
TXN208923,CUST10912,2026-08-30,12,Grocery,21.6,0,15.1,225,0
TXN208924,CUST10497,2026-08-05,12,Fuel,130.63,0,23.0,430,0
TXN208925,CUST12328,2026-09-21,13,Fuel,102.31,0,21.4,11,0
TXN208926,CUST10691,2026-09-26,13,Travel,506.7,0,3.8,678,0
TXN208927,CUST11413,2026-07-25,17,Fuel,30.36,0,26.7,468,0
TXN208928,CUST10164,2026-08-03,11,Grocery,117.77,0,14.8,798,0
TXN208929,CUST10099,2026-09-02,13,Grocery,21.87,0,3.4,105,0
TXN208930,CUST12076,2026-08-04,13,Fuel,109.15,0,22.1,680,0
TXN208931,CUST11130,2026-08-03,17,Jewelry,701.47,0,4.2,479,0
TXN208932,CUST10244,2026-07-31,11,Grocery,16.53,0,4.2,356,0
TXN208933,CUST12306,2026-07-15,8,Travel,124.96,0,7.2,458,0
TXN208934,CUST10931,2026-08-27,16,Online Retail,55.86,0,5.9,55,0
TXN208935,CUST12033,2026-07-31,15,Dining,107.08,0,1.3,775,0
TXN208936,CUST10640,2026-09-01,14,Electronics,113.61,0,18.8,1257,0
TXN208937,CUST10102,2026-07-21,18,ATM Withdrawal,368.04,0,1.2,448,0
TXN208938,CUST10124,2026-08-06,6,Dining,158.07,0,12.4,117,0
TXN208939,CUST11268,2026-07-31,16,Online Retail,56.58,0,5.3,413,0
TXN208940,CUST10077,2026-09-01,13,Jewelry,711.66,0,4.2,235,0
TXN208941,CUST10357,2026-08-29,6,ATM Withdrawal,273.46,0,0.5,983,0
TXN208942,CUST10382,2026-08-25,15,ATM Withdrawal,288.96,1,15.5,644,0
TXN208943,CUST11009,2026-08-31,16,Grocery,40.7,0,0.9,165,0
TXN208944,CUST11580,2026-07-16,13,Online Retail,141.91,0,8.6,142,0
TXN208945,CUST11951,2026-09-14,16,Dining,135.58,1,1.9,456,0
TXN208946,CUST10812,2026-08-10,14,Dining,58.19,0,3.3,51,0
TXN208947,CUST11703,2026-07-21,9,Fuel,15.84,0,4.3,130,0
TXN208948,CUST10754,2026-07-09,17,Grocery,52.01,0,29.8,333,0
TXN208949,CUST11277,2026-08-23,23,Dining,67.23,0,3.8,165,0
TXN208950,CUST10552,2026-07-31,2,Electronics,194.32,0,20.2,117,0
TXN208951,CUST12332,2026-07-31,6,Grocery,45.94,0,11.8,285,0
TXN208952,CUST11154,2026-08-28,14,Fuel,91.45,0,3.6,522,0
TXN208953,CUST11956,2026-07-12,8,Dining,51.13,0,8.3,379,0
TXN208954,CUST10266,2026-09-10,20,Dining,53.43,0,7.4,119,0
TXN208955,CUST10367,2026-08-15,10,Grocery,21.57,0,0.1,51,0
TXN208956,CUST11805,2026-07-13,22,Fuel,234.77,0,3.1,615,0
TXN208957,CUST11956,2026-08-26,15,Jewelry,724.59,0,14.6,295,1
TXN208958,CUST10272,2026-06-30,16,Electronics,664.24,0,7.9,496,0
TXN208959,CUST10055,2026-09-03,11,Electronics,560.29,0,4.6,86,0
TXN208960,CUST10916,2026-08-20,12,Dining,150.67,0,10.5,293,0
TXN208961,CUST10731,2026-08-25,18,Electronics,294.74,0,13.8,803,0
TXN208962,CUST12059,2026-08-04,5,Travel,874.27,0,7.2,23,0
TXN208963,CUST12152,2026-08-21,16,ATM Withdrawal,131.95,0,1.6,251,0
TXN208964,CUST12148,2026-07-22,11,ATM Withdrawal,603.88,0,18.5,177,0
TXN208965,CUST11200,2026-08-10,3,ATM Withdrawal,288.72,0,17.2,29,0
TXN208966,CUST10584,2026-08-27,19,Dining,62.13,0,19.8,369,0
TXN208967,CUST11656,2026-08-12,17,ATM Withdrawal,135.02,0,20.9,72,0
TXN208968,CUST11464,2026-09-02,7,Electronics,242.01,0,9.1,304,0
TXN208969,CUST10602,2026-09-07,13,Jewelry,558.03,0,8.8,362,0
TXN208970,CUST12063,2026-09-20,18,Travel,452.28,1,0.8,219,0
TXN208971,CUST10401,2026-09-16,9,Dining,18.1,1,4.7,30,0
TXN208972,CUST11602,2026-09-06,10,Travel,1364.51,1,3.9,114,0
TXN208973,CUST11268,2026-07-11,10,Fuel,98.75,0,14.6,228,0
TXN208974,CUST11930,2026-07-16,12,Fuel,39.25,0,2.2,878,0
TXN208975,CUST11238,2026-07-09,11,Dining,100.15,0,4.9,54,0
TXN208976,CUST12273,2026-07-24,11,Grocery,36.64,0,10.7,103,0
TXN208977,CUST10515,2026-08-09,13,Online Retail,208.46,0,10.1,1316,0
TXN208978,CUST11947,2026-08-05,11,Jewelry,690.83,0,2.7,256,0
TXN208979,CUST12261,2026-09-04,17,Fuel,44.25,0,0.4,296,0
TXN208980,CUST11138,2026-09-08,15,ATM Withdrawal,62.57,0,29.6,131,0
TXN208981,CUST11228,2026-07-27,23,Dining,27.8,0,1.8,37,0
TXN208982,CUST12045,2026-09-24,8,Grocery,129.19,0,8.8,63,0
TXN208983,CUST12475,2026-08-20,5,Dining,69.63,0,0.2,16,0
TXN208984,CUST10305,2026-07-15,13,Electronics,142.9,0,3.3,526,0
TXN208985,CUST11490,2026-08-15,22,Dining,196.6,0,14.4,143,0
TXN208986,CUST11084,2026-09-13,17,Fuel,73.37,0,3.8,580,0
TXN208987,CUST11321,2026-09-26,9,Jewelry,2443.38,0,4.3,5,1
TXN208988,CUST10356,2026-08-21,23,Electronics,566.13,0,24.3,113,0
TXN208989,CUST11292,2026-08-25,14,Online Retail,104.14,0,6.4,149,0
TXN208990,CUST10676,2026-07-14,15,Dining,23.96,0,30.0,248,0
TXN208991,CUST11078,2026-07-23,13,Grocery,39.69,0,7.3,1762,0
TXN208992,CUST10781,2026-08-07,14,Grocery,22.4,0,3.3,244,0
TXN208993,CUST10546,2026-07-28,13,Grocery,24.64,0,7.9,174,0
TXN208994,CUST11999,2026-07-25,11,Electronics,649.19,0,1.3,385,0
TXN208995,CUST12071,2026-08-14,8,Electronics,118.86,0,1.3,264,0
TXN208996,CUST12374,2026-08-07,0,Travel,633.43,0,0.2,27,0
TXN208997,CUST12424,2026-09-23,23,Jewelry,609.27,0,14.1,878,0
TXN208998,CUST11816,2026-07-16,16,Electronics,607.48,0,20.6,5,0
TXN208999,CUST12222,2026-07-31,16,Grocery,17.55,0,10.6,1214,0
TXN209000,CUST11817,2026-08-16,16,Fuel,39.76,0,21.2,343,0
TXN209001,CUST10931,2026-09-09,11,Dining,233.49,0,33.1,278,0
TXN209002,CUST12452,2026-08-03,17,Dining,149.45,0,0.1,568,0
TXN209003,CUST11216,2026-07-02,10,Online Retail,81.9,0,0.8,1289,0
TXN209004,CUST10659,2026-07-17,9,ATM Withdrawal,563.42,0,12.2,774,0
TXN209005,CUST10782,2026-09-15,16,Fuel,20.19,1,4.2,1322,0
TXN209006,CUST11141,2026-09-07,13,ATM Withdrawal,86.03,0,7.6,113,0
TXN209007,CUST11391,2026-09-01,15,Online Retail,71.7,0,7.4,113,0
TXN209008,CUST11800,2026-08-19,16,Electronics,146.44,1,1.5,527,0
TXN209009,CUST11361,2026-08-18,16,Online Retail,118.38,1,13.8,359,0
TXN209010,CUST10891,2026-08-26,21,Dining,59.93,0,5.1,295,0
TXN209011,CUST11626,2026-07-24,13,Grocery,62.43,0,1.3,145,0
TXN209012,CUST10796,2026-07-07,17,Fuel,32.54,0,22.9,1586,0
TXN209013,CUST10020,2026-08-27,18,ATM Withdrawal,316.08,0,5.1,22,0
TXN209014,CUST12463,2026-08-31,23,Travel,178.18,0,1.2,374,0
TXN209015,CUST10352,2026-09-25,9,Fuel,30.64,0,1.2,90,0
TXN209016,CUST10465,2026-08-06,15,Grocery,59.81,0,4.9,420,0
TXN209017,CUST10003,2026-07-14,8,Jewelry,541.88,0,2.2,63,0
TXN209018,CUST10019,2026-09-09,18,Fuel,39.12,0,9.9,42,0
TXN209019,CUST11283,2026-08-26,10,Online Retail,104.08,0,11.3,276,0
TXN209020,CUST11582,2026-09-08,20,Grocery,83.65,0,27.1,372,0
TXN209021,CUST10983,2026-08-06,9,Grocery,55.43,0,3.5,479,0
TXN209022,CUST12248,2026-07-21,11,Electronics,178.08,0,3.2,106,0
TXN209023,CUST12080,2026-08-21,23,Online Retail,114.75,0,7.1,166,0
TXN209024,CUST11719,2026-08-18,15,Travel,781.64,0,6.8,83,0
TXN209025,CUST10848,2026-08-26,16,Grocery,69.14,0,6.3,154,0
TXN209026,CUST10660,2026-09-23,23,Grocery,26.14,0,4.7,598,0
TXN209027,CUST12381,2026-09-16,18,Dining,84.57,0,1.4,203,0
TXN209028,CUST10540,2026-07-12,19,Grocery,21.75,0,3.4,358,0
TXN209029,CUST10188,2026-07-27,20,Fuel,186.09,0,4.3,109,0
TXN209030,CUST10779,2026-08-06,14,Dining,57.88,0,7.8,167,0
TXN209031,CUST11210,2026-09-24,19,Electronics,936.46,0,9.7,660,0
TXN209032,CUST10204,2026-07-17,0,Online Retail,87.48,0,48.1,566,0
TXN209033,CUST10533,2026-08-09,15,Online Retail,139.54,0,19.0,467,0
TXN209034,CUST10661,2026-08-22,8,Grocery,50.98,0,7.1,5,0
TXN209035,CUST10969,2026-09-07,7,Dining,74.77,0,10.2,600,0
TXN209036,CUST10232,2026-09-25,14,Grocery,41.75,0,0.9,263,0
TXN209037,CUST10468,2026-07-26,7,Electronics,788.86,1,3.2,352,1
TXN209038,CUST10053,2026-07-24,9,Electronics,218.42,0,1.2,59,0
TXN209039,CUST10576,2026-08-09,13,Electronics,962.25,0,6.4,603,0
TXN209040,CUST11353,2026-07-01,9,ATM Withdrawal,124.78,0,0.3,1096,0
TXN209041,CUST11566,2026-09-19,7,Electronics,248.7,0,9.5,5,0
TXN209042,CUST10228,2026-07-27,4,Online Retail,103.5,0,6.0,449,0
TXN209043,CUST10172,2026-08-25,15,Electronics,275.57,0,4.8,124,0
TXN209044,CUST10472,2026-09-07,16,Online Retail,60.69,0,26.3,188,0
TXN209045,CUST11299,2026-07-17,13,Dining,45.01,0,13.4,462,0
TXN209046,CUST12408,2026-07-26,19,Grocery,51.17,0,10.1,159,0
TXN209047,CUST11668,2026-08-16,15,Fuel,32.62,0,6.8,233,0
TXN209048,CUST12099,2026-07-10,16,Fuel,47.21,0,2.6,923,0
TXN209049,CUST11158,2026-07-24,16,ATM Withdrawal,192.59,0,12.2,317,0
TXN209050,CUST10467,2026-07-14,18,Travel,653.76,0,2.5,5,0
TXN209051,CUST10807,2026-08-22,18,Electronics,1206.95,0,2.0,675,0
TXN209052,CUST11225,2026-09-13,12,Grocery,70.93,0,10.0,473,0
TXN209053,CUST10458,2026-08-19,16,Fuel,85.27,0,10.1,39,0
TXN209054,CUST12287,2026-08-18,13,Electronics,257.56,1,0.5,67,0
TXN209055,CUST10105,2026-07-28,20,Fuel,28.98,0,6.3,162,0
TXN209056,CUST10215,2026-09-09,14,Grocery,21.21,0,37.3,601,0
TXN209057,CUST11077,2026-07-02,12,Dining,71.29,0,6.3,202,0
TXN209058,CUST11025,2026-08-08,17,Electronics,425.02,0,3.0,267,0
TXN209059,CUST10466,2026-09-09,21,Grocery,51.27,0,1.7,611,0
TXN209060,CUST11193,2026-08-20,22,Fuel,146.39,1,13.5,89,0
TXN209061,CUST10824,2026-07-15,23,Travel,701.69,0,10.2,1033,0
TXN209062,CUST11590,2026-08-24,1,Jewelry,2527.73,0,1.1,145,1
TXN209063,CUST11699,2026-08-14,12,Grocery,18.37,0,13.9,228,0
TXN209064,CUST11118,2026-07-22,10,Jewelry,475.18,0,2.5,527,0
TXN209065,CUST11606,2026-09-16,16,Electronics,427.4,0,12.8,483,0
TXN209066,CUST10677,2026-07-04,12,Electronics,367.93,0,2.9,408,0
TXN209067,CUST11639,2026-09-21,23,Online Retail,204.42,0,8.1,49,0
TXN209068,CUST10931,2026-09-19,14,Dining,130.42,0,0.1,808,0
TXN209069,CUST11156,2026-09-01,9,Online Retail,245.15,0,16.3,630,0
TXN209070,CUST12405,2026-07-01,9,Jewelry,1573.17,0,1.6,257,0
TXN209071,CUST12159,2026-07-13,15,Travel,1104.47,0,4.2,465,0
TXN209072,CUST10230,2026-09-16,6,Grocery,48.46,0,12.8,436,0
TXN209073,CUST11659,2026-09-02,6,Online Retail,51.65,0,0.2,400,0
TXN209074,CUST12250,2026-07-09,13,Electronics,173.88,0,12.4,342,0
TXN209075,CUST11787,2026-07-20,16,Grocery,95.1,1,3.3,785,0
TXN209076,CUST12275,2026-08-05,12,Grocery,57.15,0,0.2,49,0
TXN209077,CUST10696,2026-07-15,20,Electronics,360.83,0,0.8,969,0
TXN209078,CUST11951,2026-08-03,20,Grocery,51.68,0,3.2,1292,0
TXN209079,CUST11128,2026-07-25,8,Electronics,641.74,0,5.3,37,0
TXN209080,CUST10347,2026-07-11,19,Jewelry,492.6,0,3.1,346,0
TXN209081,CUST11405,2026-09-14,23,Jewelry,217.23,0,7.4,1094,0
TXN209082,CUST10329,2026-08-28,10,Online Retail,88.73,0,2.8,346,0
TXN209083,CUST11297,2026-06-29,2,Jewelry,988.86,0,18.0,337,0
TXN209084,CUST11943,2026-07-11,13,Electronics,781.09,0,4.8,532,0
TXN209085,CUST11703,2026-07-18,16,Electronics,526.61,0,0.4,81,0
TXN209086,CUST12422,2026-07-01,18,Online Retail,327.49,0,3.1,19,0
TXN209087,CUST10945,2026-07-01,11,Online Retail,116.84,1,12.0,117,0
TXN209088,CUST11956,2026-09-25,23,Grocery,42.13,0,6.9,14,0
TXN209089,CUST11710,2026-09-17,16,Grocery,73.12,0,11.1,273,0
TXN209090,CUST10290,2026-08-02,15,Online Retail,251.06,0,15.1,318,0
TXN209091,CUST12375,2026-08-21,16,Fuel,62.52,0,2.7,265,0
TXN209092,CUST11311,2026-07-08,14,Grocery,22.31,0,16.7,143,0
TXN209093,CUST10027,2026-08-29,14,Dining,81.61,0,0.6,847,0
TXN209094,CUST11093,2026-09-11,10,Dining,19.45,0,15.9,214,0
TXN209095,CUST12422,2026-07-26,17,Grocery,23.9,0,12.8,903,0
TXN209096,CUST11172,2026-07-10,7,Electronics,1415.99,0,5.2,687,0
TXN209097,CUST10548,2026-07-28,15,Online Retail,109.23,0,8.4,1445,0
TXN209098,CUST10790,2026-08-07,12,Electronics,285.0,1,29.0,285,0
TXN209099,CUST12440,2026-09-23,14,Electronics,493.65,0,25.7,750,0
TXN209100,CUST11075,2026-09-15,6,Jewelry,731.69,0,0.3,595,0
TXN209101,CUST12003,2026-08-18,18,Electronics,126.54,0,8.0,5,0
TXN209102,CUST11657,2026-08-26,11,Travel,1123.37,0,12.3,381,0
TXN209103,CUST10651,2026-08-15,16,Dining,44.72,0,8.2,136,0
TXN209104,CUST10273,2026-07-30,15,Online Retail,87.22,0,1.9,150,0
TXN209105,CUST11667,2026-09-21,1,Grocery,16.78,1,0.4,344,0
TXN209106,CUST11911,2026-07-23,2,Dining,32.18,0,2.8,1518,0
TXN209107,CUST12056,2026-07-22,22,Grocery,52.3,0,5.2,691,0
TXN209108,CUST11348,2026-09-24,18,Travel,340.51,0,31.4,525,0
TXN209109,CUST10737,2026-07-29,20,Electronics,163.0,0,2.0,714,0
TXN209110,CUST12280,2026-08-10,19,Dining,46.59,0,2.3,207,0
TXN209111,CUST10286,2026-06-29,19,Electronics,328.36,0,9.8,1477,0
TXN209112,CUST11997,2026-07-31,13,Fuel,45.06,0,11.5,312,0
TXN209113,CUST12290,2026-08-23,20,Dining,107.68,0,3.0,446,0
TXN209114,CUST11320,2026-09-10,23,Travel,955.26,0,8.3,14,0
TXN209115,CUST11128,2026-09-23,17,Grocery,14.42,0,12.0,553,0
TXN209116,CUST11147,2026-08-21,8,Fuel,56.87,0,14.5,285,0
TXN209117,CUST12031,2026-07-25,9,Online Retail,73.4,0,1.0,154,0
TXN209118,CUST12234,2026-09-03,2,Online Retail,185.15,0,6.7,459,0
TXN209119,CUST11942,2026-09-22,16,Online Retail,185.47,0,11.0,1089,0
TXN209120,CUST10723,2026-09-24,12,Grocery,49.15,0,8.3,615,0
TXN209121,CUST12203,2026-07-07,12,Travel,535.62,0,8.2,1526,0
TXN209122,CUST12273,2026-07-31,13,Online Retail,107.66,0,8.5,220,0
TXN209123,CUST11498,2026-08-03,8,Electronics,142.02,0,3.7,899,0
TXN209124,CUST10196,2026-09-24,15,ATM Withdrawal,104.29,0,11.9,64,0
TXN209125,CUST12200,2026-07-11,16,Dining,139.08,0,1.6,795,0
TXN209126,CUST11421,2026-09-25,14,ATM Withdrawal,190.54,0,19.2,100,0
TXN209127,CUST10289,2026-07-25,12,Electronics,510.23,1,2.1,206,0
TXN209128,CUST11549,2026-08-30,20,Grocery,131.59,0,0.9,664,0
TXN209129,CUST10077,2026-08-15,8,ATM Withdrawal,214.95,0,5.9,390,0
TXN209130,CUST11669,2026-08-31,9,Fuel,141.68,0,2.0,21,0
TXN209131,CUST12446,2026-07-24,19,Jewelry,1081.43,0,2.4,266,0
TXN209132,CUST12161,2026-09-02,12,Electronics,400.92,0,16.7,43,0
TXN209133,CUST10170,2026-08-04,15,Dining,216.46,0,1.4,8,0
TXN209134,CUST11301,2026-08-10,5,Online Retail,88.89,0,3.4,383,0
TXN209135,CUST12113,2026-09-23,11,Grocery,54.2,0,4.2,18,0
TXN209136,CUST10027,2026-07-11,14,Grocery,19.55,0,1.5,1140,0
TXN209137,CUST11694,2026-07-28,10,Travel,293.48,0,3.3,12,1
TXN209138,CUST11614,2026-08-07,13,Grocery,41.61,0,3.1,994,0
TXN209139,CUST10018,2026-08-18,18,Dining,29.67,0,10.4,59,0
TXN209140,CUST11397,2026-07-29,1,Fuel,78.61,0,3.6,277,0
TXN209141,CUST11475,2026-07-12,21,Online Retail,198.57,0,17.6,90,0
TXN209142,CUST10970,2026-07-30,17,Jewelry,1323.27,0,7.1,6,0
TXN209143,CUST11342,2026-09-26,13,Electronics,500.88,0,1.0,80,0
TXN209144,CUST11070,2026-09-02,12,Grocery,16.73,0,18.9,239,0
TXN209145,CUST10181,2026-07-25,11,Grocery,32.69,0,0.8,187,0
TXN209146,CUST12094,2026-08-21,8,Online Retail,188.51,0,18.2,489,0
TXN209147,CUST11947,2026-07-12,13,Travel,380.54,0,5.8,593,0
TXN209148,CUST10342,2026-08-11,9,Online Retail,102.57,0,14.2,1330,0
TXN209149,CUST10073,2026-08-20,15,Electronics,544.84,0,9.6,228,0
TXN209150,CUST10520,2026-07-23,7,ATM Withdrawal,283.2,0,5.5,113,0
TXN209151,CUST10230,2026-09-24,17,Dining,63.95,0,15.8,335,0
TXN209152,CUST11270,2026-08-19,16,Electronics,202.82,0,1.4,476,0
TXN209153,CUST10671,2026-08-12,8,Grocery,95.65,0,1.1,229,0
TXN209154,CUST12343,2026-08-24,12,Grocery,31.23,0,15.6,1003,0
TXN209155,CUST11384,2026-09-06,0,Online Retail,366.29,0,5.1,118,0
TXN209156,CUST12121,2026-07-26,19,Travel,429.82,0,3.7,117,0
TXN209157,CUST10190,2026-08-22,11,ATM Withdrawal,133.66,0,11.2,55,0
TXN209158,CUST12368,2026-09-17,16,Fuel,47.42,0,12.8,10,0
TXN209159,CUST10099,2026-07-15,5,Dining,161.37,0,6.4,354,0
TXN209160,CUST12491,2026-07-13,16,Electronics,444.17,0,2.2,413,0
TXN209161,CUST12374,2026-06-29,17,Grocery,81.12,0,12.0,259,0
TXN209162,CUST11968,2026-07-29,22,Travel,1213.96,0,4.2,294,0
TXN209163,CUST10246,2026-09-17,10,Travel,273.49,0,4.5,273,0
TXN209164,CUST11258,2026-09-19,14,Jewelry,907.74,0,0.4,248,0
TXN209165,CUST10911,2026-07-15,7,Online Retail,241.77,0,11.9,293,0
TXN209166,CUST12084,2026-08-14,8,Electronics,242.24,0,1.0,103,0
TXN209167,CUST10823,2026-09-18,13,Electronics,298.66,0,3.5,26,0
TXN209168,CUST11433,2026-07-20,16,Grocery,24.75,0,3.2,445,0
TXN209169,CUST10903,2026-07-25,10,Fuel,23.1,0,1.3,258,0
TXN209170,CUST12391,2026-07-31,23,Dining,117.63,0,7.8,697,0
TXN209171,CUST11432,2026-09-12,18,Fuel,11.95,0,13.5,6,0
TXN209172,CUST12279,2026-08-27,8,Grocery,24.03,0,11.9,22,0
TXN209173,CUST11840,2026-09-18,12,Fuel,91.24,0,4.0,1152,0
TXN209174,CUST12297,2026-07-19,17,Electronics,224.81,0,7.8,46,0
TXN209175,CUST10543,2026-07-11,12,Jewelry,1834.17,0,14.3,341,1
TXN209176,CUST11026,2026-08-20,22,Electronics,497.24,0,15.3,1051,0
TXN209177,CUST11145,2026-09-10,22,Dining,37.99,0,1.0,396,0
TXN209178,CUST12483,2026-08-16,20,Grocery,43.64,0,1.1,121,0
TXN209179,CUST11777,2026-09-07,15,Online Retail,62.62,0,0.5,230,0
TXN209180,CUST10753,2026-07-31,15,Online Retail,66.36,0,7.2,136,0
TXN209181,CUST12361,2026-07-13,18,Fuel,68.8,0,23.3,803,0
TXN209182,CUST11144,2026-07-12,20,Dining,122.73,0,0.9,406,0
TXN209183,CUST10576,2026-08-06,10,Electronics,120.91,0,15.0,503,0
TXN209184,CUST11329,2026-08-03,11,Dining,75.85,0,14.1,610,0
TXN209185,CUST10242,2026-08-04,8,Jewelry,159.73,0,0.8,28,0
TXN209186,CUST10592,2026-08-10,12,Online Retail,119.65,0,4.6,92,0
TXN209187,CUST12141,2026-09-20,11,Travel,489.3,1,6.2,307,0
TXN209188,CUST11012,2026-09-24,14,Online Retail,101.55,0,12.6,188,0
TXN209189,CUST10748,2026-08-29,18,Fuel,60.74,0,0.2,1444,0
TXN209190,CUST12110,2026-07-17,11,Dining,46.83,0,20.3,254,0
TXN209191,CUST10285,2026-09-25,16,Grocery,67.67,0,4.9,362,0
TXN209192,CUST11065,2026-07-31,14,Travel,219.88,0,3.1,42,0
TXN209193,CUST10102,2026-08-04,19,Travel,602.82,0,23.5,196,0
TXN209194,CUST10902,2026-08-11,11,Fuel,44.56,0,3.4,1243,0
TXN209195,CUST10024,2026-08-12,7,Grocery,55.11,0,15.7,29,0
TXN209196,CUST11742,2026-09-21,12,Grocery,69.68,0,2.2,24,0
TXN209197,CUST11722,2026-08-26,2,Online Retail,163.63,0,4.0,160,0
TXN209198,CUST10963,2026-07-31,12,Electronics,335.94,0,18.4,424,0
TXN209199,CUST11190,2026-07-09,9,Fuel,58.36,0,1.8,2168,0
TXN209200,CUST11018,2026-07-25,15,Electronics,216.71,0,3.9,95,0
TXN209201,CUST11279,2026-07-24,18,ATM Withdrawal,160.43,0,4.0,1421,0
TXN209202,CUST10552,2026-07-19,15,Electronics,180.06,0,28.7,388,0
TXN209203,CUST12050,2026-09-12,14,Online Retail,108.25,0,8.2,355,0
TXN209204,CUST11974,2026-08-27,10,Dining,51.24,0,4.6,3000,0
TXN209205,CUST10061,2026-09-12,19,Grocery,39.63,0,3.2,210,0
TXN209206,CUST10797,2026-07-07,14,Grocery,48.0,0,6.4,374,0
TXN209207,CUST11865,2026-08-05,13,Fuel,105.52,0,3.3,7,0
TXN209208,CUST11332,2026-09-26,14,ATM Withdrawal,138.07,0,16.7,223,0
TXN209209,CUST11462,2026-08-03,13,Dining,134.18,0,17.1,287,0
TXN209210,CUST11714,2026-09-04,7,Grocery,54.09,0,3.5,19,0
TXN209211,CUST10390,2026-09-04,13,Online Retail,43.4,0,2.3,562,0
TXN209212,CUST10144,2026-07-08,18,Dining,49.79,0,11.4,97,0
TXN209213,CUST10740,2026-07-27,16,Dining,33.68,0,2.0,442,0
TXN209214,CUST10466,2026-08-02,4,Grocery,67.61,1,1.2,373,0
TXN209215,CUST10087,2026-08-02,12,Fuel,34.78,0,11.1,63,0
TXN209216,CUST11009,2026-07-07,10,Online Retail,106.85,0,8.6,243,0
TXN209217,CUST10792,2026-08-26,7,Online Retail,250.67,0,1.6,131,0
TXN209218,CUST11700,2026-07-16,19,Electronics,201.54,0,13.0,81,0
TXN209219,CUST10712,2026-07-17,8,Dining,24.62,0,0.7,1384,0
TXN209220,CUST10576,2026-07-17,13,Online Retail,123.27,0,2.4,1278,0
TXN209221,CUST12128,2026-07-19,22,Electronics,635.78,0,8.6,1677,0
TXN209222,CUST11029,2026-08-31,9,Online Retail,73.4,0,8.3,887,0
TXN209223,CUST11102,2026-08-09,23,Fuel,102.93,1,10.7,89,0
TXN209224,CUST11009,2026-08-17,5,Grocery,13.8,0,1.2,72,0
TXN209225,CUST11296,2026-08-04,6,Dining,50.59,0,17.1,5,0
TXN209226,CUST12350,2026-09-11,20,Dining,269.67,0,2.7,190,0
TXN209227,CUST12331,2026-09-25,14,Fuel,46.91,0,10.0,505,0
TXN209228,CUST11121,2026-07-17,12,Online Retail,120.87,0,20.7,1023,0
TXN209229,CUST10014,2026-09-24,17,Dining,53.07,0,6.2,439,0
TXN209230,CUST11480,2026-08-09,8,Grocery,93.09,0,0.6,26,0
TXN209231,CUST11199,2026-09-04,15,Grocery,18.3,0,2.4,6,0
TXN209232,CUST11871,2026-08-21,13,Grocery,20.3,0,9.5,358,0
TXN209233,CUST11911,2026-09-06,13,Grocery,38.93,0,0.4,5,0
TXN209234,CUST10080,2026-08-16,11,Online Retail,174.22,0,1.0,63,0
TXN209235,CUST11265,2026-07-14,15,Dining,23.59,0,10.7,762,0
TXN209236,CUST10047,2026-06-30,6,Online Retail,76.93,0,5.5,249,0
TXN209237,CUST12072,2026-07-06,17,Online Retail,111.42,0,8.8,267,0
TXN209238,CUST10445,2026-09-25,14,Dining,55.09,1,0.1,28,0
TXN209239,CUST10221,2026-07-02,13,Online Retail,99.08,0,17.6,102,0
TXN209240,CUST11419,2026-09-17,11,Fuel,67.12,1,1.9,477,0
TXN209241,CUST10292,2026-07-11,13,Electronics,96.59,0,3.5,70,0
TXN209242,CUST10325,2026-07-03,18,Fuel,68.78,0,6.0,319,0
TXN209243,CUST10745,2026-07-25,18,Jewelry,501.71,0,0.3,59,0
TXN209244,CUST10001,2026-09-15,11,Grocery,49.28,0,0.5,319,0
TXN209245,CUST12494,2026-08-18,12,Grocery,15.31,0,16.3,394,0
TXN209246,CUST10400,2026-09-05,20,Grocery,63.83,0,0.1,1439,0
TXN209247,CUST11494,2026-09-04,11,Online Retail,51.63,0,4.6,291,0
TXN209248,CUST12159,2026-08-03,14,Online Retail,76.08,0,5.5,644,0
TXN209249,CUST10589,2026-07-08,16,Grocery,49.77,0,6.0,180,0
TXN209250,CUST10468,2026-09-18,1,Jewelry,941.66,0,4.6,68,0
TXN209251,CUST10933,2026-07-22,10,Grocery,12.17,0,19.5,58,0
TXN209252,CUST10952,2026-07-17,22,Grocery,15.86,0,8.3,99,1
TXN209253,CUST10231,2026-09-16,13,Fuel,53.99,0,15.5,22,0
TXN209254,CUST10213,2026-07-29,11,Jewelry,754.05,0,5.4,398,0
TXN209255,CUST10969,2026-07-24,16,Grocery,90.46,1,8.5,6,0
TXN209256,CUST11882,2026-08-26,16,Online Retail,171.62,0,0.2,254,0
TXN209257,CUST12380,2026-07-11,8,Electronics,646.37,0,3.7,210,0
TXN209258,CUST10938,2026-09-13,10,Grocery,11.65,1,9.3,194,0
TXN209259,CUST12193,2026-08-06,17,Grocery,20.3,0,10.6,57,0
TXN209260,CUST12249,2026-07-03,10,Electronics,673.83,0,20.2,353,0
TXN209261,CUST10580,2026-08-20,19,Grocery,37.88,0,13.0,176,0
TXN209262,CUST12014,2026-09-12,1,Online Retail,108.25,0,0.4,336,0
TXN209263,CUST10606,2026-09-13,15,Online Retail,117.49,0,5.5,680,0
TXN209264,CUST10467,2026-07-10,23,ATM Withdrawal,470.81,0,4.6,263,0
TXN209265,CUST10004,2026-07-03,13,Grocery,63.33,0,2.0,723,0
TXN209266,CUST12306,2026-07-29,10,Grocery,29.91,0,9.8,132,0
TXN209267,CUST12248,2026-09-05,10,Online Retail,136.93,0,27.0,210,0
TXN209268,CUST11749,2026-08-24,15,Jewelry,2408.83,0,1.4,261,0
TXN209269,CUST11357,2026-09-19,13,Fuel,85.91,0,8.7,1266,0
TXN209270,CUST11098,2026-07-26,17,Fuel,55.3,0,3.3,179,0
TXN209271,CUST11067,2026-08-27,14,Grocery,20.78,0,4.6,1002,0
TXN209272,CUST12074,2026-07-22,7,Online Retail,245.25,0,1.5,141,0
TXN209273,CUST11925,2026-06-30,14,Electronics,353.41,0,18.6,137,0
TXN209274,CUST10949,2026-08-18,6,Fuel,46.24,0,1.6,1434,0
TXN209275,CUST12197,2026-09-08,16,Online Retail,131.08,0,7.1,311,0
TXN209276,CUST11219,2026-09-18,15,Electronics,288.47,0,9.5,35,0
TXN209277,CUST11029,2026-08-24,7,ATM Withdrawal,226.95,0,3.3,537,0
TXN209278,CUST12489,2026-07-29,20,Dining,147.11,0,17.8,39,0
TXN209279,CUST12196,2026-07-26,15,Fuel,14.06,0,2.0,61,0
TXN209280,CUST12462,2026-07-16,12,Dining,42.05,0,3.7,285,0
TXN209281,CUST11202,2026-08-20,15,Grocery,28.14,0,8.8,674,0
TXN209282,CUST12130,2026-07-20,15,Dining,25.01,0,9.8,91,0
TXN209283,CUST11929,2026-07-06,3,Dining,26.17,0,5.7,104,0
TXN209284,CUST10004,2026-09-18,17,Dining,47.16,0,17.6,400,0
TXN209285,CUST12168,2026-09-10,13,ATM Withdrawal,100.59,0,8.9,24,0
TXN209286,CUST10000,2026-07-05,20,Fuel,46.69,0,9.6,813,0
TXN209287,CUST10400,2026-08-13,14,Online Retail,121.18,0,4.6,76,0
TXN209288,CUST12009,2026-07-09,14,Fuel,40.14,0,25.7,615,0
TXN209289,CUST12280,2026-08-10,17,Fuel,48.46,0,8.1,82,0
TXN209290,CUST10500,2026-07-05,18,Grocery,66.35,1,0.6,612,0
TXN209291,CUST11538,2026-07-16,1,Grocery,32.82,0,13.6,523,0
TXN209292,CUST10262,2026-08-23,9,Travel,210.65,0,2.6,86,0
TXN209293,CUST10807,2026-07-27,14,Dining,41.09,0,1.5,515,0
TXN209294,CUST10082,2026-08-15,17,Online Retail,147.76,0,6.3,36,0
TXN209295,CUST12135,2026-08-10,8,Grocery,77.33,0,0.7,272,0
TXN209296,CUST11236,2026-08-04,18,Travel,254.97,0,0.1,30,0
TXN209297,CUST11541,2026-08-02,12,Grocery,31.63,0,9.1,5,0
TXN209298,CUST12363,2026-08-31,11,Fuel,71.47,0,10.0,1366,0
TXN209299,CUST11928,2026-09-13,21,Online Retail,101.78,0,5.9,828,0
TXN209300,CUST11919,2026-08-31,22,Online Retail,111.52,0,18.3,381,0
TXN209301,CUST11205,2026-09-09,5,Online Retail,293.83,0,7.5,985,0
TXN209302,CUST10582,2026-09-11,13,Travel,558.72,0,7.9,7,0
TXN209303,CUST12162,2026-09-06,15,Online Retail,177.8,0,9.8,197,0
TXN209304,CUST11962,2026-07-27,14,Online Retail,85.01,0,13.1,304,0
TXN209305,CUST11266,2026-09-20,16,Grocery,30.82,0,4.9,69,0
TXN209306,CUST11902,2026-09-18,17,Travel,354.5,0,28.9,282,0
TXN209307,CUST11561,2026-08-18,11,Online Retail,242.17,0,5.3,335,0
TXN209308,CUST11373,2026-09-09,15,Travel,909.42,0,8.2,444,0
TXN209309,CUST11266,2026-09-22,23,Online Retail,141.7,0,18.4,78,0
TXN209310,CUST10263,2026-08-22,17,Fuel,146.16,0,0.9,2068,0
TXN209311,CUST10076,2026-09-23,12,Online Retail,100.13,0,3.6,20,0
TXN209312,CUST12125,2026-08-30,7,Electronics,1263.69,0,1.8,186,0
TXN209313,CUST12051,2026-08-30,10,Grocery,19.27,0,7.9,14,0
TXN209314,CUST12312,2026-08-14,16,Electronics,120.51,0,4.9,36,0
TXN209315,CUST11839,2026-09-18,17,Grocery,37.36,0,9.7,132,0
TXN209316,CUST11055,2026-07-29,23,Jewelry,1061.09,0,17.9,123,1
TXN209317,CUST11170,2026-09-16,19,ATM Withdrawal,532.12,0,3.4,12,0
TXN209318,CUST11440,2026-09-08,11,Fuel,79.1,0,12.8,138,0
TXN209319,CUST11287,2026-08-16,13,Dining,42.04,0,0.3,430,0
TXN209320,CUST11379,2026-08-23,12,Online Retail,263.32,0,8.4,33,0
TXN209321,CUST12303,2026-08-08,15,Travel,307.84,0,4.3,699,0
TXN209322,CUST10280,2026-09-25,21,Online Retail,88.89,0,2.0,745,0
TXN209323,CUST10554,2026-08-04,9,Online Retail,50.62,0,3.0,139,0
TXN209324,CUST11605,2026-09-21,18,Online Retail,48.93,0,10.1,348,0
TXN209325,CUST11027,2026-07-02,16,Fuel,43.48,0,8.3,712,0
TXN209326,CUST12344,2026-08-27,17,Grocery,25.7,0,11.0,341,0
TXN209327,CUST11568,2026-07-06,6,Dining,86.65,0,10.3,327,0
TXN209328,CUST11552,2026-08-23,4,Online Retail,227.15,0,17.6,723,0
TXN209329,CUST12107,2026-07-01,15,Electronics,412.05,0,2.2,1522,0
TXN209330,CUST11337,2026-07-28,14,Fuel,32.07,0,10.5,32,0
TXN209331,CUST10189,2026-08-24,21,Fuel,62.74,0,1.7,95,0
TXN209332,CUST11590,2026-08-01,16,Fuel,97.59,0,2.0,38,0
TXN209333,CUST10936,2026-07-24,16,Jewelry,748.4,0,5.4,1722,0
TXN209334,CUST10202,2026-08-21,16,Electronics,164.3,0,1.4,248,0
TXN209335,CUST12121,2026-08-07,15,ATM Withdrawal,153.61,0,1.2,235,0
TXN209336,CUST11636,2026-08-22,6,Online Retail,66.12,0,5.9,107,0
TXN209337,CUST11866,2026-07-24,10,Electronics,302.32,0,0.9,243,0
TXN209338,CUST12243,2026-08-08,14,Grocery,39.9,0,14.0,40,0
TXN209339,CUST11777,2026-08-26,11,Electronics,120.08,0,3.2,676,0
TXN209340,CUST10808,2026-07-31,17,Grocery,41.65,0,5.5,319,0
TXN209341,CUST12497,2026-09-18,10,Electronics,766.63,0,2.4,986,0
TXN209342,CUST10325,2026-08-24,15,Fuel,29.16,0,0.3,336,0
TXN209343,CUST10074,2026-07-16,11,ATM Withdrawal,314.25,0,2.0,35,0
TXN209344,CUST12148,2026-06-29,17,Dining,59.87,0,17.6,608,0
TXN209345,CUST11263,2026-07-15,14,Online Retail,88.63,0,4.8,410,0
TXN209346,CUST11103,2026-08-22,11,Online Retail,178.43,0,4.8,378,0
TXN209347,CUST10368,2026-08-10,13,Grocery,34.45,0,9.9,186,0
TXN209348,CUST12375,2026-09-14,16,Dining,71.06,0,8.9,94,0
TXN209349,CUST10254,2026-08-23,12,Dining,91.03,0,8.8,128,0
TXN209350,CUST11486,2026-09-20,5,Online Retail,73.09,0,3.6,334,0
TXN209351,CUST11640,2026-08-12,12,Grocery,70.33,0,2.1,1163,0
TXN209352,CUST10140,2026-09-12,16,Online Retail,90.14,0,16.6,223,0
TXN209353,CUST10888,2026-08-18,12,Travel,528.78,0,5.9,81,0
TXN209354,CUST11510,2026-08-12,13,Online Retail,71.94,0,2.6,468,0
TXN209355,CUST10179,2026-08-29,22,Dining,88.53,0,1.6,78,0
TXN209356,CUST10265,2026-07-12,15,Grocery,38.62,0,0.6,239,0
TXN209357,CUST10546,2026-07-22,18,Electronics,102.56,0,13.8,372,0
TXN209358,CUST10725,2026-09-25,19,Grocery,28.92,0,4.9,27,0
TXN209359,CUST11821,2026-08-12,11,Jewelry,1308.11,0,10.5,36,0
TXN209360,CUST11436,2026-09-03,11,Dining,29.69,0,0.4,251,0
TXN209361,CUST10262,2026-07-10,13,Dining,150.43,0,5.9,569,0
TXN209362,CUST11105,2026-07-23,13,Electronics,280.96,0,3.5,6,0
TXN209363,CUST10711,2026-08-08,8,Online Retail,124.46,1,1.3,1178,0
TXN209364,CUST10644,2026-09-10,11,Travel,389.7,0,26.8,381,0
TXN209365,CUST11284,2026-08-02,16,Grocery,32.0,0,12.1,228,0
TXN209366,CUST10716,2026-07-04,16,Online Retail,115.77,0,2.1,5,0
TXN209367,CUST11810,2026-07-09,7,Online Retail,121.31,0,4.0,1419,0
TXN209368,CUST12166,2026-09-07,16,Fuel,52.83,0,5.1,1058,0
TXN209369,CUST10047,2026-08-31,20,Travel,387.04,0,6.3,528,0
TXN209370,CUST12163,2026-09-19,14,Online Retail,128.44,0,15.9,60,0
TXN209371,CUST11106,2026-09-18,13,Fuel,62.66,1,1.7,831,0
TXN209372,CUST10949,2026-06-30,23,Grocery,57.45,0,4.6,570,0
TXN209373,CUST11628,2026-08-28,12,Online Retail,206.62,0,2.6,172,0
TXN209374,CUST10686,2026-09-11,8,Dining,56.48,0,8.2,268,0
TXN209375,CUST10082,2026-08-13,9,Grocery,17.52,0,4.0,10,0
TXN209376,CUST10847,2026-08-17,20,Dining,37.2,0,2.2,582,0
TXN209377,CUST11085,2026-08-08,19,Grocery,44.68,0,2.4,362,0
TXN209378,CUST11711,2026-09-19,9,Dining,93.38,0,8.5,447,0
TXN209379,CUST10934,2026-07-19,15,Electronics,226.04,0,13.3,902,0
TXN209380,CUST10371,2026-08-29,9,Travel,521.85,0,2.0,33,0
TXN209381,CUST12288,2026-08-26,11,Dining,67.76,0,1.2,250,0
TXN209382,CUST11744,2026-07-18,21,Grocery,118.13,1,4.0,461,0
TXN209383,CUST12346,2026-07-30,10,Online Retail,181.55,0,0.1,402,0
TXN209384,CUST10096,2026-07-18,17,Electronics,667.51,0,17.1,641,0
TXN209385,CUST11720,2026-09-15,10,Dining,71.53,0,5.7,528,0
TXN209386,CUST11696,2026-09-20,13,Grocery,50.45,0,30.6,1180,0
TXN209387,CUST12066,2026-07-14,17,Travel,1713.72,0,16.3,134,0
TXN209388,CUST11941,2026-08-03,10,Grocery,33.8,0,6.0,427,0
TXN209389,CUST11078,2026-07-07,9,Fuel,96.62,0,16.1,175,0
TXN209390,CUST11007,2026-08-22,16,Electronics,264.14,1,13.9,240,0
TXN209391,CUST11028,2026-08-14,20,Grocery,13.02,1,3.1,355,0
TXN209392,CUST11650,2026-08-11,10,Online Retail,63.07,0,7.2,374,0
TXN209393,CUST10032,2026-08-02,16,Electronics,132.9,0,1.4,84,0
TXN209394,CUST11166,2026-08-24,9,Grocery,26.27,0,11.3,126,0
TXN209395,CUST11761,2026-08-16,15,Grocery,53.22,0,27.0,480,0
TXN209396,CUST10583,2026-09-04,12,Jewelry,566.53,0,3.8,15,0
TXN209397,CUST12059,2026-06-30,8,Grocery,56.05,0,25.0,1028,0
TXN209398,CUST10399,2026-08-25,7,Jewelry,1113.43,0,27.1,7,1
TXN209399,CUST10272,2026-09-19,19,Online Retail,382.19,0,2.7,175,0
TXN209400,CUST11028,2026-07-17,13,Grocery,21.0,0,2.0,505,0
TXN209401,CUST10688,2026-09-08,16,Travel,380.84,0,11.4,1123,0
TXN209402,CUST10201,2026-09-05,8,Grocery,27.14,0,3.2,76,0
TXN209403,CUST11425,2026-08-03,21,Fuel,19.1,0,52.7,1034,0
TXN209404,CUST12118,2026-08-04,23,Grocery,85.2,0,31.3,160,0
TXN209405,CUST10183,2026-07-11,10,Grocery,21.31,0,1.0,33,0
TXN209406,CUST10218,2026-09-07,11,Grocery,24.53,0,1.9,11,0
TXN209407,CUST10154,2026-08-02,12,Fuel,61.09,1,1.0,379,0
TXN209408,CUST12314,2026-07-28,17,Electronics,676.11,0,2.0,441,0
TXN209409,CUST11602,2026-07-25,16,Fuel,50.32,0,2.9,575,0
TXN209410,CUST10999,2026-07-24,14,Dining,142.74,0,9.9,336,0
TXN209411,CUST12156,2026-08-30,13,Grocery,78.6,0,28.2,168,0
TXN209412,CUST11552,2026-08-19,20,Online Retail,69.11,0,2.1,187,0
TXN209413,CUST12290,2026-09-19,17,Dining,61.58,0,0.0,214,0
TXN209414,CUST10967,2026-08-10,8,Online Retail,115.7,0,11.0,211,0
TXN209415,CUST12270,2026-08-11,10,Online Retail,166.77,0,2.0,776,0
TXN209416,CUST12104,2026-07-04,14,Online Retail,121.82,0,10.2,1434,0
TXN209417,CUST11889,2026-08-11,12,Grocery,19.46,0,15.3,325,0
TXN209418,CUST11326,2026-07-27,15,Dining,77.49,0,15.0,382,0
TXN209419,CUST11561,2026-07-02,14,Fuel,100.01,0,5.9,221,0
TXN209420,CUST10488,2026-07-29,13,Fuel,56.85,0,7.4,336,0
TXN209421,CUST10241,2026-07-22,14,Grocery,18.74,0,9.1,254,0
TXN209422,CUST11084,2026-09-05,12,Dining,66.6,0,3.6,725,0
TXN209423,CUST12249,2026-08-14,16,Grocery,54.12,0,16.7,652,0
TXN209424,CUST10407,2026-09-17,10,Grocery,36.65,0,8.3,5,0
TXN209425,CUST10199,2026-07-28,13,Grocery,30.87,0,1.8,244,0
TXN209426,CUST10874,2026-09-04,11,Dining,98.96,0,4.5,212,0
TXN209427,CUST10186,2026-09-13,6,Grocery,36.76,0,1.9,52,0
TXN209428,CUST11130,2026-07-12,10,Grocery,54.93,0,5.2,464,0
TXN209429,CUST11278,2026-07-25,10,ATM Withdrawal,223.54,0,0.8,44,0
TXN209430,CUST10966,2026-07-30,22,Online Retail,51.46,0,5.0,487,0
TXN209431,CUST10791,2026-07-15,20,Online Retail,47.99,0,1.2,91,0
TXN209432,CUST12039,2026-08-04,12,Travel,176.14,0,2.8,156,0
TXN209433,CUST10001,2026-08-20,10,ATM Withdrawal,190.01,0,5.1,65,0
TXN209434,CUST11328,2026-08-07,16,Online Retail,49.98,0,5.9,236,0
TXN209435,CUST12434,2026-09-11,14,Dining,57.57,0,2.5,891,0
TXN209436,CUST10491,2026-07-22,1,Electronics,522.44,0,32.0,321,0
TXN209437,CUST11211,2026-08-04,18,Travel,452.22,0,16.8,856,0
TXN209438,CUST10193,2026-08-28,6,Grocery,18.3,0,12.9,186,0
TXN209439,CUST11511,2026-09-20,15,Electronics,254.64,0,2.4,170,0
TXN209440,CUST11358,2026-09-08,15,Fuel,47.14,0,1.8,199,0
TXN209441,CUST12457,2026-09-06,8,Fuel,42.9,0,21.2,234,0
TXN209442,CUST12106,2026-08-10,15,Travel,564.98,0,6.3,732,0
TXN209443,CUST10133,2026-08-30,13,Fuel,42.05,0,18.5,1104,0
TXN209444,CUST10112,2026-07-14,14,Fuel,145.64,0,0.8,538,0
TXN209445,CUST11287,2026-08-18,3,Fuel,103.8,0,28.3,1362,0
TXN209446,CUST11757,2026-08-30,15,Grocery,54.41,0,5.7,884,0
TXN209447,CUST10391,2026-07-03,19,Grocery,109.38,0,7.0,267,0
TXN209448,CUST10584,2026-08-18,22,Fuel,20.14,0,0.5,156,0
TXN209449,CUST11213,2026-08-24,16,Dining,55.92,0,14.8,399,0
TXN209450,CUST12374,2026-07-18,23,Online Retail,71.86,0,12.8,201,0
TXN209451,CUST11359,2026-08-30,16,Grocery,30.43,0,32.2,5,0
TXN209452,CUST10412,2026-09-14,5,Dining,26.19,0,3.7,63,0
TXN209453,CUST10798,2026-08-15,12,Online Retail,192.66,1,0.2,104,0
TXN209454,CUST10705,2026-08-07,12,Online Retail,94.88,0,1.6,244,0
TXN209455,CUST11512,2026-09-23,20,Online Retail,95.29,0,12.6,248,0
TXN209456,CUST12453,2026-08-24,10,Fuel,150.15,0,11.8,643,0
TXN209457,CUST10581,2026-07-09,6,Online Retail,181.52,0,9.5,48,0
TXN209458,CUST11604,2026-07-09,21,Fuel,50.38,0,4.2,124,0
TXN209459,CUST12286,2026-08-08,16,Electronics,299.6,0,5.6,229,0
TXN209460,CUST11105,2026-07-22,23,Dining,55.95,0,0.7,300,0
TXN209461,CUST10042,2026-09-02,14,Grocery,99.98,0,8.3,657,0
TXN209462,CUST11386,2026-09-08,14,Online Retail,74.67,0,17.4,42,0
TXN209463,CUST12108,2026-08-01,14,Grocery,25.18,0,2.4,266,0
TXN209464,CUST10226,2026-08-11,8,Dining,27.06,0,0.9,381,0
TXN209465,CUST10425,2026-09-14,6,Electronics,305.66,0,6.6,235,0
TXN209466,CUST12439,2026-08-12,10,Travel,610.32,0,10.0,315,0
TXN209467,CUST11734,2026-08-20,18,Jewelry,599.17,1,8.4,396,0
TXN209468,CUST10432,2026-09-10,17,Travel,369.44,0,0.1,896,0
TXN209469,CUST11392,2026-09-23,14,Electronics,237.47,1,7.8,24,0
TXN209470,CUST11609,2026-09-01,12,Dining,54.11,1,7.5,13,0
TXN209471,CUST12497,2026-08-09,11,Online Retail,140.89,0,19.9,1049,0
TXN209472,CUST11402,2026-07-22,6,Online Retail,58.78,0,2.5,181,0
TXN209473,CUST11492,2026-07-31,20,ATM Withdrawal,190.93,0,0.9,234,0
TXN209474,CUST10000,2026-08-18,6,Fuel,215.79,0,0.4,46,0
TXN209475,CUST11629,2026-06-30,19,Dining,134.07,0,5.2,192,0
TXN209476,CUST12094,2026-07-23,15,Online Retail,111.64,0,0.9,1153,0
TXN209477,CUST11443,2026-07-20,15,Online Retail,89.0,0,11.7,236,0
TXN209478,CUST11747,2026-07-03,21,Travel,616.6,0,3.3,250,0
TXN209479,CUST10666,2026-09-17,12,Dining,42.57,0,12.5,48,0
TXN209480,CUST11903,2026-08-03,14,Grocery,37.71,0,8.6,79,0
TXN209481,CUST12188,2026-08-29,15,Grocery,28.33,0,3.8,57,0
TXN209482,CUST10385,2026-08-13,9,Online Retail,276.4,0,0.6,230,0
TXN209483,CUST11835,2026-07-04,13,Online Retail,240.55,0,23.4,198,0
TXN209484,CUST10333,2026-08-13,16,Online Retail,138.52,0,7.0,848,0
TXN209485,CUST10961,2026-09-22,10,Online Retail,132.45,0,3.1,53,0
TXN209486,CUST12109,2026-07-31,14,Grocery,75.75,0,7.1,63,0
TXN209487,CUST11978,2026-08-06,13,Travel,323.41,0,14.7,145,0
TXN209488,CUST12418,2026-09-08,21,Fuel,49.08,0,6.4,1540,0
TXN209489,CUST11308,2026-08-10,13,Fuel,134.07,0,22.3,729,0
TXN209490,CUST10290,2026-09-20,11,Travel,520.18,0,5.8,661,0
TXN209491,CUST12375,2026-08-21,6,Electronics,227.07,0,23.6,452,0
TXN209492,CUST11005,2026-09-13,16,Fuel,36.04,0,1.0,405,0
TXN209493,CUST11371,2026-08-05,7,Online Retail,109.1,0,6.4,263,0
TXN209494,CUST11768,2026-07-16,15,Electronics,196.57,0,10.8,427,0
TXN209495,CUST12156,2026-09-20,8,Grocery,61.11,0,19.7,5,0
TXN209496,CUST12374,2026-08-27,15,ATM Withdrawal,260.77,0,5.9,557,0
TXN209497,CUST11769,2026-07-13,10,Travel,165.65,0,5.6,543,0
TXN209498,CUST12397,2026-09-08,23,Travel,1169.06,0,2.0,166,0
TXN209499,CUST11942,2026-07-25,11,Grocery,22.72,1,11.2,8,0
TXN209500,CUST10075,2026-09-24,12,Grocery,37.88,0,6.1,405,0
TXN209501,CUST10970,2026-09-15,7,Online Retail,59.14,0,2.5,7,0
TXN209502,CUST10348,2026-07-01,14,Fuel,23.52,0,10.6,780,0
TXN209503,CUST12176,2026-07-30,16,Electronics,686.97,0,6.3,1491,0
TXN209504,CUST10208,2026-09-18,8,Travel,287.19,0,14.9,88,0
TXN209505,CUST10147,2026-07-07,19,Grocery,15.86,0,13.4,62,0
TXN209506,CUST10401,2026-08-31,23,Grocery,37.36,0,1.5,88,0
TXN209507,CUST12032,2026-09-05,9,Fuel,44.21,0,15.1,345,0
TXN209508,CUST11860,2026-07-02,21,Grocery,40.55,0,3.2,78,0
TXN209509,CUST11730,2026-07-10,12,Online Retail,144.28,0,0.5,289,0
TXN209510,CUST10920,2026-07-21,6,Electronics,312.47,1,3.1,616,0
TXN209511,CUST10913,2026-07-04,11,Electronics,730.02,0,0.8,193,0
TXN209512,CUST11126,2026-07-17,23,Electronics,1304.47,0,0.6,19,0
TXN209513,CUST11039,2026-07-09,12,Dining,45.44,0,8.3,149,0
TXN209514,CUST10781,2026-09-11,5,Fuel,70.57,0,18.4,128,0
TXN209515,CUST10777,2026-09-11,14,Dining,95.27,0,8.5,364,0
TXN209516,CUST12472,2026-09-17,12,Grocery,74.43,0,0.1,44,0
TXN209517,CUST10200,2026-08-10,11,Grocery,52.58,0,3.1,25,0
TXN209518,CUST12153,2026-06-30,17,Grocery,53.01,1,4.6,130,0
TXN209519,CUST11450,2026-09-23,11,Fuel,55.71,0,10.7,9,0
TXN209520,CUST12182,2026-09-08,12,Dining,26.11,0,5.4,171,0
TXN209521,CUST10314,2026-07-26,7,Grocery,39.16,0,9.5,1244,0
TXN209522,CUST10440,2026-09-12,6,Grocery,84.04,0,3.3,1077,0
TXN209523,CUST11267,2026-09-17,17,Grocery,96.58,0,3.7,81,0
TXN209524,CUST10941,2026-07-21,9,Fuel,102.5,0,3.4,28,0
TXN209525,CUST11920,2026-09-11,19,Jewelry,1867.81,0,18.5,1791,0
TXN209526,CUST11776,2026-07-14,20,Online Retail,222.09,1,2.4,338,0
TXN209527,CUST10678,2026-07-26,16,Fuel,47.23,0,24.4,8,0
TXN209528,CUST10524,2026-09-04,13,Online Retail,68.2,0,4.1,1012,0
TXN209529,CUST10644,2026-09-03,17,Fuel,67.09,0,8.6,634,0
TXN209530,CUST11928,2026-07-30,12,Jewelry,413.98,0,1.0,969,0
TXN209531,CUST10105,2026-09-12,14,Dining,65.65,0,2.8,30,0
TXN209532,CUST10243,2026-09-07,16,Travel,615.08,0,0.5,863,0
TXN209533,CUST11627,2026-07-06,16,Online Retail,107.0,0,0.8,640,0
TXN209534,CUST10327,2026-08-04,20,Grocery,54.72,0,16.8,1291,0
TXN209535,CUST11790,2026-07-17,7,Fuel,65.26,0,0.7,68,0
TXN209536,CUST10022,2026-08-15,8,Online Retail,77.49,0,0.0,238,0
TXN209537,CUST11602,2026-06-29,13,ATM Withdrawal,327.63,0,4.4,190,0
TXN209538,CUST11483,2026-07-09,0,Travel,259.7,0,7.4,117,0
TXN209539,CUST10880,2026-07-20,14,Grocery,43.13,0,43.5,395,0
TXN209540,CUST12060,2026-06-29,9,Electronics,195.87,0,2.1,221,0
TXN209541,CUST10435,2026-07-25,9,Online Retail,62.2,0,3.0,673,0
TXN209542,CUST12232,2026-07-09,12,Fuel,18.15,0,10.6,296,0
TXN209543,CUST11872,2026-09-07,12,Fuel,135.11,0,8.8,269,0
TXN209544,CUST12012,2026-08-16,15,Fuel,128.65,0,4.5,886,0
TXN209545,CUST11574,2026-09-24,11,Dining,125.57,0,16.1,846,0
TXN209546,CUST11404,2026-07-24,15,Electronics,592.23,0,5.0,624,0
TXN209547,CUST10159,2026-08-12,18,Travel,660.15,0,2.6,501,0
TXN209548,CUST11614,2026-09-13,15,Grocery,10.79,0,38.5,1039,0
TXN209549,CUST10477,2026-09-26,14,Electronics,239.28,0,3.0,31,0
TXN209550,CUST12150,2026-09-01,18,Electronics,275.45,0,12.3,357,0
TXN209551,CUST11207,2026-08-21,14,Grocery,54.83,0,3.2,39,0
TXN209552,CUST11790,2026-08-08,20,Online Retail,79.14,0,19.3,920,0
TXN209553,CUST10445,2026-09-06,17,Fuel,169.68,0,11.2,66,0
TXN209554,CUST11628,2026-08-07,10,Grocery,17.86,0,3.3,278,0
TXN209555,CUST10558,2026-07-12,12,Grocery,38.76,0,7.5,92,0
TXN209556,CUST10124,2026-08-01,4,Online Retail,118.35,0,13.0,877,0
TXN209557,CUST11805,2026-09-02,7,Travel,1839.58,0,16.4,297,0
TXN209558,CUST10217,2026-08-30,6,ATM Withdrawal,352.3,0,11.3,925,0
TXN209559,CUST11352,2026-07-16,9,Dining,54.56,1,0.9,312,1
TXN209560,CUST10881,2026-07-08,14,Dining,97.89,0,9.3,391,0
TXN209561,CUST12311,2026-07-04,15,Online Retail,138.19,0,0.9,312,0
TXN209562,CUST11831,2026-09-13,10,Online Retail,328.4,0,1.0,146,0
TXN209563,CUST11017,2026-09-07,16,Jewelry,1193.84,0,3.4,738,0
TXN209564,CUST11031,2026-08-13,18,Online Retail,143.33,0,5.1,107,0
TXN209565,CUST11472,2026-09-14,17,Electronics,360.64,0,2.1,389,0
TXN209566,CUST11444,2026-07-31,10,Dining,34.88,0,0.9,1250,0
TXN209567,CUST10312,2026-07-26,8,Fuel,41.1,0,1.3,546,0
TXN209568,CUST10677,2026-09-19,9,Fuel,77.31,0,2.0,988,0
TXN209569,CUST10746,2026-06-30,23,Fuel,49.01,0,8.5,157,0
TXN209570,CUST10208,2026-07-25,9,Online Retail,258.79,0,0.9,235,0
TXN209571,CUST10180,2026-08-17,17,Online Retail,303.56,0,0.4,1251,0
TXN209572,CUST12498,2026-07-17,14,Grocery,37.67,0,9.6,308,0
TXN209573,CUST10204,2026-09-23,20,Dining,57.96,0,0.6,49,0
TXN209574,CUST11589,2026-07-21,17,Online Retail,54.26,0,1.6,326,0
TXN209575,CUST11504,2026-07-19,17,Electronics,254.71,0,9.0,192,0
TXN209576,CUST12077,2026-07-15,13,Electronics,905.28,0,8.2,112,0
TXN209577,CUST10715,2026-09-13,14,Online Retail,64.54,0,0.9,394,0
TXN209578,CUST10409,2026-08-11,8,Travel,813.06,0,0.4,412,0
TXN209579,CUST10521,2026-07-30,14,Dining,23.72,0,7.8,1515,0
TXN209580,CUST11409,2026-08-18,10,Fuel,56.42,0,0.1,765,0
TXN209581,CUST11328,2026-09-12,14,Grocery,42.93,0,7.6,168,0
TXN209582,CUST11423,2026-09-15,17,ATM Withdrawal,144.67,0,1.5,147,0
TXN209583,CUST12463,2026-07-15,14,Online Retail,79.5,0,0.1,276,0
TXN209584,CUST11268,2026-09-16,7,Travel,280.23,0,1.7,814,0
TXN209585,CUST11268,2026-08-26,10,Grocery,19.32,0,2.2,44,0
TXN209586,CUST10537,2026-07-21,10,Grocery,26.18,0,7.2,310,0
TXN209587,CUST11093,2026-08-01,10,Fuel,29.49,0,16.8,233,0
TXN209588,CUST11578,2026-07-16,18,Fuel,105.42,0,6.9,63,0
TXN209589,CUST12271,2026-08-29,4,Electronics,180.58,0,9.9,279,0
TXN209590,CUST10955,2026-09-26,21,Dining,57.45,0,2.2,825,0
TXN209591,CUST10664,2026-08-26,10,Online Retail,82.11,0,16.2,18,0
TXN209592,CUST11646,2026-07-17,15,Travel,173.39,0,2.1,369,0
TXN209593,CUST11560,2026-07-21,16,Fuel,33.38,0,0.9,218,0
TXN209594,CUST12063,2026-08-10,7,Online Retail,78.21,0,2.3,162,0
TXN209595,CUST10367,2026-06-30,18,Electronics,259.11,0,10.9,333,0
TXN209596,CUST10981,2026-09-12,10,Dining,76.39,0,11.8,124,0
TXN209597,CUST10782,2026-09-25,17,ATM Withdrawal,134.23,0,1.1,69,0
TXN209598,CUST11499,2026-08-16,12,Electronics,221.29,0,5.7,74,0
TXN209599,CUST11354,2026-09-02,10,Travel,213.32,0,3.6,548,0
TXN209600,CUST10229,2026-07-03,23,Online Retail,89.38,0,0.8,123,0
TXN209601,CUST10166,2026-08-22,17,Fuel,21.34,0,1.3,955,0
TXN209602,CUST10463,2026-09-06,4,Jewelry,1658.07,0,23.5,221,0
TXN209603,CUST10259,2026-09-19,13,Fuel,51.44,0,11.6,5,0
TXN209604,CUST11618,2026-07-15,7,Grocery,67.67,0,3.9,303,0
TXN209605,CUST11334,2026-07-07,13,Dining,57.33,0,2.4,89,0
TXN209606,CUST11443,2026-07-14,23,Grocery,53.34,0,4.3,20,0
TXN209607,CUST10693,2026-09-20,14,Grocery,41.0,0,27.3,329,0
TXN209608,CUST10167,2026-07-01,4,Online Retail,47.42,0,1.6,209,0
TXN209609,CUST12440,2026-09-13,16,Travel,1072.56,0,2.3,115,0
TXN209610,CUST12001,2026-08-12,18,Electronics,490.69,0,13.2,221,0
TXN209611,CUST12448,2026-09-04,5,ATM Withdrawal,183.87,1,3.4,194,0
TXN209612,CUST10074,2026-08-12,10,Fuel,123.73,0,8.0,55,0
TXN209613,CUST11176,2026-08-28,19,ATM Withdrawal,214.94,0,3.0,223,0
TXN209614,CUST11839,2026-08-06,17,ATM Withdrawal,182.94,0,2.3,5,0
TXN209615,CUST11052,2026-07-13,0,Fuel,39.1,0,2.4,42,0
TXN209616,CUST10938,2026-07-07,15,Fuel,30.59,0,34.1,59,0
TXN209617,CUST10159,2026-09-10,14,Online Retail,151.24,0,3.4,259,0
TXN209618,CUST11780,2026-09-05,13,Jewelry,592.98,0,10.7,392,0
TXN209619,CUST10559,2026-08-28,19,Online Retail,94.41,0,4.7,545,0
TXN209620,CUST11447,2026-06-29,7,Grocery,44.33,1,8.1,6,0
TXN209621,CUST10185,2026-08-01,16,Jewelry,947.5,0,8.5,539,0
TXN209622,CUST10184,2026-08-23,20,Grocery,32.26,0,5.3,12,0
TXN209623,CUST10412,2026-09-18,17,Online Retail,138.33,0,2.1,407,0
TXN209624,CUST11565,2026-07-20,18,Grocery,39.86,0,0.7,212,0
TXN209625,CUST10569,2026-07-24,5,Fuel,19.85,1,0.4,88,0
TXN209626,CUST11329,2026-07-28,17,Dining,49.25,0,0.8,168,0
TXN209627,CUST10975,2026-07-26,14,Grocery,45.91,0,9.5,285,0
TXN209628,CUST11891,2026-06-30,17,Grocery,123.1,0,5.1,247,0
TXN209629,CUST11878,2026-07-12,14,Grocery,34.01,0,3.9,1009,0
TXN209630,CUST10357,2026-09-25,11,ATM Withdrawal,166.17,0,7.5,58,0
TXN209631,CUST10540,2026-07-16,14,Grocery,26.6,0,3.7,9,0
TXN209632,CUST12179,2026-08-06,13,Online Retail,101.67,0,7.4,391,0
TXN209633,CUST12486,2026-07-31,17,Grocery,126.31,0,2.8,53,0
TXN209634,CUST10453,2026-08-27,14,Electronics,426.6,0,5.3,192,0
TXN209635,CUST11692,2026-08-04,14,Grocery,44.1,1,4.7,781,0
TXN209636,CUST10569,2026-09-21,10,Fuel,57.74,0,3.3,613,0
TXN209637,CUST12439,2026-08-19,9,Dining,36.45,0,0.1,32,0
TXN209638,CUST12326,2026-08-30,12,Jewelry,1500.16,0,3.8,760,0
TXN209639,CUST11954,2026-09-12,9,Fuel,23.11,0,12.1,613,0
TXN209640,CUST10041,2026-07-08,16,Dining,183.61,0,4.7,47,0
TXN209641,CUST10585,2026-09-19,6,Grocery,17.61,0,19.3,128,0
TXN209642,CUST11417,2026-08-05,0,Grocery,48.59,0,9.3,691,0
TXN209643,CUST12259,2026-09-10,11,Jewelry,294.75,0,0.5,5,0
TXN209644,CUST11935,2026-09-24,15,Online Retail,182.79,0,9.0,582,0
TXN209645,CUST11861,2026-08-31,11,Dining,57.36,0,6.6,433,0
TXN209646,CUST10803,2026-08-13,11,Travel,485.09,0,6.1,20,0
TXN209647,CUST11038,2026-07-10,15,ATM Withdrawal,140.93,0,0.3,660,0
TXN209648,CUST11867,2026-09-17,22,Fuel,23.34,0,1.5,32,0
TXN209649,CUST12148,2026-07-23,11,Grocery,48.86,0,2.7,224,0
TXN209650,CUST11712,2026-08-25,19,Electronics,157.32,0,4.3,1634,0
TXN209651,CUST10104,2026-08-03,18,Fuel,108.38,0,5.0,185,0
TXN209652,CUST11032,2026-08-07,11,Dining,129.69,0,6.7,166,0
TXN209653,CUST11146,2026-09-07,13,Online Retail,182.85,0,13.4,642,0
TXN209654,CUST12269,2026-08-29,7,Dining,52.97,0,1.1,460,0
TXN209655,CUST10702,2026-08-31,19,Grocery,16.01,0,2.0,24,0
TXN209656,CUST11642,2026-07-09,6,Fuel,74.72,0,15.4,208,0
TXN209657,CUST10197,2026-08-19,11,Fuel,182.19,0,11.9,976,0
TXN209658,CUST12478,2026-06-29,11,Online Retail,305.85,0,11.5,211,0
TXN209659,CUST11877,2026-09-17,13,Grocery,174.21,0,11.6,125,0
TXN209660,CUST11684,2026-07-07,9,Travel,542.91,0,1.7,19,0
TXN209661,CUST12357,2026-08-25,15,Grocery,40.2,0,1.3,22,0
TXN209662,CUST10710,2026-09-19,9,Fuel,88.22,0,6.7,607,0
TXN209663,CUST10787,2026-08-16,14,Fuel,43.69,0,14.6,595,0
TXN209664,CUST11419,2026-08-03,10,Dining,83.92,0,9.0,156,0
TXN209665,CUST10868,2026-08-15,19,Fuel,106.17,0,2.9,807,0
TXN209666,CUST10731,2026-07-13,15,ATM Withdrawal,162.15,0,1.0,5,0
TXN209667,CUST10737,2026-08-04,13,Electronics,317.15,0,2.5,401,0
TXN209668,CUST10419,2026-09-21,9,Online Retail,207.51,0,4.9,905,0
TXN209669,CUST12330,2026-08-11,18,Grocery,26.49,0,17.4,176,0
TXN209670,CUST11494,2026-09-20,17,Fuel,22.52,0,30.7,562,0
TXN209671,CUST11608,2026-08-04,13,Online Retail,98.38,0,10.2,184,0
TXN209672,CUST11975,2026-08-22,14,Travel,1028.77,0,2.8,392,0
TXN209673,CUST10956,2026-07-23,15,ATM Withdrawal,355.72,0,3.2,197,0
TXN209674,CUST10677,2026-08-16,6,Grocery,51.58,0,9.3,294,0
TXN209675,CUST11739,2026-08-12,14,Travel,232.67,1,5.7,65,0
TXN209676,CUST11866,2026-08-05,14,Electronics,260.66,0,7.6,2488,0
TXN209677,CUST12413,2026-07-13,7,Dining,55.13,0,2.7,101,0
TXN209678,CUST11479,2026-08-12,9,ATM Withdrawal,380.62,0,5.1,85,0
TXN209679,CUST10496,2026-07-09,17,ATM Withdrawal,271.57,0,3.1,210,0
TXN209680,CUST12149,2026-07-13,23,ATM Withdrawal,113.29,0,0.5,401,0
TXN209681,CUST12136,2026-09-24,21,Grocery,46.15,0,1.0,733,0
TXN209682,CUST11035,2026-09-21,19,Online Retail,49.74,0,4.7,542,0
TXN209683,CUST12362,2026-08-06,15,Dining,23.45,0,8.1,342,0
TXN209684,CUST10555,2026-08-11,7,Electronics,261.09,0,12.4,417,0
TXN209685,CUST10555,2026-07-26,22,Dining,236.32,0,10.6,568,0
TXN209686,CUST11308,2026-07-28,11,Grocery,34.65,0,1.1,742,0
TXN209687,CUST10287,2026-09-23,10,Dining,44.55,0,1.0,498,0
TXN209688,CUST10907,2026-09-01,19,Electronics,257.47,0,0.2,49,0
TXN209689,CUST11476,2026-07-11,20,Dining,63.81,0,1.4,538,0
TXN209690,CUST10914,2026-09-24,16,Grocery,72.08,0,8.1,132,0
TXN209691,CUST11603,2026-09-15,3,Fuel,77.82,0,7.5,371,0
TXN209692,CUST10235,2026-09-22,11,Jewelry,653.69,0,8.5,574,0
TXN209693,CUST10056,2026-07-19,23,Electronics,645.16,0,7.7,1346,0
TXN209694,CUST10918,2026-08-05,23,Fuel,47.56,0,4.8,287,0
TXN209695,CUST12150,2026-09-07,18,Online Retail,115.36,0,2.9,66,0
TXN209696,CUST10802,2026-08-24,16,Online Retail,214.75,0,11.2,1157,0
TXN209697,CUST11484,2026-08-31,14,Electronics,173.6,0,3.4,215,0
TXN209698,CUST12128,2026-07-10,10,Online Retail,159.92,0,2.1,314,0
TXN209699,CUST11962,2026-08-25,13,Dining,105.32,0,32.4,22,0
TXN209700,CUST12330,2026-08-01,21,Online Retail,59.39,0,1.0,481,0
TXN209701,CUST10517,2026-09-12,9,Fuel,46.23,0,4.7,246,0
TXN209702,CUST11550,2026-09-16,10,Grocery,24.89,0,1.8,588,0
TXN209703,CUST11437,2026-09-25,11,Electronics,127.78,0,1.4,93,1
TXN209704,CUST11527,2026-09-16,14,Online Retail,117.31,0,31.1,676,0
TXN209705,CUST12169,2026-09-12,16,Grocery,60.23,0,0.8,269,0
TXN209706,CUST11388,2026-08-18,14,Grocery,55.92,0,0.5,23,0
TXN209707,CUST11430,2026-09-24,19,Online Retail,70.37,0,1.7,238,0
TXN209708,CUST10055,2026-07-12,9,Dining,79.89,0,3.4,137,0
TXN209709,CUST11310,2026-07-26,15,Travel,549.17,0,24.8,177,0
TXN209710,CUST12435,2026-09-07,8,Online Retail,49.84,0,6.0,306,0
TXN209711,CUST10608,2026-08-03,12,Online Retail,467.6,0,0.3,189,0
TXN209712,CUST10942,2026-07-26,10,Travel,424.09,1,43.0,224,0
TXN209713,CUST11894,2026-09-16,16,Electronics,611.41,1,2.3,200,0
TXN209714,CUST11845,2026-08-10,13,Fuel,63.54,0,5.9,108,0
TXN209715,CUST12128,2026-09-02,9,Electronics,639.94,0,4.9,15,0
TXN209716,CUST11815,2026-08-02,12,Electronics,174.23,0,1.7,88,0
TXN209717,CUST12397,2026-09-05,10,Electronics,486.61,0,3.7,231,0
TXN209718,CUST11852,2026-08-04,2,Online Retail,66.87,0,0.9,28,0
TXN209719,CUST11983,2026-07-30,17,Grocery,36.62,1,3.7,151,0
TXN209720,CUST11149,2026-09-17,8,Electronics,85.83,0,6.6,308,0
TXN209721,CUST11831,2026-09-19,8,Online Retail,64.63,0,4.8,188,0
TXN209722,CUST11472,2026-08-10,21,Grocery,127.66,0,10.7,17,0
TXN209723,CUST11256,2026-07-16,11,Jewelry,2361.47,0,20.5,151,0
TXN209724,CUST11569,2026-09-05,6,Grocery,32.71,0,2.2,272,0
TXN209725,CUST10959,2026-09-26,9,Online Retail,65.96,0,3.5,166,0
TXN209726,CUST11972,2026-07-21,13,Dining,83.47,0,26.2,864,0
TXN209727,CUST10319,2026-08-31,17,Dining,76.02,0,20.9,196,0
TXN209728,CUST11286,2026-09-10,13,Grocery,21.96,0,12.1,514,0
TXN209729,CUST11750,2026-07-09,17,Online Retail,82.22,0,3.6,355,0
TXN209730,CUST10222,2026-07-10,20,Online Retail,122.34,0,4.4,437,1
TXN209731,CUST11254,2026-08-02,20,Dining,40.44,0,30.3,166,0
TXN209732,CUST12382,2026-06-30,13,Online Retail,140.26,0,11.7,173,0
TXN209733,CUST11819,2026-07-31,11,Online Retail,225.74,0,0.1,574,0
TXN209734,CUST10616,2026-08-13,20,Fuel,65.52,0,5.3,35,0
TXN209735,CUST11540,2026-07-05,23,Travel,389.15,1,3.4,133,0
TXN209736,CUST11837,2026-07-15,8,Online Retail,151.34,0,1.7,630,0
TXN209737,CUST10608,2026-07-12,15,Travel,939.34,0,5.8,42,0
TXN209738,CUST11186,2026-08-07,15,Grocery,69.87,1,7.1,192,0
TXN209739,CUST10909,2026-08-28,22,Dining,29.46,0,4.1,1156,0
TXN209740,CUST11469,2026-07-22,19,Dining,54.98,0,3.0,348,0
TXN209741,CUST11091,2026-07-25,18,Dining,33.61,0,2.9,124,0
TXN209742,CUST11115,2026-09-18,18,Dining,43.4,0,35.8,1429,0
TXN209743,CUST10463,2026-09-14,16,Grocery,25.55,0,2.1,1314,0
TXN209744,CUST11492,2026-08-25,18,Dining,97.36,0,1.3,585,0
TXN209745,CUST10630,2026-07-17,11,Grocery,18.24,1,15.6,51,0
TXN209746,CUST11763,2026-07-22,11,Fuel,51.18,0,26.7,1351,0
TXN209747,CUST10803,2026-09-04,17,Dining,115.96,0,76.5,798,0
TXN209748,CUST11644,2026-07-31,13,Dining,52.35,0,13.5,135,0
TXN209749,CUST11640,2026-07-06,15,Online Retail,136.86,0,6.9,370,0
TXN209750,CUST11203,2026-07-17,10,Grocery,57.63,0,3.3,264,0
TXN209751,CUST11505,2026-08-24,16,Online Retail,86.76,0,13.1,105,0
TXN209752,CUST12082,2026-09-19,17,Electronics,463.15,0,12.3,983,0
TXN209753,CUST11761,2026-08-27,12,ATM Withdrawal,759.68,0,7.2,124,0
TXN209754,CUST11843,2026-08-03,9,Online Retail,98.18,0,3.8,446,0
TXN209755,CUST11122,2026-07-24,9,Grocery,7.17,1,4.2,113,0
TXN209756,CUST10892,2026-09-21,10,Fuel,155.75,0,3.9,114,0
TXN209757,CUST12344,2026-08-15,18,Fuel,101.88,0,3.2,333,0
TXN209758,CUST10097,2026-09-26,16,Fuel,85.14,0,13.7,44,0
TXN209759,CUST10940,2026-09-22,17,ATM Withdrawal,44.52,0,8.6,69,0
TXN209760,CUST11404,2026-08-25,9,Online Retail,385.14,0,30.8,881,0
TXN209761,CUST11135,2026-07-21,8,Dining,85.41,0,2.6,5,0
TXN209762,CUST10891,2026-07-09,8,Online Retail,141.38,0,12.2,267,0
TXN209763,CUST11163,2026-08-25,17,Fuel,181.26,1,1.5,391,0
TXN209764,CUST11985,2026-07-01,10,Online Retail,207.97,0,0.7,706,0
TXN209765,CUST12043,2026-07-16,13,Electronics,450.5,0,6.1,456,0
TXN209766,CUST11715,2026-07-14,10,Online Retail,88.92,0,3.7,63,0
TXN209767,CUST11632,2026-07-24,14,Dining,84.76,0,5.6,218,0
TXN209768,CUST11615,2026-09-17,13,Dining,33.26,0,11.7,46,0
TXN209769,CUST10998,2026-08-30,12,Dining,121.2,0,1.8,254,0
TXN209770,CUST11260,2026-07-10,14,Electronics,485.14,0,2.0,531,0
TXN209771,CUST11299,2026-07-22,6,Dining,98.34,0,7.5,42,0
TXN209772,CUST11559,2026-08-25,21,Electronics,84.65,0,16.7,622,0
TXN209773,CUST11611,2026-08-28,7,Dining,35.22,0,26.6,98,0
TXN209774,CUST10928,2026-07-15,12,ATM Withdrawal,91.39,0,21.2,665,0
TXN209775,CUST11218,2026-09-08,23,Online Retail,75.37,0,5.8,618,0
TXN209776,CUST12205,2026-07-22,16,Online Retail,178.73,0,4.8,385,0
TXN209777,CUST10424,2026-07-06,14,Electronics,328.05,0,5.6,5,0
TXN209778,CUST10052,2026-09-09,14,Dining,63.02,0,7.0,391,0
TXN209779,CUST10840,2026-08-04,15,Online Retail,61.99,0,2.4,374,0
TXN209780,CUST10362,2026-08-27,17,Dining,78.46,0,2.7,249,0
TXN209781,CUST10814,2026-07-31,21,Travel,910.47,0,8.4,1719,0
TXN209782,CUST10146,2026-08-03,16,Grocery,100.4,0,12.4,49,0
TXN209783,CUST11472,2026-09-20,10,Grocery,31.88,0,3.0,1612,0
TXN209784,CUST11257,2026-07-27,13,Travel,496.92,0,5.0,602,0
TXN209785,CUST10323,2026-07-29,9,Online Retail,301.23,1,18.8,482,0
TXN209786,CUST12310,2026-07-09,10,Dining,72.81,0,10.5,370,0
TXN209787,CUST10490,2026-09-09,12,Travel,762.62,0,19.0,140,0
TXN209788,CUST10034,2026-07-09,5,ATM Withdrawal,558.5,0,0.9,12,0
TXN209789,CUST12146,2026-09-14,19,Electronics,481.35,0,10.7,65,0
TXN209790,CUST12183,2026-07-06,14,Online Retail,84.23,0,8.1,656,0
TXN209791,CUST10747,2026-07-04,9,Online Retail,444.49,0,1.5,42,0
TXN209792,CUST12434,2026-09-24,0,Dining,100.15,0,11.7,1219,0
TXN209793,CUST10700,2026-08-11,14,Electronics,581.19,0,16.1,359,0
TXN209794,CUST10868,2026-08-31,12,Travel,1101.89,0,19.6,298,0
TXN209795,CUST11254,2026-09-12,20,Fuel,55.92,0,8.4,295,0
TXN209796,CUST10206,2026-09-25,23,Travel,330.35,0,10.2,509,0
TXN209797,CUST11897,2026-08-12,12,ATM Withdrawal,55.01,0,4.6,5,0
TXN209798,CUST11658,2026-09-22,16,Jewelry,843.79,0,24.5,126,0
TXN209799,CUST11961,2026-09-18,22,Dining,53.41,0,6.3,11,0
TXN209800,CUST10987,2026-08-08,14,Dining,21.47,0,2.0,78,0
TXN209801,CUST10196,2026-07-15,13,Grocery,22.16,0,3.5,32,0
TXN209802,CUST11315,2026-09-23,19,Grocery,45.56,0,15.4,409,0
TXN209803,CUST10160,2026-09-08,14,Fuel,60.92,0,3.6,122,0
TXN209804,CUST10519,2026-07-22,18,Grocery,108.8,1,2.4,138,0
TXN209805,CUST11887,2026-08-24,12,Dining,82.59,0,3.0,529,0
TXN209806,CUST10156,2026-09-02,5,Grocery,46.74,0,12.1,708,0
TXN209807,CUST10339,2026-08-07,15,Online Retail,120.69,0,2.8,344,0
TXN209808,CUST10891,2026-08-22,17,Fuel,141.11,0,13.7,827,0
TXN209809,CUST12281,2026-07-06,19,Travel,1059.01,0,7.9,371,0
TXN209810,CUST10317,2026-07-16,23,Travel,1159.09,0,15.7,355,0
TXN209811,CUST11323,2026-08-12,19,Online Retail,181.3,0,20.9,83,0
TXN209812,CUST11045,2026-06-29,17,Electronics,1533.16,0,4.7,19,0
TXN209813,CUST11522,2026-08-28,14,Dining,106.02,0,4.5,522,0
TXN209814,CUST11529,2026-08-03,7,ATM Withdrawal,234.45,0,7.7,155,0
TXN209815,CUST12472,2026-08-12,13,Electronics,846.19,0,26.7,5,0
TXN209816,CUST12296,2026-08-25,15,Grocery,43.35,0,0.9,501,0
TXN209817,CUST12265,2026-08-09,5,Fuel,46.4,0,2.2,205,0
TXN209818,CUST10761,2026-07-10,20,ATM Withdrawal,155.55,0,0.2,218,0
TXN209819,CUST12124,2026-07-19,10,Electronics,526.4,0,2.6,125,0
TXN209820,CUST10396,2026-07-01,16,ATM Withdrawal,116.96,0,16.4,140,0
TXN209821,CUST12344,2026-08-13,11,Electronics,162.39,0,2.8,179,0
TXN209822,CUST10943,2026-09-23,17,Fuel,36.49,0,2.9,360,0
TXN209823,CUST11801,2026-09-22,19,Dining,133.23,0,5.3,443,0
TXN209824,CUST10365,2026-08-31,15,Grocery,30.39,1,1.9,44,0
TXN209825,CUST10654,2026-08-23,17,Jewelry,616.94,0,4.6,2879,0
TXN209826,CUST10405,2026-09-04,18,Electronics,222.32,0,10.6,647,0
TXN209827,CUST10572,2026-08-25,12,Dining,25.93,0,1.4,1137,0
TXN209828,CUST12344,2026-06-29,15,Online Retail,170.92,0,14.4,14,0
TXN209829,CUST11775,2026-08-21,18,Travel,1244.71,0,15.1,261,0
TXN209830,CUST11547,2026-09-24,16,Dining,35.16,0,21.5,54,0
TXN209831,CUST10853,2026-08-04,14,Travel,276.83,0,2.0,152,0
TXN209832,CUST11758,2026-09-02,12,Dining,144.67,0,1.6,583,0
TXN209833,CUST12173,2026-09-22,21,Jewelry,395.69,0,6.4,697,0
TXN209834,CUST12062,2026-08-13,16,Online Retail,88.48,0,18.4,375,0
TXN209835,CUST11374,2026-09-23,18,Dining,123.15,0,7.8,755,0
TXN209836,CUST12061,2026-07-08,3,Travel,387.75,0,7.9,22,0
TXN209837,CUST11266,2026-07-16,11,Grocery,31.4,0,0.3,27,0
TXN209838,CUST10605,2026-08-18,7,Online Retail,129.02,1,3.2,30,0
TXN209839,CUST10415,2026-09-26,12,Electronics,344.42,0,1.6,48,0
TXN209840,CUST10969,2026-09-07,19,Grocery,38.41,0,4.1,104,0
TXN209841,CUST11686,2026-07-27,20,Grocery,20.89,0,9.5,310,0
TXN209842,CUST11920,2026-08-13,17,Online Retail,200.31,0,4.1,428,0
TXN209843,CUST11561,2026-07-13,6,Grocery,23.28,0,5.4,654,0
TXN209844,CUST11687,2026-08-31,15,Electronics,137.58,0,6.6,423,0
TXN209845,CUST12267,2026-07-16,11,Online Retail,168.39,0,4.1,333,0
TXN209846,CUST10144,2026-08-29,18,Dining,57.39,0,1.5,201,0
TXN209847,CUST10379,2026-07-15,17,Grocery,35.28,1,10.0,262,0
TXN209848,CUST10869,2026-07-04,9,Online Retail,165.08,0,1.1,5,0
TXN209849,CUST10965,2026-08-09,18,Dining,132.82,1,4.7,415,0
TXN209850,CUST10543,2026-09-02,13,Grocery,22.32,0,15.9,766,0
TXN209851,CUST11173,2026-09-24,17,Electronics,350.02,0,2.2,255,0
TXN209852,CUST12101,2026-07-23,19,Dining,20.21,0,5.2,733,0
TXN209853,CUST10477,2026-07-15,10,Grocery,16.83,0,2.0,590,0
TXN209854,CUST11477,2026-07-31,17,Dining,47.48,0,2.4,721,0
TXN209855,CUST11901,2026-08-21,12,Online Retail,62.69,0,9.1,91,0
TXN209856,CUST10875,2026-09-22,18,Fuel,34.24,1,21.4,449,0
TXN209857,CUST11008,2026-09-14,3,Jewelry,3057.3,0,0.3,268,1
TXN209858,CUST10270,2026-09-18,17,Grocery,31.23,1,20.8,153,0
TXN209859,CUST10949,2026-07-29,12,Grocery,67.77,0,3.6,296,0
TXN209860,CUST12006,2026-07-13,13,Online Retail,240.83,0,1.0,204,0
TXN209861,CUST11249,2026-08-27,9,Grocery,22.99,0,1.6,102,0
TXN209862,CUST10661,2026-09-09,17,Dining,55.81,0,3.3,621,0
TXN209863,CUST10082,2026-07-24,11,Online Retail,97.48,0,0.6,297,0
TXN209864,CUST10656,2026-07-18,8,Dining,229.02,1,1.3,154,0
TXN209865,CUST11281,2026-09-07,23,Fuel,137.57,0,34.2,602,0
TXN209866,CUST10755,2026-09-13,12,Dining,17.07,0,20.8,1117,0
TXN209867,CUST12336,2026-07-30,9,Grocery,35.86,0,1.6,463,0
TXN209868,CUST11200,2026-07-23,16,Grocery,42.37,0,0.2,56,0
TXN209869,CUST12215,2026-07-14,18,Grocery,31.01,1,14.4,41,0
TXN209870,CUST10837,2026-07-13,13,Grocery,214.8,0,22.2,301,0
TXN209871,CUST10798,2026-08-22,18,Electronics,310.9,0,21.9,260,0
TXN209872,CUST10345,2026-07-26,10,Grocery,35.77,0,3.5,595,0
TXN209873,CUST11873,2026-09-24,12,Dining,58.83,0,1.1,146,0
TXN209874,CUST12332,2026-09-17,13,ATM Withdrawal,425.6,0,1.5,36,0
TXN209875,CUST10972,2026-08-27,12,Grocery,16.86,0,8.7,37,0
TXN209876,CUST10967,2026-07-08,16,Fuel,60.53,1,3.7,171,0
TXN209877,CUST11444,2026-09-18,18,Dining,26.32,0,7.4,317,0
TXN209878,CUST12386,2026-07-04,11,Dining,20.85,0,3.2,703,0
TXN209879,CUST10857,2026-06-29,10,Fuel,74.14,0,12.1,46,0
TXN209880,CUST11107,2026-07-19,13,Grocery,52.51,0,8.1,373,0
TXN209881,CUST10368,2026-09-01,9,Online Retail,134.43,0,4.4,382,0
TXN209882,CUST10689,2026-09-04,13,Grocery,264.26,0,2.5,432,0
TXN209883,CUST11148,2026-09-11,12,Online Retail,42.69,0,1.8,282,0
TXN209884,CUST10715,2026-08-18,20,ATM Withdrawal,193.62,0,2.2,679,0
TXN209885,CUST11862,2026-08-02,6,Electronics,121.38,0,4.3,495,0
TXN209886,CUST11083,2026-09-11,9,Dining,109.97,1,2.0,1626,1
TXN209887,CUST12378,2026-08-25,11,ATM Withdrawal,283.02,0,1.8,596,0
TXN209888,CUST11797,2026-07-20,13,Grocery,45.79,0,2.0,195,0
TXN209889,CUST11098,2026-07-01,10,Fuel,17.52,0,5.1,348,0
TXN209890,CUST12400,2026-07-05,16,Dining,39.83,0,3.1,356,0
TXN209891,CUST12129,2026-07-01,16,Online Retail,86.96,0,6.5,727,0
TXN209892,CUST10846,2026-09-26,9,Grocery,30.41,0,3.7,107,0
TXN209893,CUST10808,2026-08-22,9,Online Retail,109.44,0,5.2,330,0
TXN209894,CUST10003,2026-07-24,8,Fuel,90.58,0,0.3,383,0
TXN209895,CUST11969,2026-09-19,19,Online Retail,74.39,0,13.5,623,0
TXN209896,CUST11238,2026-08-22,16,Online Retail,172.51,0,1.0,307,0
TXN209897,CUST10102,2026-07-29,16,Dining,62.22,0,6.2,21,0
TXN209898,CUST12204,2026-07-02,23,Grocery,47.55,0,6.3,793,0
TXN209899,CUST12386,2026-09-26,14,Online Retail,335.2,0,3.8,1080,0
TXN209900,CUST12315,2026-09-21,12,Grocery,76.88,0,0.6,396,0
TXN209901,CUST11106,2026-09-14,7,Electronics,314.35,0,9.1,497,0
TXN209902,CUST12408,2026-09-14,17,Electronics,159.72,0,0.6,775,0
TXN209903,CUST10852,2026-08-13,13,Online Retail,543.61,0,7.5,63,0
TXN209904,CUST10377,2026-07-01,14,Grocery,11.58,0,15.4,131,0
TXN209905,CUST12488,2026-07-04,23,Dining,140.25,0,2.1,44,0
TXN209906,CUST12350,2026-08-03,15,Travel,669.36,0,9.7,254,0
TXN209907,CUST12126,2026-07-02,12,Dining,130.64,0,1.3,321,0
TXN209908,CUST12347,2026-08-09,13,Grocery,53.76,1,14.1,7,0
TXN209909,CUST11830,2026-08-28,16,Online Retail,167.26,0,11.4,95,0
TXN209910,CUST11276,2026-08-05,14,Travel,1223.05,0,0.6,923,0
TXN209911,CUST11842,2026-09-20,19,Grocery,56.24,0,1.8,335,0
TXN209912,CUST10394,2026-07-08,17,Grocery,15.17,0,0.5,174,0
TXN209913,CUST11093,2026-08-08,11,Fuel,135.1,0,2.0,484,0
TXN209914,CUST11088,2026-09-08,16,Online Retail,266.54,0,21.4,363,0
TXN209915,CUST10658,2026-07-05,13,Grocery,33.87,1,1.9,643,0
TXN209916,CUST10204,2026-08-17,23,Dining,49.32,0,0.9,445,0
TXN209917,CUST10963,2026-09-07,8,Online Retail,140.71,0,6.9,281,0
TXN209918,CUST12012,2026-09-18,11,Electronics,271.1,0,9.4,345,0
TXN209919,CUST10045,2026-09-19,6,Dining,42.47,0,0.2,433,0
TXN209920,CUST12474,2026-09-01,13,Electronics,946.05,0,13.2,561,0
TXN209921,CUST10445,2026-09-01,13,Online Retail,54.8,0,3.8,25,0
TXN209922,CUST10520,2026-09-13,9,Online Retail,64.75,0,10.3,92,0
TXN209923,CUST10764,2026-09-03,17,Electronics,456.79,0,4.2,472,0
TXN209924,CUST11167,2026-07-11,11,Dining,56.49,0,2.0,118,0
TXN209925,CUST12204,2026-08-24,18,Online Retail,233.79,0,3.3,89,0
TXN209926,CUST11696,2026-08-10,13,Dining,84.93,0,6.7,200,0
TXN209927,CUST10715,2026-08-29,11,Online Retail,87.93,0,16.8,367,0
TXN209928,CUST10086,2026-07-17,13,Online Retail,110.12,0,8.0,118,0
TXN209929,CUST11205,2026-08-07,11,Grocery,36.34,0,5.3,301,0
TXN209930,CUST10924,2026-07-13,22,Dining,30.82,0,1.9,153,0
TXN209931,CUST10603,2026-09-17,17,Fuel,76.73,0,3.5,218,0
TXN209932,CUST10796,2026-08-28,18,Grocery,11.9,0,0.0,492,0
TXN209933,CUST10920,2026-08-19,18,Grocery,31.0,0,11.2,179,0
TXN209934,CUST10648,2026-08-09,14,Online Retail,148.58,0,6.9,1102,0
TXN209935,CUST10480,2026-07-11,14,Electronics,498.58,0,1.3,22,0
TXN209936,CUST11214,2026-08-10,18,Travel,764.02,1,4.5,748,0
TXN209937,CUST10861,2026-08-22,16,Online Retail,123.83,0,29.9,491,0
TXN209938,CUST10994,2026-09-17,17,Online Retail,83.41,0,19.7,12,0
TXN209939,CUST10145,2026-08-28,12,Online Retail,35.97,0,5.2,206,0
TXN209940,CUST10918,2026-09-23,7,Fuel,24.35,0,10.1,889,0
TXN209941,CUST11877,2026-07-07,14,Electronics,317.27,0,1.0,363,0
TXN209942,CUST11919,2026-08-03,18,Fuel,16.64,0,3.3,423,0
TXN209943,CUST10879,2026-09-21,18,Electronics,192.48,0,28.5,117,0
TXN209944,CUST11762,2026-09-04,21,Electronics,138.67,0,2.3,640,0
TXN209945,CUST10610,2026-07-23,6,Grocery,33.71,0,5.6,283,0
TXN209946,CUST10258,2026-09-02,11,Grocery,27.78,0,5.1,262,0
TXN209947,CUST11501,2026-07-01,0,Fuel,53.15,0,1.3,1988,0
TXN209948,CUST11679,2026-07-20,16,Online Retail,201.46,0,24.2,1409,0
TXN209949,CUST11934,2026-09-13,8,Online Retail,44.02,0,0.5,490,0
TXN209950,CUST11388,2026-09-05,11,Dining,83.72,0,30.8,22,0
TXN209951,CUST12057,2026-08-02,13,Fuel,41.65,0,1.0,81,0
TXN209952,CUST10667,2026-08-05,10,Grocery,21.56,0,0.8,51,0
TXN209953,CUST10363,2026-07-23,16,Online Retail,76.44,1,2.8,257,0
TXN209954,CUST11436,2026-07-25,9,ATM Withdrawal,259.48,0,5.7,80,0
TXN209955,CUST12196,2026-06-30,17,Dining,121.16,0,3.3,427,0
TXN209956,CUST10620,2026-09-24,15,Grocery,39.44,0,3.0,706,0
TXN209957,CUST10627,2026-07-28,16,Electronics,485.24,0,4.7,536,0
TXN209958,CUST12110,2026-09-14,11,Online Retail,208.63,0,7.2,34,0
TXN209959,CUST11820,2026-08-24,2,Grocery,45.29,0,8.2,868,0
TXN209960,CUST11618,2026-07-31,3,Grocery,38.16,0,1.9,753,0
TXN209961,CUST12022,2026-09-02,13,ATM Withdrawal,89.31,0,17.9,300,0
TXN209962,CUST11191,2026-08-03,18,Dining,149.19,0,7.9,49,0
TXN209963,CUST11922,2026-08-21,11,Dining,38.76,0,3.5,82,0
TXN209964,CUST11119,2026-07-05,14,Grocery,17.97,0,4.1,786,0
TXN209965,CUST11424,2026-08-10,19,Dining,39.9,0,6.7,53,0
TXN209966,CUST12336,2026-08-13,10,Dining,54.03,0,2.0,232,0
TXN209967,CUST12293,2026-08-31,13,Fuel,66.96,0,1.2,116,0
TXN209968,CUST12493,2026-09-24,20,Electronics,127.98,0,22.9,436,0
TXN209969,CUST12286,2026-08-19,10,Dining,13.54,0,2.2,290,0
TXN209970,CUST11759,2026-08-08,18,Online Retail,167.23,0,1.8,373,0
TXN209971,CUST10377,2026-07-21,14,Online Retail,105.25,0,2.5,124,0
TXN209972,CUST10961,2026-08-23,2,Grocery,17.15,0,2.9,15,0
TXN209973,CUST10038,2026-08-17,21,Grocery,76.92,0,1.0,126,0
TXN209974,CUST12082,2026-07-14,13,Fuel,67.35,0,3.4,715,0
TXN209975,CUST11742,2026-07-21,15,Fuel,94.92,0,10.5,89,0
TXN209976,CUST10512,2026-08-07,18,Grocery,10.99,0,5.4,240,0
TXN209977,CUST11643,2026-08-17,16,Online Retail,129.49,0,13.1,432,0
TXN209978,CUST10477,2026-08-11,12,Fuel,52.52,0,4.7,193,0
TXN209979,CUST10582,2026-08-11,14,Dining,30.98,0,19.3,375,0
TXN209980,CUST12322,2026-08-15,17,Grocery,50.17,0,4.9,584,0
TXN209981,CUST10324,2026-08-19,23,Dining,30.31,0,0.6,51,0
TXN209982,CUST11810,2026-08-31,12,Grocery,60.2,0,0.1,159,0
TXN209983,CUST11924,2026-08-10,7,Grocery,126.47,0,6.9,113,0
TXN209984,CUST11422,2026-09-26,14,Online Retail,211.22,0,14.7,335,0
TXN209985,CUST11710,2026-07-29,13,Online Retail,148.05,0,1.5,259,0
TXN209986,CUST10784,2026-07-21,19,Fuel,22.74,0,0.2,416,0
TXN209987,CUST11470,2026-09-22,22,Grocery,47.81,0,8.8,1259,0
TXN209988,CUST10679,2026-07-14,12,Grocery,21.58,0,11.4,124,0
TXN209989,CUST10342,2026-09-13,14,Grocery,35.24,0,17.0,348,0
TXN209990,CUST10370,2026-09-14,22,Grocery,21.52,0,5.2,344,0
TXN209991,CUST11915,2026-09-16,10,Fuel,50.1,0,3.5,1393,0
TXN209992,CUST11950,2026-08-27,1,Grocery,36.42,0,1.2,205,0
TXN209993,CUST12334,2026-07-17,17,Grocery,40.44,0,2.6,1698,0
TXN209994,CUST11951,2026-09-11,18,Fuel,54.71,0,34.8,44,0
TXN209995,CUST12043,2026-07-29,17,Travel,436.43,0,1.5,16,0
TXN209996,CUST11275,2026-08-18,9,Online Retail,233.82,0,12.4,92,0
TXN209997,CUST10777,2026-09-16,7,Online Retail,100.59,0,4.0,40,0
TXN209998,CUST10101,2026-08-03,17,Travel,276.18,0,0.1,131,0
TXN209999,CUST12441,2026-07-03,11,Fuel,83.79,0,11.1,41,0
